num_nodes,num_colors,edge_prob,num_samples,Algorithm,SHD,CHD
8,4,0.8,1000,MCMC,19,2
8,4,0.8,500,MCMC,24,4
8,4,0.8,100,MCMC,18,3
8,2,0.8,1000,MCMC,29,6
8,2,0.8,500,MCMC,33,6
8,2,0.8,100,MCMC,14,4
8,4,0.6,1000,MCMC,11,1
8,4,0.6,500,MCMC,11,2
8,4,0.6,100,MCMC,14,2
8,2,0.6,1000,MCMC,16,3
8,2,0.6,500,MCMC,10,2
8,2,0.6,100,MCMC,16,5
8,4,0.4,1000,MCMC,6,3
8,4,0.4,500,MCMC,10,4
8,4,0.4,100,MCMC,13,4
8,2,0.4,1000,MCMC,9,1
8,2,0.4,500,MCMC,9,3
8,2,0.4,100,MCMC,6,3
8,4,0.2,1000,MCMC,9,1
8,4,0.2,500,MCMC,9,2
8,4,0.2,100,MCMC,6,2
8,2,0.2,1000,MCMC,7,5
8,2,0.2,500,MCMC,8,3
8,2,0.2,100,MCMC,5,4
5,2,0.8,1000,MCMC,1,1
5,2,0.8,500,MCMC,8,3
5,2,0.8,100,MCMC,6,1
5,2,0.8,1000,MCMC,1,0
5,2,0.8,500,MCMC,1,0
5,2,0.8,100,MCMC,5,1
5,2,0.6,1000,MCMC,0,2
5,2,0.6,500,MCMC,1,0
5,2,0.6,100,MCMC,0,0
5,2,0.6,1000,MCMC,2,0
5,2,0.6,500,MCMC,1,0
5,2,0.6,100,MCMC,3,0
5,2,0.4,1000,MCMC,0,1
5,2,0.4,500,MCMC,1,0
5,2,0.4,100,MCMC,2,0
5,2,0.4,1000,MCMC,0,1
5,2,0.4,500,MCMC,2,0
5,2,0.4,100,MCMC,0,0
5,2,0.2,1000,MCMC,3,0
5,2,0.2,500,MCMC,1,0
5,2,0.2,100,MCMC,2,0
5,2,0.2,1000,MCMC,0,0
5,2,0.2,500,MCMC,1,0
5,2,0.2,100,MCMC,3,1
8,4,0.8,1000,MCMC,34,4
8,4,0.8,500,MCMC,26,4
8,4,0.8,100,MCMC,16,4
8,2,0.8,1000,MCMC,34,5
8,2,0.8,500,MCMC,31,4
8,2,0.8,100,MCMC,23,5
8,4,0.6,1000,MCMC,18,3
8,4,0.6,500,MCMC,32,4
8,4,0.6,100,MCMC,16,2
8,2,0.6,1000,MCMC,19,6
8,2,0.6,500,MCMC,18,4
8,2,0.6,100,MCMC,14,4
8,4,0.4,1000,MCMC,13,3
8,4,0.4,500,MCMC,19,3
8,4,0.4,100,MCMC,16,3
8,2,0.4,1000,MCMC,6,4
8,2,0.4,500,MCMC,10,2
8,2,0.4,100,MCMC,11,4
8,4,0.2,1000,MCMC,8,1
8,4,0.2,500,MCMC,8,0
8,4,0.2,100,MCMC,8,2
8,2,0.2,1000,MCMC,7,1
8,2,0.2,500,MCMC,6,2
8,2,0.2,100,MCMC,4,4
5,2,0.8,1000,MCMC,1,0
5,2,0.8,500,MCMC,1,0
5,2,0.8,100,MCMC,1,2
5,2,0.8,1000,MCMC,8,1
5,2,0.8,500,MCMC,3,2
5,2,0.8,100,MCMC,3,2
5,2,0.6,1000,MCMC,1,0
5,2,0.6,500,MCMC,1,0
5,2,0.6,100,MCMC,1,0
5,2,0.6,1000,MCMC,3,2
5,2,0.6,500,MCMC,1,2
5,2,0.6,100,MCMC,1,1
5,2,0.4,1000,MCMC,3,2
5,2,0.4,500,MCMC,0,1
5,2,0.4,100,MCMC,2,1
5,2,0.4,1000,MCMC,2,0
5,2,0.4,500,MCMC,0,1
5,2,0.4,100,MCMC,1,1
5,2,0.2,1000,MCMC,0,0
5,2,0.2,500,MCMC,1,0
5,2,0.2,100,MCMC,1,0
5,2,0.2,1000,MCMC,0,1
5,2,0.2,500,MCMC,1,1
5,2,0.2,100,MCMC,2,1
8,4,0.8,1000,MCMC,20,4
8,4,0.8,500,MCMC,23,4
8,4,0.8,100,MCMC,22,3
8,2,0.8,1000,MCMC,35,6
8,2,0.8,500,MCMC,33,4
8,2,0.8,100,MCMC,15,5
8,4,0.6,1000,MCMC,23,3
8,4,0.6,500,MCMC,12,2
8,4,0.6,100,MCMC,12,2
8,2,0.6,1000,MCMC,8,2
8,2,0.6,500,MCMC,8,3
8,2,0.6,100,MCMC,10,2
8,4,0.4,1000,MCMC,11,3
8,4,0.4,500,MCMC,12,4
8,4,0.4,100,MCMC,10,2
8,2,0.4,1000,MCMC,10,5
8,2,0.4,500,MCMC,15,4
8,2,0.4,100,MCMC,12,4
8,4,0.2,1000,MCMC,8,2
8,4,0.2,500,MCMC,7,2
8,4,0.2,100,MCMC,7,3
8,2,0.2,1000,MCMC,6,4
8,2,0.2,500,MCMC,5,4
8,2,0.2,100,MCMC,10,4
5,2,0.8,1000,MCMC,1,1
5,2,0.8,500,MCMC,2,0
5,2,0.8,100,MCMC,7,1
5,2,0.8,1000,MCMC,0,0
5,2,0.8,500,MCMC,1,1
5,2,0.8,100,MCMC,3,1
5,2,0.6,1000,MCMC,2,0
5,2,0.6,500,MCMC,1,0
5,2,0.6,100,MCMC,3,0
5,2,0.6,1000,MCMC,11,2
5,2,0.6,500,MCMC,2,2
5,2,0.6,100,MCMC,13,3
5,2,0.4,1000,MCMC,1,0
5,2,0.4,500,MCMC,1,0
5,2,0.4,100,MCMC,2,0
5,2,0.4,1000,MCMC,0,2
5,2,0.4,500,MCMC,5,1
5,2,0.4,100,MCMC,4,0
5,2,0.2,1000,MCMC,1,0
5,2,0.2,500,MCMC,1,0
5,2,0.2,100,MCMC,1,0
5,2,0.2,1000,MCMC,0,0
5,2,0.2,500,MCMC,3,0
5,2,0.2,100,MCMC,2,1
8,4,0.8,1000,MCMC,33,4
8,4,0.8,500,MCMC,24,4
8,4,0.8,100,MCMC,13,2
8,2,0.8,1000,MCMC,23,5
8,2,0.8,500,MCMC,21,5
8,2,0.8,100,MCMC,19,5
8,4,0.6,1000,MCMC,16,3
8,4,0.6,500,MCMC,10,2
8,4,0.6,100,MCMC,19,3
8,2,0.6,1000,MCMC,15,4
8,2,0.6,500,MCMC,15,5
8,2,0.6,100,MCMC,17,5
8,4,0.4,1000,MCMC,8,3
8,4,0.4,500,MCMC,7,3
8,4,0.4,100,MCMC,8,2
8,2,0.4,1000,MCMC,19,5
8,2,0.4,500,MCMC,7,2
8,2,0.4,100,MCMC,11,4
8,4,0.2,1000,MCMC,7,1
8,4,0.2,500,MCMC,9,0
8,4,0.2,100,MCMC,7,3
8,2,0.2,1000,MCMC,9,3
8,2,0.2,500,MCMC,5,4
8,2,0.2,100,MCMC,9,1
5,2,0.8,1000,MCMC,0,1
5,2,0.8,500,MCMC,1,2
5,2,0.8,100,MCMC,8,1
5,2,0.8,1000,MCMC,0,1
5,2,0.8,500,MCMC,9,1
5,2,0.8,100,MCMC,7,0
5,2,0.6,1000,MCMC,11,2
5,2,0.6,500,MCMC,0,0
5,2,0.6,100,MCMC,1,0
5,2,0.6,1000,MCMC,3,0
5,2,0.6,500,MCMC,2,0
5,2,0.6,100,MCMC,5,0
5,2,0.4,1000,MCMC,8,2
5,2,0.4,500,MCMC,4,2
5,2,0.4,100,MCMC,8,1
5,2,0.4,1000,MCMC,0,0
5,2,0.4,500,MCMC,1,0
5,2,0.4,100,MCMC,2,0
5,2,0.2,1000,MCMC,0,2
5,2,0.2,500,MCMC,1,0
5,2,0.2,100,MCMC,1,1
5,2,0.2,1000,MCMC,2,2
5,2,0.2,500,MCMC,1,2
5,2,0.2,100,MCMC,1,2
8,4,0.8,1000,MCMC,18,1
8,4,0.8,500,MCMC,19,4
8,4,0.8,100,MCMC,23,2
8,2,0.8,1000,MCMC,28,6
8,2,0.8,500,MCMC,21,3
8,2,0.8,100,MCMC,25,5
8,4,0.6,1000,MCMC,23,4
8,4,0.6,500,MCMC,18,3
8,4,0.6,100,MCMC,21,3
8,2,0.6,1000,MCMC,14,5
8,2,0.6,500,MCMC,13,5
8,2,0.6,100,MCMC,7,4
8,4,0.4,1000,MCMC,5,2
8,4,0.4,500,MCMC,10,3
8,4,0.4,100,MCMC,13,3
8,2,0.4,1000,MCMC,6,3
8,2,0.4,500,MCMC,5,1
8,2,0.4,100,MCMC,7,2
8,4,0.2,1000,MCMC,6,4
8,4,0.2,500,MCMC,14,3
8,4,0.2,100,MCMC,14,4
8,2,0.2,1000,MCMC,8,3
8,2,0.2,500,MCMC,10,5
8,2,0.2,100,MCMC,14,3
5,2,0.8,1000,MCMC,12,1
5,2,0.8,500,MCMC,3,0
5,2,0.8,100,MCMC,4,0
5,2,0.8,1000,MCMC,0,2
5,2,0.8,500,MCMC,4,2
5,2,0.8,100,MCMC,3,2
5,2,0.6,1000,MCMC,0,1
5,2,0.6,500,MCMC,12,2
5,2,0.6,100,MCMC,7,2
5,2,0.6,1000,MCMC,4,2
5,2,0.6,500,MCMC,5,2
5,2,0.6,100,MCMC,9,3
5,2,0.4,1000,MCMC,5,2
5,2,0.4,500,MCMC,0,0
5,2,0.4,100,MCMC,2,1
5,2,0.4,1000,MCMC,0,1
5,2,0.4,500,MCMC,1,0
5,2,0.4,100,MCMC,3,0
5,2,0.2,1000,MCMC,2,0
5,2,0.2,500,MCMC,2,0
5,2,0.2,100,MCMC,1,1
5,2,0.2,1000,MCMC,1,0
5,2,0.2,500,MCMC,1,0
5,2,0.2,100,MCMC,2,0
8,4,0.8,1000,MCMC,22,3
8,4,0.8,500,MCMC,21,3
8,4,0.8,100,MCMC,15,2
8,2,0.8,1000,MCMC,24,5
8,2,0.8,500,MCMC,19,5
8,2,0.8,100,MCMC,14,3
8,4,0.6,1000,MCMC,15,4
8,4,0.6,500,MCMC,13,4
8,4,0.6,100,MCMC,22,3
8,2,0.6,1000,MCMC,11,4
8,2,0.6,500,MCMC,17,5
8,2,0.6,100,MCMC,5,4
8,4,0.4,1000,MCMC,7,2
8,4,0.4,500,MCMC,6,1
8,4,0.4,100,MCMC,15,4
8,2,0.4,1000,MCMC,9,1
8,2,0.4,500,MCMC,6,4
8,2,0.4,100,MCMC,7,2
8,4,0.2,1000,MCMC,7,1
8,4,0.2,500,MCMC,11,3
8,4,0.2,100,MCMC,7,1
8,2,0.2,1000,MCMC,6,1
8,2,0.2,500,MCMC,10,4
8,2,0.2,100,MCMC,7,4
5,2,0.8,1000,MCMC,0,0
5,2,0.8,500,MCMC,0,1
5,2,0.8,100,MCMC,9,3
5,2,0.8,1000,MCMC,5,2
5,2,0.8,500,MCMC,2,1
5,2,0.8,100,MCMC,9,2
5,2,0.6,1000,MCMC,1,2
5,2,0.6,500,MCMC,4,0
5,2,0.6,100,MCMC,5,1
5,2,0.6,1000,MCMC,3,1
5,2,0.6,500,MCMC,0,2
5,2,0.6,100,MCMC,6,2
5,2,0.4,1000,MCMC,0,0
5,2,0.4,500,MCMC,1,0
5,2,0.4,100,MCMC,2,0
5,2,0.4,1000,MCMC,2,2
5,2,0.4,500,MCMC,2,0
5,2,0.4,100,MCMC,4,1
5,2,0.2,1000,MCMC,2,2
5,2,0.2,500,MCMC,0,0
5,2,0.2,100,MCMC,0,0
5,2,0.2,1000,MCMC,0,1
5,2,0.2,500,MCMC,1,1
5,2,0.2,100,MCMC,0,1
8,4,0.8,1000,MCMC,25,4
8,4,0.8,500,MCMC,17,3
8,4,0.8,100,MCMC,23,4
8,2,0.8,1000,MCMC,13,4
8,2,0.8,500,MCMC,27,5
8,2,0.8,100,MCMC,10,3
8,4,0.6,1000,MCMC,15,4
8,4,0.6,500,MCMC,10,3
8,4,0.6,100,MCMC,8,2
8,2,0.6,1000,MCMC,11,2
8,2,0.6,500,MCMC,12,5
8,2,0.6,100,MCMC,8,5
8,4,0.4,1000,MCMC,12,2
8,4,0.4,500,MCMC,14,3
8,4,0.4,100,MCMC,17,3
8,2,0.4,1000,MCMC,15,4
8,2,0.4,500,MCMC,8,4
8,2,0.4,100,MCMC,8,3
8,4,0.2,1000,MCMC,11,3
8,4,0.2,500,MCMC,8,3
8,4,0.2,100,MCMC,7,2
8,2,0.2,1000,MCMC,7,3
8,2,0.2,500,MCMC,6,3
8,2,0.2,100,MCMC,10,4
5,2,0.8,1000,MCMC,3,2
5,2,0.8,500,MCMC,3,2
5,2,0.8,100,MCMC,10,2
5,2,0.8,1000,MCMC,9,3
5,2,0.8,500,MCMC,0,1
5,2,0.8,100,MCMC,4,0
5,2,0.6,1000,MCMC,2,0
5,2,0.6,500,MCMC,2,1
5,2,0.6,100,MCMC,2,0
5,2,0.6,1000,MCMC,1,0
5,2,0.6,500,MCMC,1,1
5,2,0.6,100,MCMC,1,2
5,2,0.4,1000,MCMC,3,3
5,2,0.4,500,MCMC,2,0
5,2,0.4,100,MCMC,4,1
5,2,0.4,1000,MCMC,0,1
5,2,0.4,500,MCMC,8,2
5,2,0.4,100,MCMC,1,0
5,2,0.2,1000,MCMC,1,0
5,2,0.2,500,MCMC,2,0
5,2,0.2,100,MCMC,2,1
5,2,0.2,1000,MCMC,1,0
5,2,0.2,500,MCMC,1,0
5,2,0.2,100,MCMC,0,1
8,4,0.8,1000,MCMC,27,4
8,4,0.8,500,MCMC,21,4
8,4,0.8,100,MCMC,18,4
8,2,0.8,1000,MCMC,25,6
8,2,0.8,500,MCMC,17,5
8,2,0.8,100,MCMC,20,4
8,4,0.6,1000,MCMC,10,2
8,4,0.6,500,MCMC,14,2
8,4,0.6,100,MCMC,21,3
8,2,0.6,1000,MCMC,8,1
8,2,0.6,500,MCMC,21,5
8,2,0.6,100,MCMC,7,3
8,4,0.4,1000,MCMC,9,2
8,4,0.4,500,MCMC,13,2
8,4,0.4,100,MCMC,14,2
8,2,0.4,1000,MCMC,6,4
8,2,0.4,500,MCMC,10,2
8,2,0.4,100,MCMC,13,2
8,4,0.2,1000,MCMC,5,2
8,4,0.2,500,MCMC,9,2
8,4,0.2,100,MCMC,12,4
8,2,0.2,1000,MCMC,5,3
8,2,0.2,500,MCMC,5,3
8,2,0.2,100,MCMC,3,3
5,2,0.8,1000,MCMC,9,2
5,2,0.8,500,MCMC,0,0
5,2,0.8,100,MCMC,10,1
5,2,0.8,1000,MCMC,5,2
5,2,0.8,500,MCMC,3,2
5,2,0.8,100,MCMC,5,2
5,2,0.6,1000,MCMC,1,0
5,2,0.6,500,MCMC,0,1
5,2,0.6,100,MCMC,1,0
5,2,0.6,1000,MCMC,10,2
5,2,0.6,500,MCMC,8,2
5,2,0.6,100,MCMC,9,1
5,2,0.4,1000,MCMC,2,1
5,2,0.4,500,MCMC,4,0
5,2,0.4,100,MCMC,2,0
5,2,0.4,1000,MCMC,2,1
5,2,0.4,500,MCMC,4,1
5,2,0.4,100,MCMC,3,0
5,2,0.2,1000,MCMC,0,1
5,2,0.2,500,MCMC,0,1
5,2,0.2,100,MCMC,3,0
5,2,0.2,1000,MCMC,0,0
5,2,0.2,500,MCMC,0,0
5,2,0.2,100,MCMC,2,1
8,4,0.8,1000,MCMC,18,2
8,4,0.8,500,MCMC,19,5
8,4,0.8,100,MCMC,19,5
8,2,0.8,1000,MCMC,20,4
8,2,0.8,500,MCMC,27,3
8,2,0.8,100,MCMC,13,4
8,4,0.6,1000,MCMC,21,5
8,4,0.6,500,MCMC,15,4
8,4,0.6,100,MCMC,14,3
8,2,0.6,1000,MCMC,35,6
8,2,0.6,500,MCMC,30,6
8,2,0.6,100,MCMC,19,3
8,4,0.4,1000,MCMC,16,4
8,4,0.4,500,MCMC,9,3
8,4,0.4,100,MCMC,11,3
8,2,0.4,1000,MCMC,8,1
8,2,0.4,500,MCMC,8,4
8,2,0.4,100,MCMC,24,3
8,4,0.2,1000,MCMC,6,2
8,4,0.2,500,MCMC,13,4
8,4,0.2,100,MCMC,10,2
8,2,0.2,1000,MCMC,5,3
8,2,0.2,500,MCMC,6,2
8,2,0.2,100,MCMC,5,4
5,2,0.8,1000,MCMC,4,2
5,2,0.8,500,MCMC,3,0
5,2,0.8,100,MCMC,2,1
5,2,0.8,1000,MCMC,1,1
5,2,0.8,500,MCMC,0,2
5,2,0.8,100,MCMC,5,2
5,2,0.6,1000,MCMC,4,1
5,2,0.6,500,MCMC,3,2
5,2,0.6,100,MCMC,10,2
5,2,0.6,1000,MCMC,2,1
5,2,0.6,500,MCMC,4,0
5,2,0.6,100,MCMC,5,1
5,2,0.4,1000,MCMC,1,0
5,2,0.4,500,MCMC,1,1
5,2,0.4,100,MCMC,4,1
5,2,0.4,1000,MCMC,3,0
5,2,0.4,500,MCMC,6,1
5,2,0.4,100,MCMC,4,0
5,2,0.2,1000,MCMC,1,1
5,2,0.2,500,MCMC,1,0
5,2,0.2,100,MCMC,1,1
5,2,0.2,1000,MCMC,0,1
5,2,0.2,500,MCMC,1,0
5,2,0.2,100,MCMC,1,1
8,4,0.8,1000,MCMC,20,2
8,4,0.8,500,MCMC,24,4
8,4,0.8,100,MCMC,23,4
8,2,0.8,1000,MCMC,23,4
8,2,0.8,500,MCMC,27,5
8,2,0.8,100,MCMC,21,5
8,4,0.6,1000,MCMC,7,3
8,4,0.6,500,MCMC,15,4
8,4,0.6,100,MCMC,21,4
8,2,0.6,1000,MCMC,18,5
8,2,0.6,500,MCMC,24,5
8,2,0.6,100,MCMC,11,4
8,4,0.4,1000,MCMC,18,4
8,4,0.4,500,MCMC,22,4
8,4,0.4,100,MCMC,14,4
8,2,0.4,1000,MCMC,11,3
8,2,0.4,500,MCMC,13,5
8,2,0.4,100,MCMC,4,3
8,4,0.2,1000,MCMC,5,3
8,4,0.2,500,MCMC,6,1
8,4,0.2,100,MCMC,5,3
8,2,0.2,1000,MCMC,7,2
8,2,0.2,500,MCMC,10,2
8,2,0.2,100,MCMC,11,2
5,2,0.8,1000,MCMC,1,1
5,2,0.8,500,MCMC,7,0
5,2,0.8,100,MCMC,2,0
5,2,0.8,1000,MCMC,1,1
5,2,0.8,500,MCMC,2,2
5,2,0.8,100,MCMC,1,2
5,2,0.6,1000,MCMC,6,0
5,2,0.6,500,MCMC,6,0
5,2,0.6,100,MCMC,4,0
5,2,0.6,1000,MCMC,0,2
5,2,0.6,500,MCMC,5,0
5,2,0.6,100,MCMC,6,2
5,2,0.4,1000,MCMC,4,1
5,2,0.4,500,MCMC,4,2
5,2,0.4,100,MCMC,2,2
5,2,0.4,1000,MCMC,0,0
5,2,0.4,500,MCMC,3,0
5,2,0.4,100,MCMC,2,0
5,2,0.2,1000,MCMC,3,0
5,2,0.2,500,MCMC,0,1
5,2,0.2,100,MCMC,1,0
5,2,0.2,1000,MCMC,2,0
5,2,0.2,500,MCMC,0,2
5,2,0.2,100,MCMC,1,1
8,4,0.8,1000,MCMC,10,4
8,4,0.8,500,MCMC,14,4
8,4,0.8,100,MCMC,19,3
8,2,0.8,1000,MCMC,13,4
8,2,0.8,500,MCMC,30,4
8,2,0.8,100,MCMC,16,4
8,4,0.6,1000,MCMC,14,1
8,4,0.6,500,MCMC,8,3
8,4,0.6,100,MCMC,17,0
8,2,0.6,1000,MCMC,14,3
8,2,0.6,500,MCMC,10,5
8,2,0.6,100,MCMC,25,5
8,4,0.4,1000,MCMC,26,4
8,4,0.4,500,MCMC,13,5
8,4,0.4,100,MCMC,12,3
8,2,0.4,1000,MCMC,9,2
8,2,0.4,500,MCMC,12,4
8,2,0.4,100,MCMC,10,2
8,4,0.2,1000,MCMC,8,3
8,4,0.2,500,MCMC,11,2
8,4,0.2,100,MCMC,11,4
8,2,0.2,1000,MCMC,8,3
8,2,0.2,500,MCMC,10,4
8,2,0.2,100,MCMC,5,2
5,2,0.8,1000,MCMC,1,2
5,2,0.8,500,MCMC,0,2
5,2,0.8,100,MCMC,1,2
5,2,0.8,1000,MCMC,10,2
5,2,0.8,500,MCMC,16,2
5,2,0.8,100,MCMC,12,1
5,2,0.6,1000,MCMC,1,0
5,2,0.6,500,MCMC,2,0
5,2,0.6,100,MCMC,3,2
5,2,0.6,1000,MCMC,1,0
5,2,0.6,500,MCMC,4,3
5,2,0.6,100,MCMC,2,2
5,2,0.4,1000,MCMC,3,2
5,2,0.4,500,MCMC,1,2
5,2,0.4,100,MCMC,3,2
5,2,0.4,1000,MCMC,2,0
5,2,0.4,500,MCMC,0,1
5,2,0.4,100,MCMC,2,0
5,2,0.2,1000,MCMC,0,0
5,2,0.2,500,MCMC,2,1
5,2,0.2,100,MCMC,0,0
5,2,0.2,1000,MCMC,0,1
5,2,0.2,500,MCMC,0,0
5,2,0.2,100,MCMC,0,0
8,4,0.8,1000,MCMC,24,4
8,4,0.8,500,MCMC,18,2
8,4,0.8,100,MCMC,25,1
8,2,0.8,1000,MCMC,31,4
8,2,0.8,500,MCMC,24,4
8,2,0.8,100,MCMC,31,4
8,4,0.6,1000,MCMC,24,3
8,4,0.6,500,MCMC,19,5
8,4,0.6,100,MCMC,22,4
8,2,0.6,1000,MCMC,18,3
8,2,0.6,500,MCMC,13,4
8,2,0.6,100,MCMC,15,4
8,4,0.4,1000,MCMC,17,2
8,4,0.4,500,MCMC,22,2
8,4,0.4,100,MCMC,16,2
8,2,0.4,1000,MCMC,10,2
8,2,0.4,500,MCMC,10,4
8,2,0.4,100,MCMC,19,3
8,4,0.2,1000,MCMC,6,2
8,4,0.2,500,MCMC,7,1
8,4,0.2,100,MCMC,5,1
8,2,0.2,1000,MCMC,6,0
8,2,0.2,500,MCMC,6,1
8,2,0.2,100,MCMC,9,2
5,2,0.8,1000,MCMC,0,2
5,2,0.8,500,MCMC,5,2
5,2,0.8,100,MCMC,6,1
5,2,0.8,1000,MCMC,3,0
5,2,0.8,500,MCMC,4,0
5,2,0.8,100,MCMC,12,1
5,2,0.6,1000,MCMC,5,2
5,2,0.6,500,MCMC,5,2
5,2,0.6,100,MCMC,2,1
5,2,0.6,1000,MCMC,6,1
5,2,0.6,500,MCMC,2,2
5,2,0.6,100,MCMC,4,0
5,2,0.4,1000,MCMC,4,2
5,2,0.4,500,MCMC,4,1
5,2,0.4,100,MCMC,4,2
5,2,0.4,1000,MCMC,1,0
5,2,0.4,500,MCMC,1,0
5,2,0.4,100,MCMC,2,1
5,2,0.2,1000,MCMC,0,1
5,2,0.2,500,MCMC,1,0
5,2,0.2,100,MCMC,0,0
5,2,0.2,1000,MCMC,1,1
5,2,0.2,500,MCMC,1,0
5,2,0.2,100,MCMC,0,1
8,4,0.8,1000,MCMC,32,4
8,4,0.8,500,MCMC,16,4
8,4,0.8,100,MCMC,23,4
8,2,0.8,1000,MCMC,17,6
8,2,0.8,500,MCMC,34,6
8,2,0.8,100,MCMC,17,5
8,4,0.6,1000,MCMC,17,3
8,4,0.6,500,MCMC,11,3
8,4,0.6,100,MCMC,11,3
8,2,0.6,1000,MCMC,16,4
8,2,0.6,500,MCMC,18,5
8,2,0.6,100,MCMC,10,4
8,4,0.4,1000,MCMC,7,1
8,4,0.4,500,MCMC,15,2
8,4,0.4,100,MCMC,19,4
8,2,0.4,1000,MCMC,6,2
8,2,0.4,500,MCMC,11,3
8,2,0.4,100,MCMC,10,5
8,4,0.2,1000,MCMC,9,3
8,4,0.2,500,MCMC,9,1
8,4,0.2,100,MCMC,9,0
8,2,0.2,1000,MCMC,9,4
8,2,0.2,500,MCMC,8,2
8,2,0.2,100,MCMC,8,3
5,2,0.8,1000,MCMC,0,2
5,2,0.8,500,MCMC,5,2
5,2,0.8,100,MCMC,9,2
5,2,0.8,1000,MCMC,2,2
5,2,0.8,500,MCMC,2,1
5,2,0.8,100,MCMC,5,1
5,2,0.6,1000,MCMC,0,0
5,2,0.6,500,MCMC,2,2
5,2,0.6,100,MCMC,6,1
5,2,0.6,1000,MCMC,1,1
5,2,0.6,500,MCMC,1,2
5,2,0.6,100,MCMC,4,0
5,2,0.4,1000,MCMC,1,1
5,2,0.4,500,MCMC,1,0
5,2,0.4,100,MCMC,2,0
5,2,0.4,1000,MCMC,1,1
5,2,0.4,500,MCMC,2,0
5,2,0.4,100,MCMC,2,2
5,2,0.2,1000,MCMC,1,0
5,2,0.2,500,MCMC,2,1
5,2,0.2,100,MCMC,2,0
5,2,0.2,1000,MCMC,1,0
5,2,0.2,500,MCMC,1,1
5,2,0.2,100,MCMC,1,0
8,4,0.8,1000,MCMC,28,5
8,4,0.8,500,MCMC,10,4
8,4,0.8,100,MCMC,17,3
8,2,0.8,1000,MCMC,22,5
8,2,0.8,500,MCMC,18,5
8,2,0.8,100,MCMC,15,4
8,4,0.6,1000,MCMC,7,4
8,4,0.6,500,MCMC,11,2
8,4,0.6,100,MCMC,9,2
8,2,0.6,1000,MCMC,5,1
8,2,0.6,500,MCMC,14,2
8,2,0.6,100,MCMC,24,4
8,4,0.4,1000,MCMC,7,2
8,4,0.4,500,MCMC,10,4
8,4,0.4,100,MCMC,7,4
8,2,0.4,1000,MCMC,7,2
8,2,0.4,500,MCMC,7,3
8,2,0.4,100,MCMC,11,3
8,4,0.2,1000,MCMC,7,3
8,4,0.2,500,MCMC,8,4
8,4,0.2,100,MCMC,10,3
8,2,0.2,1000,MCMC,8,2
8,2,0.2,500,MCMC,7,3
8,2,0.2,100,MCMC,5,4
5,2,0.8,1000,MCMC,4,1
5,2,0.8,500,MCMC,11,3
5,2,0.8,100,MCMC,5,1
5,2,0.8,1000,MCMC,3,1
5,2,0.8,500,MCMC,9,3
5,2,0.8,100,MCMC,11,3
5,2,0.6,1000,MCMC,0,2
5,2,0.6,500,MCMC,1,0
5,2,0.6,100,MCMC,7,2
5,2,0.6,1000,MCMC,1,0
5,2,0.6,500,MCMC,6,2
5,2,0.6,100,MCMC,3,3
5,2,0.4,1000,MCMC,0,2
5,2,0.4,500,MCMC,2,0
5,2,0.4,100,MCMC,0,1
5,2,0.4,1000,MCMC,2,1
5,2,0.4,500,MCMC,2,1
5,2,0.4,100,MCMC,4,1
5,2,0.2,1000,MCMC,1,0
5,2,0.2,500,MCMC,1,0
5,2,0.2,100,MCMC,3,2
5,2,0.2,1000,MCMC,1,0
5,2,0.2,500,MCMC,0,1
5,2,0.2,100,MCMC,1,0
8,4,0.8,1000,MCMC,15,3
8,4,0.8,500,MCMC,16,4
8,4,0.8,100,MCMC,26,5
8,2,0.8,1000,MCMC,25,5
8,2,0.8,500,MCMC,25,5
8,2,0.8,100,MCMC,24,4
8,4,0.6,1000,MCMC,23,4
8,4,0.6,500,MCMC,16,2
8,4,0.6,100,MCMC,17,4
8,2,0.6,1000,MCMC,24,5
8,2,0.6,500,MCMC,9,3
8,2,0.6,100,MCMC,6,2
8,4,0.4,1000,MCMC,10,0
8,4,0.4,500,MCMC,7,1
8,4,0.4,100,MCMC,9,2
8,2,0.4,1000,MCMC,10,1
8,2,0.4,500,MCMC,6,2
8,2,0.4,100,MCMC,6,2
8,4,0.2,1000,MCMC,5,3
8,4,0.2,500,MCMC,4,4
8,4,0.2,100,MCMC,7,3
8,2,0.2,1000,MCMC,7,0
8,2,0.2,500,MCMC,9,4
8,2,0.2,100,MCMC,7,4
5,2,0.8,1000,MCMC,3,1
5,2,0.8,500,MCMC,11,2
5,2,0.8,100,MCMC,0,0
5,2,0.8,1000,MCMC,2,0
5,2,0.8,500,MCMC,1,0
5,2,0.8,100,MCMC,7,2
5,2,0.6,1000,MCMC,4,0
5,2,0.6,500,MCMC,1,0
5,2,0.6,100,MCMC,0,1
5,2,0.6,1000,MCMC,11,2
5,2,0.6,500,MCMC,0,2
5,2,0.6,100,MCMC,0,2
5,2,0.4,1000,MCMC,1,0
5,2,0.4,500,MCMC,2,0
5,2,0.4,100,MCMC,2,2
5,2,0.4,1000,MCMC,0,0
5,2,0.4,500,MCMC,6,2
5,2,0.4,100,MCMC,1,2
5,2,0.2,1000,MCMC,0,0
5,2,0.2,500,MCMC,2,0
5,2,0.2,100,MCMC,4,2
5,2,0.2,1000,MCMC,1,1
5,2,0.2,500,MCMC,1,0
5,2,0.2,100,MCMC,1,1
8,4,0.8,1000,MCMC,17,2
8,4,0.8,500,MCMC,16,3
8,4,0.8,100,MCMC,13,3
8,2,0.8,1000,MCMC,23,6
8,2,0.8,500,MCMC,23,6
8,2,0.8,100,MCMC,10,2
8,4,0.6,1000,MCMC,13,3
8,4,0.6,500,MCMC,18,3
8,4,0.6,100,MCMC,15,4
8,2,0.6,1000,MCMC,9,3
8,2,0.6,500,MCMC,3,5
8,2,0.6,100,MCMC,21,4
8,4,0.4,1000,MCMC,9,1
8,4,0.4,500,MCMC,8,3
8,4,0.4,100,MCMC,5,3
8,2,0.4,1000,MCMC,4,2
8,2,0.4,500,MCMC,7,2
8,2,0.4,100,MCMC,10,2
8,4,0.2,1000,MCMC,8,2
8,4,0.2,500,MCMC,6,0
8,4,0.2,100,MCMC,6,1
8,2,0.2,1000,MCMC,9,3
8,2,0.2,500,MCMC,6,3
8,2,0.2,100,MCMC,7,2
5,2,0.8,1000,MCMC,1,2
5,2,0.8,500,MCMC,2,1
5,2,0.8,100,MCMC,2,0
5,2,0.8,1000,MCMC,5,0
5,2,0.8,500,MCMC,6,0
5,2,0.8,100,MCMC,10,1
5,2,0.6,1000,MCMC,3,0
5,2,0.6,500,MCMC,3,0
5,2,0.6,100,MCMC,4,0
5,2,0.6,1000,MCMC,5,2
5,2,0.6,500,MCMC,1,0
5,2,0.6,100,MCMC,1,1
5,2,0.4,1000,MCMC,4,2
5,2,0.4,500,MCMC,3,0
5,2,0.4,100,MCMC,4,0
5,2,0.4,1000,MCMC,1,1
5,2,0.4,500,MCMC,2,0
5,2,0.4,100,MCMC,1,0
5,2,0.2,1000,MCMC,1,2
5,2,0.2,500,MCMC,0,2
5,2,0.2,100,MCMC,1,2
5,2,0.2,1000,MCMC,1,1
5,2,0.2,500,MCMC,2,0
5,2,0.2,100,MCMC,2,2
8,4,0.8,1000,MCMC,17,2
8,4,0.8,500,MCMC,27,3
8,4,0.8,100,MCMC,25,3
8,2,0.8,1000,MCMC,22,5
8,2,0.8,500,MCMC,19,6
8,2,0.8,100,MCMC,21,5
8,4,0.6,1000,MCMC,25,3
8,4,0.6,500,MCMC,20,3
8,4,0.6,100,MCMC,17,4
8,2,0.6,1000,MCMC,16,4
8,2,0.6,500,MCMC,16,3
8,2,0.6,100,MCMC,13,4
8,4,0.4,1000,MCMC,11,1
8,4,0.4,500,MCMC,7,1
8,4,0.4,100,MCMC,12,2
8,2,0.4,1000,MCMC,12,6
8,2,0.4,500,MCMC,16,5
8,2,0.4,100,MCMC,9,4
8,4,0.2,1000,MCMC,13,4
8,4,0.2,500,MCMC,10,2
8,4,0.2,100,MCMC,11,3
8,2,0.2,1000,MCMC,8,1
8,2,0.2,500,MCMC,5,2
8,2,0.2,100,MCMC,7,2
5,2,0.8,1000,MCMC,2,0
5,2,0.8,500,MCMC,0,1
5,2,0.8,100,MCMC,5,1
5,2,0.8,1000,MCMC,5,3
5,2,0.8,500,MCMC,6,2
5,2,0.8,100,MCMC,2,0
5,2,0.6,1000,MCMC,4,1
5,2,0.6,500,MCMC,1,2
5,2,0.6,100,MCMC,4,1
5,2,0.6,1000,MCMC,2,1
5,2,0.6,500,MCMC,1,2
5,2,0.6,100,MCMC,2,1
5,2,0.4,1000,MCMC,4,2
5,2,0.4,500,MCMC,3,2
5,2,0.4,100,MCMC,5,0
5,2,0.4,1000,MCMC,0,1
5,2,0.4,500,MCMC,4,2
5,2,0.4,100,MCMC,1,1
5,2,0.2,1000,MCMC,0,1
5,2,0.2,500,MCMC,1,0
5,2,0.2,100,MCMC,3,0
5,2,0.2,1000,MCMC,1,0
5,2,0.2,500,MCMC,0,1
5,2,0.2,100,MCMC,1,2
8,4,0.8,1000,MCMC,34,4
8,4,0.8,500,MCMC,30,3
8,4,0.8,100,MCMC,27,3
8,2,0.8,1000,MCMC,30,5
8,2,0.8,500,MCMC,16,4
8,2,0.8,100,MCMC,14,5
8,4,0.6,1000,MCMC,20,3
8,4,0.6,500,MCMC,14,3
8,4,0.6,100,MCMC,18,4
8,2,0.6,1000,MCMC,32,5
8,2,0.6,500,MCMC,13,5
8,2,0.6,100,MCMC,8,3
8,4,0.4,1000,MCMC,11,2
8,4,0.4,500,MCMC,15,1
8,4,0.4,100,MCMC,14,3
8,2,0.4,1000,MCMC,10,4
8,2,0.4,500,MCMC,13,3
8,2,0.4,100,MCMC,11,4
8,4,0.2,1000,MCMC,11,2
8,4,0.2,500,MCMC,9,4
8,4,0.2,100,MCMC,10,2
8,2,0.2,1000,MCMC,7,4
8,2,0.2,500,MCMC,9,3
8,2,0.2,100,MCMC,7,3
5,2,0.8,1000,MCMC,4,3
5,2,0.8,500,MCMC,4,3
5,2,0.8,100,MCMC,5,3
5,2,0.8,1000,MCMC,1,2
5,2,0.8,500,MCMC,2,2
5,2,0.8,100,MCMC,2,2
5,2,0.6,1000,MCMC,1,1
5,2,0.6,500,MCMC,1,0
5,2,0.6,100,MCMC,0,1
5,2,0.6,1000,MCMC,1,0
5,2,0.6,500,MCMC,1,0
5,2,0.6,100,MCMC,2,0
5,2,0.4,1000,MCMC,0,1
5,2,0.4,500,MCMC,1,2
5,2,0.4,100,MCMC,7,3
5,2,0.4,1000,MCMC,0,1
5,2,0.4,500,MCMC,1,0
5,2,0.4,100,MCMC,1,0
5,2,0.2,1000,MCMC,1,1
5,2,0.2,500,MCMC,1,0
5,2,0.2,100,MCMC,2,0
5,2,0.2,1000,MCMC,1,0
5,2,0.2,500,MCMC,1,2
5,2,0.2,100,MCMC,3,2
8,4,0.8,1000,MCMC,25,3
8,4,0.8,500,MCMC,28,4
8,4,0.8,100,MCMC,29,3
8,2,0.8,1000,MCMC,25,6
8,2,0.8,500,MCMC,17,4
8,2,0.8,100,MCMC,22,4
8,4,0.6,1000,MCMC,10,0
8,4,0.6,500,MCMC,15,2
8,4,0.6,100,MCMC,19,3
8,2,0.6,1000,MCMC,16,3
8,2,0.6,500,MCMC,16,4
8,2,0.6,100,MCMC,22,5
8,4,0.4,1000,MCMC,5,2
8,4,0.4,500,MCMC,8,0
8,4,0.4,100,MCMC,13,2
8,2,0.4,1000,MCMC,13,5
8,2,0.4,500,MCMC,7,4
8,2,0.4,100,MCMC,10,4
8,4,0.2,1000,MCMC,7,0
8,4,0.2,500,MCMC,8,2
8,4,0.2,100,MCMC,7,1
8,2,0.2,1000,MCMC,5,3
8,2,0.2,500,MCMC,8,0
8,2,0.2,100,MCMC,7,2
5,2,0.8,1000,MCMC,2,1
5,2,0.8,500,MCMC,4,0
5,2,0.8,100,MCMC,4,1
5,2,0.8,1000,MCMC,9,2
5,2,0.8,500,MCMC,9,2
5,2,0.8,100,MCMC,4,0
5,2,0.6,1000,MCMC,0,0
5,2,0.6,500,MCMC,2,0
5,2,0.6,100,MCMC,1,0
5,2,0.6,1000,MCMC,8,2
5,2,0.6,500,MCMC,8,3
5,2,0.6,100,MCMC,8,2
5,2,0.4,1000,MCMC,1,1
5,2,0.4,500,MCMC,4,2
5,2,0.4,100,MCMC,0,2
5,2,0.4,1000,MCMC,0,1
5,2,0.4,500,MCMC,5,2
5,2,0.4,100,MCMC,1,0
5,2,0.2,1000,MCMC,0,2
5,2,0.2,500,MCMC,1,0
5,2,0.2,100,MCMC,3,0
5,2,0.2,1000,MCMC,1,0
5,2,0.2,500,MCMC,1,1
5,2,0.2,100,MCMC,3,1
8,4,0.8,1000,MCMC,33,4
8,4,0.8,500,MCMC,12,3
8,4,0.8,100,MCMC,15,3
8,2,0.8,1000,MCMC,26,4
8,2,0.8,500,MCMC,25,4
8,2,0.8,100,MCMC,16,2
8,4,0.6,1000,MCMC,15,2
8,4,0.6,500,MCMC,10,3
8,4,0.6,100,MCMC,16,3
8,2,0.6,1000,MCMC,12,3
8,2,0.6,500,MCMC,10,3
8,2,0.6,100,MCMC,10,2
8,4,0.4,1000,MCMC,8,2
8,4,0.4,500,MCMC,8,1
8,4,0.4,100,MCMC,13,1
8,2,0.4,1000,MCMC,13,4
8,2,0.4,500,MCMC,9,1
8,2,0.4,100,MCMC,16,3
8,4,0.2,1000,MCMC,8,1
8,4,0.2,500,MCMC,9,3
8,4,0.2,100,MCMC,12,2
8,2,0.2,1000,MCMC,7,0
8,2,0.2,500,MCMC,6,1
8,2,0.2,100,MCMC,11,4
5,2,0.8,1000,MCMC,3,1
5,2,0.8,500,MCMC,0,2
5,2,0.8,100,MCMC,6,2
5,2,0.8,1000,MCMC,7,2
5,2,0.8,500,MCMC,2,0
5,2,0.8,100,MCMC,7,2
5,2,0.6,1000,MCMC,8,1
5,2,0.6,500,MCMC,2,1
5,2,0.6,100,MCMC,4,1
5,2,0.6,1000,MCMC,0,0
5,2,0.6,500,MCMC,0,2
5,2,0.6,100,MCMC,5,1
5,2,0.4,1000,MCMC,2,0
5,2,0.4,500,MCMC,1,0
5,2,0.4,100,MCMC,1,1
5,2,0.4,1000,MCMC,0,0
5,2,0.4,500,MCMC,2,0
5,2,0.4,100,MCMC,1,0
5,2,0.2,1000,MCMC,0,1
5,2,0.2,500,MCMC,1,0
5,2,0.2,100,MCMC,0,0
5,2,0.2,1000,MCMC,1,0
5,2,0.2,500,MCMC,3,2
5,2,0.2,100,MCMC,1,0
8,4,0.8,1000,MCMC,23,4
8,4,0.8,500,MCMC,17,4
8,4,0.8,100,MCMC,13,3
8,2,0.8,1000,MCMC,26,4
8,2,0.8,500,MCMC,30,4
8,2,0.8,100,MCMC,35,4
8,4,0.6,1000,MCMC,7,3
8,4,0.6,500,MCMC,17,4
8,4,0.6,100,MCMC,17,3
8,2,0.6,1000,MCMC,17,4
8,2,0.6,500,MCMC,11,4
8,2,0.6,100,MCMC,16,4
8,4,0.4,1000,MCMC,16,3
8,4,0.4,500,MCMC,13,2
8,4,0.4,100,MCMC,19,1
8,2,0.4,1000,MCMC,10,3
8,2,0.4,500,MCMC,8,4
8,2,0.4,100,MCMC,9,5
8,4,0.2,1000,MCMC,12,2
8,4,0.2,500,MCMC,9,3
8,4,0.2,100,MCMC,8,2
8,2,0.2,1000,MCMC,7,3
8,2,0.2,500,MCMC,7,2
8,2,0.2,100,MCMC,5,3
5,2,0.8,1000,MCMC,4,0
5,2,0.8,500,MCMC,6,1
5,2,0.8,100,MCMC,5,0
5,2,0.8,1000,MCMC,2,1
5,2,0.8,500,MCMC,2,1
5,2,0.8,100,MCMC,10,2
5,2,0.6,1000,MCMC,0,2
5,2,0.6,500,MCMC,4,2
5,2,0.6,100,MCMC,8,2
5,2,0.6,1000,MCMC,1,0
5,2,0.6,500,MCMC,1,2
5,2,0.6,100,MCMC,4,2
5,2,0.4,1000,MCMC,1,0
5,2,0.4,500,MCMC,1,0
5,2,0.4,100,MCMC,1,0
5,2,0.4,1000,MCMC,9,2
5,2,0.4,500,MCMC,1,0
5,2,0.4,100,MCMC,4,2
5,2,0.2,1000,MCMC,6,1
5,2,0.2,500,MCMC,1,0
5,2,0.2,100,MCMC,4,2
5,2,0.2,1000,MCMC,2,0
5,2,0.2,500,MCMC,1,2
5,2,0.2,100,MCMC,2,0
8,4,0.8,1000,MCMC,27,4
8,4,0.8,500,MCMC,27,3
8,4,0.8,100,MCMC,32,4
8,2,0.8,1000,MCMC,42,6
8,2,0.8,500,MCMC,28,4
8,2,0.8,100,MCMC,21,5
8,4,0.6,1000,MCMC,19,2
8,4,0.6,500,MCMC,18,2
8,4,0.6,100,MCMC,22,3
8,2,0.6,1000,MCMC,6,2
8,2,0.6,500,MCMC,6,3
8,2,0.6,100,MCMC,24,4
8,4,0.4,1000,MCMC,9,3
8,4,0.4,500,MCMC,6,2
8,4,0.4,100,MCMC,22,4
8,2,0.4,1000,MCMC,10,3
8,2,0.4,500,MCMC,9,3
8,2,0.4,100,MCMC,13,4
8,4,0.2,1000,MCMC,8,1
8,4,0.2,500,MCMC,5,2
8,4,0.2,100,MCMC,6,4
8,2,0.2,1000,MCMC,6,1
8,2,0.2,500,MCMC,7,2
8,2,0.2,100,MCMC,7,2
5,2,0.8,1000,MCMC,6,2
5,2,0.8,500,MCMC,6,2
5,2,0.8,100,MCMC,6,2
5,2,0.8,1000,MCMC,1,0
5,2,0.8,500,MCMC,3,0
5,2,0.8,100,MCMC,4,2
5,2,0.6,1000,MCMC,5,2
5,2,0.6,500,MCMC,1,0
5,2,0.6,100,MCMC,4,2
5,2,0.6,1000,MCMC,7,1
5,2,0.6,500,MCMC,5,1
5,2,0.6,100,MCMC,5,1
5,2,0.4,1000,MCMC,1,0
5,2,0.4,500,MCMC,2,1
5,2,0.4,100,MCMC,4,0
5,2,0.4,1000,MCMC,0,1
5,2,0.4,500,MCMC,1,2
5,2,0.4,100,MCMC,4,2
5,2,0.2,1000,MCMC,2,2
5,2,0.2,500,MCMC,3,0
5,2,0.2,100,MCMC,3,0
5,2,0.2,1000,MCMC,3,0
5,2,0.2,500,MCMC,0,0
5,2,0.2,100,MCMC,4,0
8,4,0.8,1000,MCMC,18,4
8,4,0.8,500,MCMC,13,2
8,4,0.8,100,MCMC,14,2
8,2,0.8,1000,MCMC,16,5
8,2,0.8,500,MCMC,19,5
8,2,0.8,100,MCMC,18,5
8,4,0.6,1000,MCMC,17,5
8,4,0.6,500,MCMC,30,4
8,4,0.6,100,MCMC,22,4
8,2,0.6,1000,MCMC,16,5
8,2,0.6,500,MCMC,13,5
8,2,0.6,100,MCMC,16,5
8,4,0.4,1000,MCMC,14,2
8,4,0.4,500,MCMC,12,2
8,4,0.4,100,MCMC,14,2
8,2,0.4,1000,MCMC,9,3
8,2,0.4,500,MCMC,9,4
8,2,0.4,100,MCMC,9,1
8,4,0.2,1000,MCMC,8,3
8,4,0.2,500,MCMC,7,3
8,4,0.2,100,MCMC,7,3
8,2,0.2,1000,MCMC,6,2
8,2,0.2,500,MCMC,4,3
8,2,0.2,100,MCMC,6,3
5,2,0.8,1000,MCMC,0,1
5,2,0.8,500,MCMC,2,1
5,2,0.8,100,MCMC,9,2
5,2,0.8,1000,MCMC,12,3
5,2,0.8,500,MCMC,7,2
5,2,0.8,100,MCMC,4,1
5,2,0.6,1000,MCMC,3,0
5,2,0.6,500,MCMC,1,1
5,2,0.6,100,MCMC,0,1
5,2,0.6,1000,MCMC,3,0
5,2,0.6,500,MCMC,5,0
5,2,0.6,100,MCMC,2,1
5,2,0.4,1000,MCMC,1,0
5,2,0.4,500,MCMC,2,0
5,2,0.4,100,MCMC,1,1
5,2,0.4,1000,MCMC,2,0
5,2,0.4,500,MCMC,1,0
5,2,0.4,100,MCMC,2,0
5,2,0.2,1000,MCMC,1,0
5,2,0.2,500,MCMC,1,2
5,2,0.2,100,MCMC,3,0
5,2,0.2,1000,MCMC,1,1
5,2,0.2,500,MCMC,2,0
5,2,0.2,100,MCMC,4,1
8,4,0.8,1000,MCMC,17,3
8,4,0.8,500,MCMC,18,4
8,4,0.8,100,MCMC,17,3
8,2,0.8,1000,MCMC,34,5
8,2,0.8,500,MCMC,26,6
8,2,0.8,100,MCMC,20,5
8,4,0.6,1000,MCMC,19,1
8,4,0.6,500,MCMC,7,3
8,4,0.6,100,MCMC,15,4
8,2,0.6,1000,MCMC,6,1
8,2,0.6,500,MCMC,6,2
8,2,0.6,100,MCMC,20,5
8,4,0.4,1000,MCMC,12,5
8,4,0.4,500,MCMC,10,4
8,4,0.4,100,MCMC,21,3
8,2,0.4,1000,MCMC,10,5
8,2,0.4,500,MCMC,9,3
8,2,0.4,100,MCMC,10,4
8,4,0.2,1000,MCMC,7,3
8,4,0.2,500,MCMC,7,3
8,4,0.2,100,MCMC,8,3
8,2,0.2,1000,MCMC,7,4
8,2,0.2,500,MCMC,7,6
8,2,0.2,100,MCMC,14,3
5,2,0.8,1000,MCMC,12,2
5,2,0.8,500,MCMC,13,1
5,2,0.8,100,MCMC,3,1
5,2,0.8,1000,MCMC,1,1
5,2,0.8,500,MCMC,0,2
5,2,0.8,100,MCMC,0,2
5,2,0.6,1000,MCMC,0,1
5,2,0.6,500,MCMC,0,0
5,2,0.6,100,MCMC,6,0
5,2,0.6,1000,MCMC,6,3
5,2,0.6,500,MCMC,5,3
5,2,0.6,100,MCMC,4,2
5,2,0.4,1000,MCMC,1,0
5,2,0.4,500,MCMC,1,0
5,2,0.4,100,MCMC,3,2
5,2,0.4,1000,MCMC,1,0
5,2,0.4,500,MCMC,0,1
5,2,0.4,100,MCMC,5,1
5,2,0.2,1000,MCMC,0,1
5,2,0.2,500,MCMC,1,0
5,2,0.2,100,MCMC,3,1
5,2,0.2,1000,MCMC,1,0
5,2,0.2,500,MCMC,1,0
5,2,0.2,100,MCMC,2,1
8,4,0.8,1000,MCMC,27,3
8,4,0.8,500,MCMC,17,3
8,4,0.8,100,MCMC,24,3
8,2,0.8,1000,MCMC,35,4
8,2,0.8,500,MCMC,16,4
8,2,0.8,100,MCMC,22,5
8,4,0.6,1000,MCMC,6,3
8,4,0.6,500,MCMC,10,4
8,4,0.6,100,MCMC,18,3
8,2,0.6,1000,MCMC,6,3
8,2,0.6,500,MCMC,12,4
8,2,0.6,100,MCMC,13,4
8,4,0.4,1000,MCMC,17,2
8,4,0.4,500,MCMC,15,2
8,4,0.4,100,MCMC,17,2
8,2,0.4,1000,MCMC,8,2
8,2,0.4,500,MCMC,10,4
8,2,0.4,100,MCMC,8,3
8,4,0.2,1000,MCMC,6,0
8,4,0.2,500,MCMC,8,2
8,4,0.2,100,MCMC,8,2
8,2,0.2,1000,MCMC,5,2
8,2,0.2,500,MCMC,8,1
8,2,0.2,100,MCMC,9,3
5,2,0.8,1000,MCMC,1,1
5,2,0.8,500,MCMC,10,3
5,2,0.8,100,MCMC,11,3
5,2,0.8,1000,MCMC,5,1
5,2,0.8,500,MCMC,4,1
5,2,0.8,100,MCMC,5,1
5,2,0.6,1000,MCMC,1,2
5,2,0.6,500,MCMC,6,1
5,2,0.6,100,MCMC,6,2
5,2,0.6,1000,MCMC,5,0
5,2,0.6,500,MCMC,5,0
5,2,0.6,100,MCMC,3,0
5,2,0.4,1000,MCMC,1,1
5,2,0.4,500,MCMC,0,2
5,2,0.4,100,MCMC,3,1
5,2,0.4,1000,MCMC,2,0
5,2,0.4,500,MCMC,1,1
5,2,0.4,100,MCMC,1,2
5,2,0.2,1000,MCMC,1,1
5,2,0.2,500,MCMC,1,2
5,2,0.2,100,MCMC,3,0
5,2,0.2,1000,MCMC,0,1
5,2,0.2,500,MCMC,2,0
5,2,0.2,100,MCMC,3,2
8,4,0.8,1000,MCMC,29,4
8,4,0.8,500,MCMC,17,4
8,4,0.8,100,MCMC,24,5
8,2,0.8,1000,MCMC,11,2
8,2,0.8,500,MCMC,18,4
8,2,0.8,100,MCMC,23,5
8,4,0.6,1000,MCMC,14,3
8,4,0.6,500,MCMC,11,4
8,4,0.6,100,MCMC,22,3
8,2,0.6,1000,MCMC,16,5
8,2,0.6,500,MCMC,6,3
8,2,0.6,100,MCMC,8,3
8,4,0.4,1000,MCMC,8,3
8,4,0.4,500,MCMC,10,2
8,4,0.4,100,MCMC,6,4
8,2,0.4,1000,MCMC,9,3
8,2,0.4,500,MCMC,6,0
8,2,0.4,100,MCMC,17,4
8,4,0.2,1000,MCMC,8,1
8,4,0.2,500,MCMC,6,2
8,4,0.2,100,MCMC,8,4
8,2,0.2,1000,MCMC,3,5
8,2,0.2,500,MCMC,8,3
8,2,0.2,100,MCMC,9,4
5,2,0.8,1000,MCMC,11,2
5,2,0.8,500,MCMC,1,1
5,2,0.8,100,MCMC,11,3
5,2,0.8,1000,MCMC,0,1
5,2,0.8,500,MCMC,3,1
5,2,0.8,100,MCMC,6,2
5,2,0.6,1000,MCMC,1,0
5,2,0.6,500,MCMC,5,1
5,2,0.6,100,MCMC,5,2
5,2,0.6,1000,MCMC,1,1
5,2,0.6,500,MCMC,2,2
5,2,0.6,100,MCMC,3,1
5,2,0.4,1000,MCMC,0,2
5,2,0.4,500,MCMC,0,2
5,2,0.4,100,MCMC,1,0
5,2,0.4,1000,MCMC,1,0
5,2,0.4,500,MCMC,1,0
5,2,0.4,100,MCMC,5,3
5,2,0.2,1000,MCMC,0,1
5,2,0.2,500,MCMC,3,0
5,2,0.2,100,MCMC,1,0
5,2,0.2,1000,MCMC,2,0
5,2,0.2,500,MCMC,1,0
5,2,0.2,100,MCMC,1,1
8,4,0.8,1000,MCMC,27,4
8,4,0.8,500,MCMC,6,2
8,4,0.8,100,MCMC,22,3
8,2,0.8,1000,MCMC,20,6
8,2,0.8,500,MCMC,29,5
8,2,0.8,100,MCMC,19,5
8,4,0.6,1000,MCMC,21,3
8,4,0.6,500,MCMC,9,1
8,4,0.6,100,MCMC,21,1
8,2,0.6,1000,MCMC,11,5
8,2,0.6,500,MCMC,12,3
8,2,0.6,100,MCMC,14,4
8,4,0.4,1000,MCMC,7,1
8,4,0.4,500,MCMC,12,0
8,4,0.4,100,MCMC,11,1
8,2,0.4,1000,MCMC,8,4
8,2,0.4,500,MCMC,7,2
8,2,0.4,100,MCMC,9,5
8,4,0.2,1000,MCMC,6,2
8,4,0.2,500,MCMC,7,1
8,4,0.2,100,MCMC,8,1
8,2,0.2,1000,MCMC,7,3
8,2,0.2,500,MCMC,7,3
8,2,0.2,100,MCMC,8,3
5,2,0.8,1000,MCMC,2,0
5,2,0.8,500,MCMC,1,0
5,2,0.8,100,MCMC,3,2
5,2,0.8,1000,MCMC,13,2
5,2,0.8,500,MCMC,0,1
5,2,0.8,100,MCMC,0,0
5,2,0.6,1000,MCMC,0,1
5,2,0.6,500,MCMC,1,2
5,2,0.6,100,MCMC,1,2
5,2,0.6,1000,MCMC,1,1
5,2,0.6,500,MCMC,2,1
5,2,0.6,100,MCMC,2,0
5,2,0.4,1000,MCMC,2,1
5,2,0.4,500,MCMC,1,0
5,2,0.4,100,MCMC,1,0
5,2,0.4,1000,MCMC,1,0
5,2,0.4,500,MCMC,0,2
5,2,0.4,100,MCMC,1,0
5,2,0.2,1000,MCMC,0,1
5,2,0.2,500,MCMC,0,0
5,2,0.2,100,MCMC,2,0
5,2,0.2,1000,MCMC,3,0
5,2,0.2,500,MCMC,5,0
5,2,0.2,100,MCMC,2,0
8,4,0.8,1000,MCMC,24,2
8,4,0.8,500,MCMC,17,3
8,4,0.8,100,MCMC,22,4
8,2,0.8,1000,MCMC,32,4
8,2,0.8,500,MCMC,26,5
8,2,0.8,100,MCMC,18,2
8,4,0.6,1000,MCMC,22,4
8,4,0.6,500,MCMC,12,2
8,4,0.6,100,MCMC,16,3
8,2,0.6,1000,MCMC,9,3
8,2,0.6,500,MCMC,11,3
8,2,0.6,100,MCMC,12,3
8,4,0.4,1000,MCMC,6,2
8,4,0.4,500,MCMC,9,3
8,4,0.4,100,MCMC,7,4
8,2,0.4,1000,MCMC,12,5
8,2,0.4,500,MCMC,17,4
8,2,0.4,100,MCMC,18,6
8,4,0.2,1000,MCMC,11,4
8,4,0.2,500,MCMC,7,4
8,4,0.2,100,MCMC,11,4
8,2,0.2,1000,MCMC,7,2
8,2,0.2,500,MCMC,7,3
8,2,0.2,100,MCMC,7,2
5,2,0.8,1000,MCMC,0,2
5,2,0.8,500,MCMC,1,0
5,2,0.8,100,MCMC,6,0
5,2,0.8,1000,MCMC,0,0
5,2,0.8,500,MCMC,1,2
5,2,0.8,100,MCMC,4,1
5,2,0.6,1000,MCMC,8,2
5,2,0.6,500,MCMC,1,1
5,2,0.6,100,MCMC,8,2
5,2,0.6,1000,MCMC,3,2
5,2,0.6,500,MCMC,1,2
5,2,0.6,100,MCMC,5,3
5,2,0.4,1000,MCMC,4,1
5,2,0.4,500,MCMC,3,2
5,2,0.4,100,MCMC,5,2
5,2,0.4,1000,MCMC,0,1
5,2,0.4,500,MCMC,0,0
5,2,0.4,100,MCMC,3,0
5,2,0.2,1000,MCMC,2,0
5,2,0.2,500,MCMC,1,1
5,2,0.2,100,MCMC,1,2
5,2,0.2,1000,MCMC,0,2
5,2,0.2,500,MCMC,2,0
5,2,0.2,100,MCMC,3,0
8,4,0.8,1000,MCMC,27,3
8,4,0.8,500,MCMC,16,5
8,4,0.8,100,MCMC,15,4
8,2,0.8,1000,MCMC,17,6
8,2,0.8,500,MCMC,8,5
8,2,0.8,100,MCMC,13,6
8,4,0.6,1000,MCMC,10,1
8,4,0.6,500,MCMC,13,4
8,4,0.6,100,MCMC,15,3
8,2,0.6,1000,MCMC,21,5
8,2,0.6,500,MCMC,16,5
8,2,0.6,100,MCMC,10,4
8,4,0.4,1000,MCMC,12,3
8,4,0.4,500,MCMC,10,4
8,4,0.4,100,MCMC,14,2
8,2,0.4,1000,MCMC,7,4
8,2,0.4,500,MCMC,9,4
8,2,0.4,100,MCMC,10,4
8,4,0.2,1000,MCMC,5,2
8,4,0.2,500,MCMC,7,0
8,4,0.2,100,MCMC,8,2
8,2,0.2,1000,MCMC,8,2
8,2,0.2,500,MCMC,11,1
8,2,0.2,100,MCMC,8,2
5,2,0.8,1000,MCMC,3,0
5,2,0.8,500,MCMC,3,1
5,2,0.8,100,MCMC,1,0
5,2,0.8,1000,MCMC,1,0
5,2,0.8,500,MCMC,8,2
5,2,0.8,100,MCMC,8,1
5,2,0.6,1000,MCMC,1,0
5,2,0.6,500,MCMC,2,1
5,2,0.6,100,MCMC,4,1
5,2,0.6,1000,MCMC,1,1
5,2,0.6,500,MCMC,1,2
5,2,0.6,100,MCMC,3,2
5,2,0.4,1000,MCMC,1,1
5,2,0.4,500,MCMC,1,0
5,2,0.4,100,MCMC,0,1
5,2,0.4,1000,MCMC,0,2
5,2,0.4,500,MCMC,3,0
5,2,0.4,100,MCMC,2,1
5,2,0.2,1000,MCMC,0,2
5,2,0.2,500,MCMC,2,0
5,2,0.2,100,MCMC,0,2
5,2,0.2,1000,MCMC,0,2
5,2,0.2,500,MCMC,1,0
5,2,0.2,100,MCMC,1,2
8,4,0.8,1000,MCMC,30,3
8,4,0.8,500,MCMC,22,4
8,4,0.8,100,MCMC,28,2
8,2,0.8,1000,MCMC,12,4
8,2,0.8,500,MCMC,19,5
8,2,0.8,100,MCMC,15,3
8,4,0.6,1000,MCMC,19,4
8,4,0.6,500,MCMC,30,4
8,4,0.6,100,MCMC,22,4
8,2,0.6,1000,MCMC,8,4
8,2,0.6,500,MCMC,6,4
8,2,0.6,100,MCMC,21,4
8,4,0.4,1000,MCMC,16,5
8,4,0.4,500,MCMC,16,5
8,4,0.4,100,MCMC,18,5
8,2,0.4,1000,MCMC,6,2
8,2,0.4,500,MCMC,6,3
8,2,0.4,100,MCMC,11,2
8,4,0.2,1000,MCMC,5,2
8,4,0.2,500,MCMC,8,1
8,4,0.2,100,MCMC,9,3
8,2,0.2,1000,MCMC,8,2
8,2,0.2,500,MCMC,7,2
8,2,0.2,100,MCMC,7,3
5,2,0.8,1000,MCMC,0,1
5,2,0.8,500,MCMC,9,2
5,2,0.8,100,MCMC,9,0
5,2,0.8,1000,MCMC,9,2
5,2,0.8,500,MCMC,1,0
5,2,0.8,100,MCMC,9,2
5,2,0.6,1000,MCMC,1,0
5,2,0.6,500,MCMC,3,2
5,2,0.6,100,MCMC,4,1
5,2,0.6,1000,MCMC,1,1
5,2,0.6,500,MCMC,1,0
5,2,0.6,100,MCMC,4,1
5,2,0.4,1000,MCMC,2,0
5,2,0.4,500,MCMC,1,2
5,2,0.4,100,MCMC,2,2
5,2,0.4,1000,MCMC,1,1
5,2,0.4,500,MCMC,0,0
5,2,0.4,100,MCMC,0,0
5,2,0.2,1000,MCMC,0,1
5,2,0.2,500,MCMC,5,3
5,2,0.2,100,MCMC,0,1
5,2,0.2,1000,MCMC,1,1
5,2,0.2,500,MCMC,2,0
5,2,0.2,100,MCMC,1,0
8,4,0.8,1000,MCMC,17,4
8,4,0.8,500,MCMC,33,4
8,4,0.8,100,MCMC,26,3
8,2,0.8,1000,MCMC,40,6
8,2,0.8,500,MCMC,22,5
8,2,0.8,100,MCMC,13,5
8,4,0.6,1000,MCMC,29,4
8,4,0.6,500,MCMC,32,4
8,4,0.6,100,MCMC,20,3
8,2,0.6,1000,MCMC,19,4
8,2,0.6,500,MCMC,17,4
8,2,0.6,100,MCMC,13,4
8,4,0.4,1000,MCMC,4,3
8,4,0.4,500,MCMC,7,4
8,4,0.4,100,MCMC,17,2
8,2,0.4,1000,MCMC,17,5
8,2,0.4,500,MCMC,28,5
8,2,0.4,100,MCMC,13,3
8,4,0.2,1000,MCMC,7,3
8,4,0.2,500,MCMC,8,1
8,4,0.2,100,MCMC,9,3
8,2,0.2,1000,MCMC,7,2
8,2,0.2,500,MCMC,6,2
8,2,0.2,100,MCMC,5,1
5,2,0.8,1000,MCMC,4,0
5,2,0.8,500,MCMC,2,0
5,2,0.8,100,MCMC,1,0
5,2,0.8,1000,MCMC,1,0
5,2,0.8,500,MCMC,13,2
5,2,0.8,100,MCMC,9,2
5,2,0.6,1000,MCMC,2,0
5,2,0.6,500,MCMC,1,0
5,2,0.6,100,MCMC,4,0
5,2,0.6,1000,MCMC,1,0
5,2,0.6,500,MCMC,0,0
5,2,0.6,100,MCMC,4,1
5,2,0.4,1000,MCMC,1,0
5,2,0.4,500,MCMC,0,1
5,2,0.4,100,MCMC,3,3
5,2,0.4,1000,MCMC,0,1
5,2,0.4,500,MCMC,5,3
5,2,0.4,100,MCMC,6,1
5,2,0.2,1000,MCMC,1,0
5,2,0.2,500,MCMC,1,0
5,2,0.2,100,MCMC,1,0
5,2,0.2,1000,MCMC,1,0
5,2,0.2,500,MCMC,3,0
5,2,0.2,100,MCMC,2,1
8,4,0.8,1000,MCMC,15,4
8,4,0.8,500,MCMC,26,5
8,4,0.8,100,MCMC,18,3
8,2,0.8,1000,MCMC,23,5
8,2,0.8,500,MCMC,21,5
8,2,0.8,100,MCMC,18,5
8,4,0.6,1000,MCMC,22,3
8,4,0.6,500,MCMC,15,2
8,4,0.6,100,MCMC,16,4
8,2,0.6,1000,MCMC,5,3
8,2,0.6,500,MCMC,13,4
8,2,0.6,100,MCMC,7,4
8,4,0.4,1000,MCMC,9,1
8,4,0.4,500,MCMC,11,2
8,4,0.4,100,MCMC,16,3
8,2,0.4,1000,MCMC,10,2
8,2,0.4,500,MCMC,9,2
8,2,0.4,100,MCMC,10,3
8,4,0.2,1000,MCMC,8,2
8,4,0.2,500,MCMC,12,1
8,4,0.2,100,MCMC,7,2
8,2,0.2,1000,MCMC,8,2
8,2,0.2,500,MCMC,11,3
8,2,0.2,100,MCMC,8,4
5,2,0.8,1000,MCMC,0,1
5,2,0.8,500,MCMC,1,0
5,2,0.8,100,MCMC,0,2
5,2,0.8,1000,MCMC,13,2
5,2,0.8,500,MCMC,16,1
5,2,0.8,100,MCMC,8,2
5,2,0.6,1000,MCMC,0,2
5,2,0.6,500,MCMC,2,2
5,2,0.6,100,MCMC,3,1
5,2,0.6,1000,MCMC,0,1
5,2,0.6,500,MCMC,2,0
5,2,0.6,100,MCMC,3,1
5,2,0.4,1000,MCMC,0,0
5,2,0.4,500,MCMC,2,1
5,2,0.4,100,MCMC,5,0
5,2,0.4,1000,MCMC,1,0
5,2,0.4,500,MCMC,0,1
5,2,0.4,100,MCMC,2,1
5,2,0.2,1000,MCMC,0,1
5,2,0.2,500,MCMC,2,0
5,2,0.2,100,MCMC,1,1
5,2,0.2,1000,MCMC,1,0
5,2,0.2,500,MCMC,1,0
5,2,0.2,100,MCMC,3,2
8,4,0.8,1000,MCMC,26,5
8,4,0.8,500,MCMC,10,3
8,4,0.8,100,MCMC,13,3
8,2,0.8,1000,MCMC,24,5
8,2,0.8,500,MCMC,16,3
8,2,0.8,100,MCMC,15,4
8,4,0.6,1000,MCMC,15,2
8,4,0.6,500,MCMC,19,3
8,4,0.6,100,MCMC,20,3
8,2,0.6,1000,MCMC,11,1
8,2,0.6,500,MCMC,8,2
8,2,0.6,100,MCMC,8,3
8,4,0.4,1000,MCMC,9,3
8,4,0.4,500,MCMC,13,5
8,4,0.4,100,MCMC,11,4
8,2,0.4,1000,MCMC,5,3
8,2,0.4,500,MCMC,8,2
8,2,0.4,100,MCMC,11,4
8,4,0.2,1000,MCMC,9,3
8,4,0.2,500,MCMC,8,1
8,4,0.2,100,MCMC,13,4
8,2,0.2,1000,MCMC,5,4
8,2,0.2,500,MCMC,5,2
8,2,0.2,100,MCMC,6,4
5,2,0.8,1000,MCMC,2,0
5,2,0.8,500,MCMC,3,0
5,2,0.8,100,MCMC,10,2
5,2,0.8,1000,MCMC,4,2
5,2,0.8,500,MCMC,2,0
5,2,0.8,100,MCMC,1,1
5,2,0.6,1000,MCMC,1,1
5,2,0.6,500,MCMC,4,3
5,2,0.6,100,MCMC,5,3
5,2,0.6,1000,MCMC,1,2
5,2,0.6,500,MCMC,1,0
5,2,0.6,100,MCMC,4,2
5,2,0.4,1000,MCMC,3,1
5,2,0.4,500,MCMC,1,2
5,2,0.4,100,MCMC,4,1
5,2,0.4,1000,MCMC,5,0
5,2,0.4,500,MCMC,2,1
5,2,0.4,100,MCMC,1,2
5,2,0.2,1000,MCMC,0,1
5,2,0.2,500,MCMC,1,0
5,2,0.2,100,MCMC,4,0
5,2,0.2,1000,MCMC,1,0
5,2,0.2,500,MCMC,0,1
5,2,0.2,100,MCMC,0,2
8,4,0.8,1000,MCMC,22,4
8,4,0.8,500,MCMC,18,3
8,4,0.8,100,MCMC,29,4
8,2,0.8,1000,MCMC,26,4
8,2,0.8,500,MCMC,31,5
8,2,0.8,100,MCMC,22,5
8,4,0.6,1000,MCMC,20,3
8,4,0.6,500,MCMC,36,4
8,4,0.6,100,MCMC,13,3
8,2,0.6,1000,MCMC,11,2
8,2,0.6,500,MCMC,10,2
8,2,0.6,100,MCMC,14,3
8,4,0.4,1000,MCMC,9,3
8,4,0.4,500,MCMC,11,2
8,4,0.4,100,MCMC,12,2
8,2,0.4,1000,MCMC,8,4
8,2,0.4,500,MCMC,7,4
8,2,0.4,100,MCMC,6,4
8,4,0.2,1000,MCMC,7,1
8,4,0.2,500,MCMC,7,1
8,4,0.2,100,MCMC,5,2
8,2,0.2,1000,MCMC,6,3
8,2,0.2,500,MCMC,8,5
8,2,0.2,100,MCMC,5,3
5,2,0.8,1000,MCMC,7,2
5,2,0.8,500,MCMC,7,1
5,2,0.8,100,MCMC,9,0
5,2,0.8,1000,MCMC,4,0
5,2,0.8,500,MCMC,6,0
5,2,0.8,100,MCMC,4,2
5,2,0.6,1000,MCMC,1,1
5,2,0.6,500,MCMC,1,0
5,2,0.6,100,MCMC,1,0
5,2,0.6,1000,MCMC,1,1
5,2,0.6,500,MCMC,2,0
5,2,0.6,100,MCMC,3,2
5,2,0.4,1000,MCMC,2,1
5,2,0.4,500,MCMC,4,0
5,2,0.4,100,MCMC,1,0
5,2,0.4,1000,MCMC,1,0
5,2,0.4,500,MCMC,1,0
5,2,0.4,100,MCMC,1,1
5,2,0.2,1000,MCMC,0,2
5,2,0.2,500,MCMC,1,1
5,2,0.2,100,MCMC,2,0
5,2,0.2,1000,MCMC,1,1
5,2,0.2,500,MCMC,1,1
5,2,0.2,100,MCMC,2,1
8,4,0.8,1000,MCMC,28,4
8,4,0.8,500,MCMC,13,3
8,4,0.8,100,MCMC,27,3
8,2,0.8,1000,MCMC,14,4
8,2,0.8,500,MCMC,5,4
8,2,0.8,100,MCMC,12,5
8,4,0.6,1000,MCMC,11,3
8,4,0.6,500,MCMC,26,5
8,4,0.6,100,MCMC,17,4
8,2,0.6,1000,MCMC,7,1
8,2,0.6,500,MCMC,5,1
8,2,0.6,100,MCMC,13,4
8,4,0.4,1000,MCMC,10,1
8,4,0.4,500,MCMC,15,3
8,4,0.4,100,MCMC,12,2
8,2,0.4,1000,MCMC,11,2
8,2,0.4,500,MCMC,7,3
8,2,0.4,100,MCMC,13,4
8,4,0.2,1000,MCMC,10,1
8,4,0.2,500,MCMC,12,2
8,4,0.2,100,MCMC,11,0
8,2,0.2,1000,MCMC,6,1
8,2,0.2,500,MCMC,10,1
8,2,0.2,100,MCMC,5,2
5,2,0.8,1000,MCMC,2,3
5,2,0.8,500,MCMC,7,3
5,2,0.8,100,MCMC,4,2
5,2,0.8,1000,MCMC,4,2
5,2,0.8,500,MCMC,8,3
5,2,0.8,100,MCMC,14,2
5,2,0.6,1000,MCMC,1,2
5,2,0.6,500,MCMC,7,3
5,2,0.6,100,MCMC,10,1
5,2,0.6,1000,MCMC,0,1
5,2,0.6,500,MCMC,1,0
5,2,0.6,100,MCMC,2,1
5,2,0.4,1000,MCMC,4,0
5,2,0.4,500,MCMC,5,0
5,2,0.4,100,MCMC,3,0
5,2,0.4,1000,MCMC,2,0
5,2,0.4,500,MCMC,1,0
5,2,0.4,100,MCMC,6,2
5,2,0.2,1000,MCMC,1,1
5,2,0.2,500,MCMC,2,2
5,2,0.2,100,MCMC,0,2
5,2,0.2,1000,MCMC,0,2
5,2,0.2,500,MCMC,1,0
5,2,0.2,100,MCMC,1,0
8,4,0.8,1000,MCMC,30,3
8,4,0.8,500,MCMC,24,4
8,4,0.8,100,MCMC,32,4
8,2,0.8,1000,MCMC,29,5
8,2,0.8,500,MCMC,17,5
8,2,0.8,100,MCMC,13,1
8,4,0.6,1000,MCMC,26,3
8,4,0.6,500,MCMC,13,3
8,4,0.6,100,MCMC,29,3
8,2,0.6,1000,MCMC,8,3
8,2,0.6,500,MCMC,20,3
8,2,0.6,100,MCMC,6,4
8,4,0.4,1000,MCMC,13,4
8,4,0.4,500,MCMC,15,3
8,4,0.4,100,MCMC,14,2
8,2,0.4,1000,MCMC,7,2
8,2,0.4,500,MCMC,10,3
8,2,0.4,100,MCMC,7,3
8,4,0.2,1000,MCMC,8,1
8,4,0.2,500,MCMC,16,3
8,4,0.2,100,MCMC,6,2
8,2,0.2,1000,MCMC,5,3
8,2,0.2,500,MCMC,5,2
8,2,0.2,100,MCMC,8,3
5,2,0.8,1000,MCMC,0,2
5,2,0.8,500,MCMC,0,2
5,2,0.8,100,MCMC,1,1
5,2,0.8,1000,MCMC,11,3
5,2,0.8,500,MCMC,17,2
5,2,0.8,100,MCMC,10,3
5,2,0.6,1000,MCMC,2,0
5,2,0.6,500,MCMC,1,1
5,2,0.6,100,MCMC,0,1
5,2,0.6,1000,MCMC,0,1
5,2,0.6,500,MCMC,1,0
5,2,0.6,100,MCMC,5,2
5,2,0.4,1000,MCMC,0,1
5,2,0.4,500,MCMC,1,0
5,2,0.4,100,MCMC,5,2
5,2,0.4,1000,MCMC,4,2
5,2,0.4,500,MCMC,12,3
5,2,0.4,100,MCMC,2,2
5,2,0.2,1000,MCMC,1,1
5,2,0.2,500,MCMC,1,2
5,2,0.2,100,MCMC,0,2
5,2,0.2,1000,MCMC,1,0
5,2,0.2,500,MCMC,2,2
5,2,0.2,100,MCMC,1,2
8,4,0.8,1000,MCMC,25,5
8,4,0.8,500,MCMC,23,4
8,4,0.8,100,MCMC,26,3
8,2,0.8,1000,MCMC,24,6
8,2,0.8,500,MCMC,35,6
8,2,0.8,100,MCMC,27,4
8,4,0.6,1000,MCMC,9,5
8,4,0.6,500,MCMC,7,4
8,4,0.6,100,MCMC,8,2
8,2,0.6,1000,MCMC,8,2
8,2,0.6,500,MCMC,10,2
8,2,0.6,100,MCMC,13,3
8,4,0.4,1000,MCMC,10,2
8,4,0.4,500,MCMC,27,5
8,4,0.4,100,MCMC,17,5
8,2,0.4,1000,MCMC,6,3
8,2,0.4,500,MCMC,12,1
8,2,0.4,100,MCMC,6,1
8,4,0.2,1000,MCMC,9,2
8,4,0.2,500,MCMC,12,3
8,4,0.2,100,MCMC,9,2
8,2,0.2,1000,MCMC,6,3
8,2,0.2,500,MCMC,7,3
8,2,0.2,100,MCMC,11,1
5,2,0.8,1000,MCMC,1,0
5,2,0.8,500,MCMC,3,0
5,2,0.8,100,MCMC,5,1
5,2,0.8,1000,MCMC,0,0
5,2,0.8,500,MCMC,3,0
5,2,0.8,100,MCMC,3,1
5,2,0.6,1000,MCMC,5,2
5,2,0.6,500,MCMC,4,0
5,2,0.6,100,MCMC,6,1
5,2,0.6,1000,MCMC,0,2
5,2,0.6,500,MCMC,0,2
5,2,0.6,100,MCMC,1,2
5,2,0.4,1000,MCMC,3,0
5,2,0.4,500,MCMC,0,0
5,2,0.4,100,MCMC,1,1
5,2,0.4,1000,MCMC,1,2
5,2,0.4,500,MCMC,1,2
5,2,0.4,100,MCMC,1,0
5,2,0.2,1000,MCMC,2,0
5,2,0.2,500,MCMC,0,1
5,2,0.2,100,MCMC,3,2
5,2,0.2,1000,MCMC,1,0
5,2,0.2,500,MCMC,0,1
5,2,0.2,100,MCMC,3,1
8,4,0.8,1000,MCMC,33,4
8,4,0.8,500,MCMC,31,4
8,4,0.8,100,MCMC,31,4
8,2,0.8,1000,MCMC,13,3
8,2,0.8,500,MCMC,16,5
8,2,0.8,100,MCMC,19,3
8,4,0.6,1000,MCMC,10,3
8,4,0.6,500,MCMC,5,5
8,4,0.6,100,MCMC,9,4
8,2,0.6,1000,MCMC,34,5
8,2,0.6,500,MCMC,15,5
8,2,0.6,100,MCMC,24,4
8,4,0.4,1000,MCMC,7,3
8,4,0.4,500,MCMC,7,2
8,4,0.4,100,MCMC,11,2
8,2,0.4,1000,MCMC,12,4
8,2,0.4,500,MCMC,6,2
8,2,0.4,100,MCMC,7,5
8,4,0.2,1000,MCMC,5,2
8,4,0.2,500,MCMC,5,1
8,4,0.2,100,MCMC,8,1
8,2,0.2,1000,MCMC,5,2
8,2,0.2,500,MCMC,9,4
8,2,0.2,100,MCMC,9,2
5,2,0.8,1000,MCMC,1,0
5,2,0.8,500,MCMC,4,1
5,2,0.8,100,MCMC,3,0
5,2,0.8,1000,MCMC,0,1
5,2,0.8,500,MCMC,0,2
5,2,0.8,100,MCMC,4,2
5,2,0.6,1000,MCMC,0,1
5,2,0.6,500,MCMC,1,0
5,2,0.6,100,MCMC,0,1
5,2,0.6,1000,MCMC,1,1
5,2,0.6,500,MCMC,0,2
5,2,0.6,100,MCMC,11,1
5,2,0.4,1000,MCMC,1,0
5,2,0.4,500,MCMC,4,1
5,2,0.4,100,MCMC,3,2
5,2,0.4,1000,MCMC,1,1
5,2,0.4,500,MCMC,1,0
5,2,0.4,100,MCMC,0,0
5,2,0.2,1000,MCMC,1,0
5,2,0.2,500,MCMC,1,0
5,2,0.2,100,MCMC,3,2
5,2,0.2,1000,MCMC,0,1
5,2,0.2,500,MCMC,0,2
5,2,0.2,100,MCMC,2,0
8,4,0.8,1000,MCMC,32,4
8,4,0.8,500,MCMC,19,4
8,4,0.8,100,MCMC,35,4
8,2,0.8,1000,MCMC,27,5
8,2,0.8,500,MCMC,20,5
8,2,0.8,100,MCMC,18,4
8,4,0.6,1000,MCMC,15,3
8,4,0.6,500,MCMC,14,4
8,4,0.6,100,MCMC,16,3
8,2,0.6,1000,MCMC,13,4
8,2,0.6,500,MCMC,9,4
8,2,0.6,100,MCMC,9,4
8,4,0.4,1000,MCMC,11,1
8,4,0.4,500,MCMC,19,0
8,4,0.4,100,MCMC,12,1
8,2,0.4,1000,MCMC,8,4
8,2,0.4,500,MCMC,9,4
8,2,0.4,100,MCMC,10,3
8,4,0.2,1000,MCMC,9,1
8,4,0.2,500,MCMC,7,3
8,4,0.2,100,MCMC,7,3
8,2,0.2,1000,MCMC,8,1
8,2,0.2,500,MCMC,5,3
8,2,0.2,100,MCMC,4,2
5,2,0.8,1000,MCMC,7,1
5,2,0.8,500,MCMC,12,2
5,2,0.8,100,MCMC,11,2
5,2,0.8,1000,MCMC,6,1
5,2,0.8,500,MCMC,0,2
5,2,0.8,100,MCMC,5,0
5,2,0.6,1000,MCMC,0,2
5,2,0.6,500,MCMC,5,2
5,2,0.6,100,MCMC,7,2
5,2,0.6,1000,MCMC,1,2
5,2,0.6,500,MCMC,9,2
5,2,0.6,100,MCMC,12,2
5,2,0.4,1000,MCMC,1,0
5,2,0.4,500,MCMC,1,2
5,2,0.4,100,MCMC,0,0
5,2,0.4,1000,MCMC,3,0
5,2,0.4,500,MCMC,1,0
5,2,0.4,100,MCMC,3,0
5,2,0.2,1000,MCMC,1,0
5,2,0.2,500,MCMC,1,0
5,2,0.2,100,MCMC,0,0
5,2,0.2,1000,MCMC,1,0
5,2,0.2,500,MCMC,1,2
5,2,0.2,100,MCMC,2,2
8,4,0.8,1000,MCMC,22,3
8,4,0.8,500,MCMC,25,3
8,4,0.8,100,MCMC,27,3
8,2,0.8,1000,MCMC,23,5
8,2,0.8,500,MCMC,18,3
8,2,0.8,100,MCMC,14,2
8,4,0.6,1000,MCMC,21,4
8,4,0.6,500,MCMC,15,3
8,4,0.6,100,MCMC,13,2
8,2,0.6,1000,MCMC,15,6
8,2,0.6,500,MCMC,10,3
8,2,0.6,100,MCMC,24,5
8,4,0.4,1000,MCMC,10,0
8,4,0.4,500,MCMC,7,2
8,4,0.4,100,MCMC,6,2
8,2,0.4,1000,MCMC,8,4
8,2,0.4,500,MCMC,14,4
8,2,0.4,100,MCMC,9,0
8,4,0.2,1000,MCMC,8,4
8,4,0.2,500,MCMC,7,1
8,4,0.2,100,MCMC,13,3
8,2,0.2,1000,MCMC,5,3
8,2,0.2,500,MCMC,6,3
8,2,0.2,100,MCMC,8,0
5,2,0.8,1000,MCMC,17,2
5,2,0.8,500,MCMC,5,2
5,2,0.8,100,MCMC,16,2
5,2,0.8,1000,MCMC,0,0
5,2,0.8,500,MCMC,0,0
5,2,0.8,100,MCMC,5,0
5,2,0.6,1000,MCMC,2,2
5,2,0.6,500,MCMC,1,2
5,2,0.6,100,MCMC,4,2
5,2,0.6,1000,MCMC,4,0
5,2,0.6,500,MCMC,6,1
5,2,0.6,100,MCMC,3,0
5,2,0.4,1000,MCMC,5,1
5,2,0.4,500,MCMC,3,0
5,2,0.4,100,MCMC,2,0
5,2,0.4,1000,MCMC,1,0
5,2,0.4,500,MCMC,2,1
5,2,0.4,100,MCMC,3,2
5,2,0.2,1000,MCMC,0,2
5,2,0.2,500,MCMC,4,2
5,2,0.2,100,MCMC,3,2
5,2,0.2,1000,MCMC,0,1
5,2,0.2,500,MCMC,0,0
5,2,0.2,100,MCMC,7,1
20,10,0.8,1000,GreedyColor,120.0,9
20,10,0.8,1000,GES,199.0,
20,10,0.8,500,GreedyColor,151.0,10
20,10,0.8,500,GES,187.0,
20,10,0.8,100,GreedyColor,206.0,11
20,10,0.8,100,GES,177.0,
20,2,0.8,1000,GreedyColor,189.0,15
20,2,0.8,1000,GES,203.0,
20,2,0.8,500,GreedyColor,213.0,16
20,2,0.8,500,GES,197.0,
20,2,0.8,100,GreedyColor,141.0,15
20,2,0.8,100,GES,180.0,
20,10,0.6,1000,GreedyColor,173.0,9
20,10,0.6,1000,GES,164.0,
20,10,0.6,500,GreedyColor,168.0,10
20,10,0.6,500,GES,153.0,
20,10,0.6,100,GreedyColor,141.0,10
20,10,0.6,100,GES,108.0,
20,2,0.6,1000,GreedyColor,139.0,15
20,2,0.6,1000,GES,187.0,
20,2,0.6,500,GreedyColor,149.0,15
20,2,0.6,500,GES,155.0,
20,2,0.6,100,GreedyColor,159.0,15
20,2,0.6,100,GES,135.0,
20,10,0.4,1000,GreedyColor,67.0,10
20,10,0.4,1000,GES,109.0,
20,10,0.4,500,GreedyColor,99.0,11
20,10,0.4,500,GES,108.0,
20,10,0.4,100,GreedyColor,93.0,12
20,10,0.4,100,GES,88.0,
20,2,0.4,1000,GreedyColor,91.0,15
20,2,0.4,1000,GES,130.0,
20,2,0.4,500,GreedyColor,94.0,9
20,2,0.4,500,GES,103.0,
20,2,0.4,100,GreedyColor,115.0,14
20,2,0.4,100,GES,101.0,
20,10,0.2,1000,GreedyColor,20.0,7
20,10,0.2,1000,GES,26.0,
20,10,0.2,500,GreedyColor,18.0,9
20,10,0.2,500,GES,21.0,
20,10,0.2,100,GreedyColor,31.0,11
20,10,0.2,100,GES,26.0,
20,2,0.2,1000,GreedyColor,28.0,10
20,2,0.2,1000,GES,58.0,
20,2,0.2,500,GreedyColor,73.0,12
20,2,0.2,500,GES,65.0,
20,2,0.2,100,GreedyColor,37.0,8
20,2,0.2,100,GES,48.0,
8,4,0.8,1000,GreedyColor,12.0,3
8,4,0.8,1000,GES,23.0,
8,4,0.8,500,GreedyColor,20.0,3
8,4,0.8,500,GES,13.0,
8,4,0.8,100,GreedyColor,21.0,5
8,4,0.8,100,GES,23.0,
8,2,0.8,1000,GreedyColor,7.0,4
8,2,0.8,1000,GES,30.0,
8,2,0.8,500,GreedyColor,7.0,3
8,2,0.8,500,GES,31.0,
8,2,0.8,100,GreedyColor,14.0,4
8,2,0.8,100,GES,26.0,
8,4,0.6,1000,GreedyColor,2.0,0
8,4,0.6,1000,GES,24.0,
8,4,0.6,500,GreedyColor,6.0,0
8,4,0.6,500,GES,17.0,
8,4,0.6,100,GreedyColor,12.0,0
8,4,0.6,100,GES,9.0,
8,2,0.6,1000,GreedyColor,12.0,4
8,2,0.6,1000,GES,6.0,
8,2,0.6,500,GreedyColor,16.0,4
8,2,0.6,500,GES,6.0,
8,2,0.6,100,GreedyColor,13.0,4
8,2,0.6,100,GES,6.0,
8,4,0.4,1000,GreedyColor,10.0,3
8,4,0.4,1000,GES,6.0,
8,4,0.4,500,GreedyColor,4.0,1
8,4,0.4,500,GES,8.0,
8,4,0.4,100,GreedyColor,8.0,1
8,4,0.4,100,GES,7.0,
8,2,0.4,1000,GreedyColor,4.0,0
8,2,0.4,1000,GES,6.0,
8,2,0.4,500,GreedyColor,6.0,0
8,2,0.4,500,GES,9.0,
8,2,0.4,100,GreedyColor,9.0,0
8,2,0.4,100,GES,13.0,
8,4,0.2,1000,GreedyColor,1.0,1
8,4,0.2,1000,GES,4.0,
8,4,0.2,500,GreedyColor,1.0,1
8,4,0.2,500,GES,4.0,
8,4,0.2,100,GreedyColor,1.0,1
8,4,0.2,100,GES,4.0,
8,2,0.2,1000,GreedyColor,0.0,0
8,2,0.2,1000,GES,2.0,
8,2,0.2,500,GreedyColor,1.0,1
8,2,0.2,500,GES,3.0,
8,2,0.2,100,GreedyColor,6.0,1
8,2,0.2,100,GES,9.0,
5,2,0.8,1000,GreedyColor,0.0,0
5,2,0.8,1000,GES,13.0,
5,2,0.8,500,GreedyColor,13.0,3
5,2,0.8,500,GES,8.0,
5,2,0.8,100,GreedyColor,12.0,3
5,2,0.8,100,GES,11.0,
5,2,0.8,1000,GreedyColor,2.0,2
5,2,0.8,1000,GES,4.0,
5,2,0.8,500,GreedyColor,3.0,1
5,2,0.8,500,GES,4.0,
5,2,0.8,100,GreedyColor,2.0,2
5,2,0.8,100,GES,16.0,
5,2,0.6,1000,GreedyColor,5.0,1
5,2,0.6,1000,GES,8.0,
5,2,0.6,500,GreedyColor,0.0,0
5,2,0.6,500,GES,8.0,
5,2,0.6,100,GreedyColor,4.0,2
5,2,0.6,100,GES,1.0,
5,2,0.6,1000,GreedyColor,9.0,2
5,2,0.6,1000,GES,7.0,
5,2,0.6,500,GreedyColor,7.0,3
5,2,0.6,500,GES,6.0,
5,2,0.6,100,GreedyColor,4.0,2
5,2,0.6,100,GES,9.0,
5,2,0.4,1000,GreedyColor,0.0,0
5,2,0.4,1000,GES,4.0,
5,2,0.4,500,GreedyColor,2.0,0
5,2,0.4,500,GES,2.0,
5,2,0.4,100,GreedyColor,1.0,0
5,2,0.4,100,GES,2.0,
5,2,0.4,1000,GreedyColor,2.0,0
5,2,0.4,1000,GES,2.0,
5,2,0.4,500,GreedyColor,0.0,0
5,2,0.4,500,GES,2.0,
5,2,0.4,100,GreedyColor,3.0,0
5,2,0.4,100,GES,2.0,
5,2,0.2,1000,GreedyColor,0.0,0
5,2,0.2,1000,GES,1.0,
5,2,0.2,500,GreedyColor,0.0,0
5,2,0.2,500,GES,1.0,
5,2,0.2,100,GreedyColor,1.0,0
5,2,0.2,100,GES,1.0,
5,2,0.2,1000,GreedyColor,0.0,0
5,2,0.2,1000,GES,0.0,
5,2,0.2,500,GreedyColor,0.0,0
5,2,0.2,500,GES,0.0,
5,2,0.2,100,GreedyColor,1.0,0
5,2,0.2,100,GES,2.0,
20,10,0.8,1000,GreedyColor,165.0,12
20,10,0.8,1000,GES,154.0,
20,10,0.8,500,GreedyColor,139.0,12
20,10,0.8,500,GES,190.0,
20,10,0.8,100,GreedyColor,173.0,11
20,10,0.8,100,GES,163.0,
20,2,0.8,1000,GreedyColor,201.0,15
20,2,0.8,1000,GES,181.0,
20,2,0.8,500,GreedyColor,185.0,15
20,2,0.8,500,GES,183.0,
20,2,0.8,100,GreedyColor,187.0,15
20,2,0.8,100,GES,171.0,
20,10,0.6,1000,GreedyColor,130.0,11
20,10,0.6,1000,GES,149.0,
20,10,0.6,500,GreedyColor,140.0,10
20,10,0.6,500,GES,115.0,
20,10,0.6,100,GreedyColor,134.0,12
20,10,0.6,100,GES,138.0,
20,2,0.6,1000,GreedyColor,108.0,16
20,2,0.6,1000,GES,181.0,
20,2,0.6,500,GreedyColor,186.0,15
20,2,0.6,500,GES,166.0,
20,2,0.6,100,GreedyColor,171.0,15
20,2,0.6,100,GES,174.0,
20,10,0.4,1000,GreedyColor,82.0,10
20,10,0.4,1000,GES,102.0,
20,10,0.4,500,GreedyColor,74.0,8
20,10,0.4,500,GES,128.0,
20,10,0.4,100,GreedyColor,75.0,9
20,10,0.4,100,GES,90.0,
20,2,0.4,1000,GreedyColor,117.0,15
20,2,0.4,1000,GES,119.0,
20,2,0.4,500,GreedyColor,103.0,11
20,2,0.4,500,GES,125.0,
20,2,0.4,100,GreedyColor,105.0,15
20,2,0.4,100,GES,73.0,
20,10,0.2,1000,GreedyColor,65.0,9
20,10,0.2,1000,GES,74.0,
20,10,0.2,500,GreedyColor,42.0,8
20,10,0.2,500,GES,78.0,
20,10,0.2,100,GreedyColor,62.0,10
20,10,0.2,100,GES,47.0,
20,2,0.2,1000,GreedyColor,14.0,9
20,2,0.2,1000,GES,14.0,
20,2,0.2,500,GreedyColor,18.0,7
20,2,0.2,500,GES,29.0,
20,2,0.2,100,GreedyColor,18.0,4
20,2,0.2,100,GES,35.0,
8,4,0.8,1000,GreedyColor,20.0,4
8,4,0.8,1000,GES,27.0,
8,4,0.8,500,GreedyColor,11.0,3
8,4,0.8,500,GES,28.0,
8,4,0.8,100,GreedyColor,16.0,4
8,4,0.8,100,GES,29.0,
8,2,0.8,1000,GreedyColor,24.0,4
8,2,0.8,1000,GES,26.0,
8,2,0.8,500,GreedyColor,4.0,0
8,2,0.8,500,GES,22.0,
8,2,0.8,100,GreedyColor,11.0,2
8,2,0.8,100,GES,25.0,
8,4,0.6,1000,GreedyColor,17.0,2
8,4,0.6,1000,GES,28.0,
8,4,0.6,500,GreedyColor,16.0,3
8,4,0.6,500,GES,24.0,
8,4,0.6,100,GreedyColor,26.0,4
8,4,0.6,100,GES,21.0,
8,2,0.6,1000,GreedyColor,18.0,5
8,2,0.6,1000,GES,12.0,
8,2,0.6,500,GreedyColor,8.0,4
8,2,0.6,500,GES,16.0,
8,2,0.6,100,GreedyColor,11.0,2
8,2,0.6,100,GES,18.0,
8,4,0.4,1000,GreedyColor,9.0,3
8,4,0.4,1000,GES,10.0,
8,4,0.4,500,GreedyColor,9.0,3
8,4,0.4,500,GES,15.0,
8,4,0.4,100,GreedyColor,9.0,4
8,4,0.4,100,GES,15.0,
8,2,0.4,1000,GreedyColor,8.0,1
8,2,0.4,1000,GES,5.0,
8,2,0.4,500,GreedyColor,10.0,1
8,2,0.4,500,GES,7.0,
8,2,0.4,100,GreedyColor,9.0,2
8,2,0.4,100,GES,10.0,
8,4,0.2,1000,GreedyColor,8.0,2
8,4,0.2,1000,GES,3.0,
8,4,0.2,500,GreedyColor,8.0,3
8,4,0.2,500,GES,2.0,
8,4,0.2,100,GreedyColor,10.0,2
8,4,0.2,100,GES,4.0,
8,2,0.2,1000,GreedyColor,0.0,0
8,2,0.2,1000,GES,2.0,
8,2,0.2,500,GreedyColor,1.0,2
8,2,0.2,500,GES,5.0,
8,2,0.2,100,GreedyColor,0.0,3
8,2,0.2,100,GES,2.0,
5,2,0.8,1000,GreedyColor,0.0,0
5,2,0.8,1000,GES,11.0,
5,2,0.8,500,GreedyColor,0.0,2
5,2,0.8,500,GES,3.0,
5,2,0.8,100,GreedyColor,0.0,2
5,2,0.8,100,GES,8.0,
5,2,0.8,1000,GreedyColor,3.0,2
5,2,0.8,1000,GES,4.0,
5,2,0.8,500,GreedyColor,4.0,2
5,2,0.8,500,GES,13.0,
5,2,0.8,100,GreedyColor,5.0,2
5,2,0.8,100,GES,4.0,
5,2,0.6,1000,GreedyColor,4.0,0
5,2,0.6,1000,GES,3.0,
5,2,0.6,500,GreedyColor,4.0,0
5,2,0.6,500,GES,3.0,
5,2,0.6,100,GreedyColor,1.0,0
5,2,0.6,100,GES,3.0,
5,2,0.6,1000,GreedyColor,3.0,1
5,2,0.6,1000,GES,4.0,
5,2,0.6,500,GreedyColor,2.0,2
5,2,0.6,500,GES,4.0,
5,2,0.6,100,GreedyColor,0.0,2
5,2,0.6,100,GES,4.0,
5,2,0.4,1000,GreedyColor,9.0,2
5,2,0.4,1000,GES,11.0,
5,2,0.4,500,GreedyColor,11.0,2
5,2,0.4,500,GES,9.0,
5,2,0.4,100,GreedyColor,5.0,3
5,2,0.4,100,GES,4.0,
5,2,0.4,1000,GreedyColor,0.0,0
5,2,0.4,1000,GES,1.0,
5,2,0.4,500,GreedyColor,0.0,0
5,2,0.4,500,GES,1.0,
5,2,0.4,100,GreedyColor,0.0,1
5,2,0.4,100,GES,1.0,
5,2,0.2,1000,GreedyColor,0.0,0
5,2,0.2,1000,GES,1.0,
5,2,0.2,500,GreedyColor,0.0,0
5,2,0.2,500,GES,1.0,
5,2,0.2,100,GreedyColor,4.0,1
5,2,0.2,100,GES,3.0,
5,2,0.2,1000,GreedyColor,0.0,0
5,2,0.2,1000,GES,1.0,
5,2,0.2,500,GreedyColor,0.0,0
5,2,0.2,500,GES,1.0,
5,2,0.2,100,GreedyColor,0.0,0
5,2,0.2,100,GES,1.0,
20,10,0.8,1000,GreedyColor,114.0,12
20,10,0.8,1000,GES,187.0,
20,10,0.8,500,GreedyColor,151.0,11
20,10,0.8,500,GES,166.0,
20,10,0.8,100,GreedyColor,169.0,9
20,10,0.8,100,GES,169.0,
20,2,0.8,1000,GreedyColor,128.0,15
20,2,0.8,1000,GES,190.0,
20,2,0.8,500,GreedyColor,127.0,15
20,2,0.8,500,GES,205.0,
20,2,0.8,100,GreedyColor,177.0,15
20,2,0.8,100,GES,173.0,
20,10,0.6,1000,GreedyColor,123.0,12
20,10,0.6,1000,GES,171.0,
20,10,0.6,500,GreedyColor,185.0,10
20,10,0.6,500,GES,138.0,
20,10,0.6,100,GreedyColor,96.0,9
20,10,0.6,100,GES,172.0,
20,2,0.6,1000,GreedyColor,176.0,14
20,2,0.6,1000,GES,183.0,
20,2,0.6,500,GreedyColor,145.0,15
20,2,0.6,500,GES,170.0,
20,2,0.6,100,GreedyColor,140.0,16
20,2,0.6,100,GES,141.0,
20,10,0.4,1000,GreedyColor,34.0,9
20,10,0.4,1000,GES,81.0,
20,10,0.4,500,GreedyColor,51.0,8
20,10,0.4,500,GES,65.0,
20,10,0.4,100,GreedyColor,104.0,10
20,10,0.4,100,GES,75.0,
20,2,0.4,1000,GreedyColor,92.0,15
20,2,0.4,1000,GES,110.0,
20,2,0.4,500,GreedyColor,109.0,14
20,2,0.4,500,GES,112.0,
20,2,0.4,100,GreedyColor,98.0,10
20,2,0.4,100,GES,111.0,
20,10,0.2,1000,GreedyColor,24.0,7
20,10,0.2,1000,GES,7.0,
20,10,0.2,500,GreedyColor,18.0,9
20,10,0.2,500,GES,27.0,
20,10,0.2,100,GreedyColor,35.0,10
20,10,0.2,100,GES,20.0,
20,2,0.2,1000,GreedyColor,9.0,8
20,2,0.2,1000,GES,30.0,
20,2,0.2,500,GreedyColor,33.0,10
20,2,0.2,500,GES,41.0,
20,2,0.2,100,GreedyColor,21.0,8
20,2,0.2,100,GES,39.0,
8,4,0.8,1000,GreedyColor,13.0,2
8,4,0.8,1000,GES,28.0,
8,4,0.8,500,GreedyColor,22.0,2
8,4,0.8,500,GES,24.0,
8,4,0.8,100,GreedyColor,13.0,1
8,4,0.8,100,GES,18.0,
8,2,0.8,1000,GreedyColor,27.0,5
8,2,0.8,1000,GES,25.0,
8,2,0.8,500,GreedyColor,34.0,4
8,2,0.8,500,GES,30.0,
8,2,0.8,100,GreedyColor,22.0,5
8,2,0.8,100,GES,26.0,
8,4,0.6,1000,GreedyColor,19.0,4
8,4,0.6,1000,GES,21.0,
8,4,0.6,500,GreedyColor,12.0,3
8,4,0.6,500,GES,23.0,
8,4,0.6,100,GreedyColor,19.0,4
8,4,0.6,100,GES,20.0,
8,2,0.6,1000,GreedyColor,3.0,3
8,2,0.6,1000,GES,26.0,
8,2,0.6,500,GreedyColor,3.0,0
8,2,0.6,500,GES,17.0,
8,2,0.6,100,GreedyColor,4.0,0
8,2,0.6,100,GES,16.0,
8,4,0.4,1000,GreedyColor,1.0,1
8,4,0.4,1000,GES,5.0,
8,4,0.4,500,GreedyColor,1.0,2
8,4,0.4,500,GES,5.0,
8,4,0.4,100,GreedyColor,3.0,3
8,4,0.4,100,GES,5.0,
8,2,0.4,1000,GreedyColor,1.0,0
8,2,0.4,1000,GES,6.0,
8,2,0.4,500,GreedyColor,0.0,2
8,2,0.4,500,GES,2.0,
8,2,0.4,100,GreedyColor,5.0,2
8,2,0.4,100,GES,5.0,
8,4,0.2,1000,GreedyColor,9.0,3
8,4,0.2,1000,GES,11.0,
8,4,0.2,500,GreedyColor,6.0,3
8,4,0.2,500,GES,9.0,
8,4,0.2,100,GreedyColor,12.0,3
8,4,0.2,100,GES,9.0,
8,2,0.2,1000,GreedyColor,13.0,5
8,2,0.2,1000,GES,3.0,
8,2,0.2,500,GreedyColor,0.0,3
8,2,0.2,500,GES,14.0,
8,2,0.2,100,GreedyColor,10.0,3
8,2,0.2,100,GES,8.0,
5,2,0.8,1000,GreedyColor,1.0,2
5,2,0.8,1000,GES,4.0,
5,2,0.8,500,GreedyColor,2.0,2
5,2,0.8,500,GES,11.0,
5,2,0.8,100,GreedyColor,6.0,1
5,2,0.8,100,GES,9.0,
5,2,0.8,1000,GreedyColor,10.0,2
5,2,0.8,1000,GES,13.0,
5,2,0.8,500,GreedyColor,6.0,1
5,2,0.8,500,GES,6.0,
5,2,0.8,100,GreedyColor,8.0,2
5,2,0.8,100,GES,8.0,
5,2,0.6,1000,GreedyColor,1.0,0
5,2,0.6,1000,GES,5.0,
5,2,0.6,500,GreedyColor,2.0,0
5,2,0.6,500,GES,3.0,
5,2,0.6,100,GreedyColor,2.0,0
5,2,0.6,100,GES,4.0,
5,2,0.6,1000,GreedyColor,2.0,2
5,2,0.6,1000,GES,2.0,
5,2,0.6,500,GreedyColor,0.0,0
5,2,0.6,500,GES,2.0,
5,2,0.6,100,GreedyColor,6.0,2
5,2,0.6,100,GES,7.0,
5,2,0.4,1000,GreedyColor,4.0,2
5,2,0.4,1000,GES,1.0,
5,2,0.4,500,GreedyColor,1.0,0
5,2,0.4,500,GES,1.0,
5,2,0.4,100,GreedyColor,1.0,0
5,2,0.4,100,GES,1.0,
5,2,0.4,1000,GreedyColor,2.0,2
5,2,0.4,1000,GES,3.0,
5,2,0.4,500,GreedyColor,2.0,1
5,2,0.4,500,GES,3.0,
5,2,0.4,100,GreedyColor,2.0,1
5,2,0.4,100,GES,3.0,
5,2,0.2,1000,GreedyColor,0.0,0
5,2,0.2,1000,GES,1.0,
5,2,0.2,500,GreedyColor,0.0,0
5,2,0.2,500,GES,1.0,
5,2,0.2,100,GreedyColor,0.0,0
5,2,0.2,100,GES,1.0,
5,2,0.2,1000,GreedyColor,0.0,0
5,2,0.2,1000,GES,0.0,
5,2,0.2,500,GreedyColor,0.0,0
5,2,0.2,500,GES,0.0,
5,2,0.2,100,GreedyColor,0.0,0
5,2,0.2,100,GES,0.0,
20,10,0.8,1000,GreedyColor,122.0,10
20,10,0.8,1000,GES,173.0,
20,10,0.8,500,GreedyColor,183.0,10
20,10,0.8,500,GES,169.0,
20,10,0.8,100,GreedyColor,133.0,10
20,10,0.8,100,GES,165.0,
20,2,0.8,1000,GreedyColor,110.0,14
20,2,0.8,1000,GES,173.0,
20,2,0.8,500,GreedyColor,110.0,13
20,2,0.8,500,GES,198.0,
20,2,0.8,100,GreedyColor,131.0,14
20,2,0.8,100,GES,191.0,
20,10,0.6,1000,GreedyColor,100.0,9
20,10,0.6,1000,GES,175.0,
20,10,0.6,500,GreedyColor,128.0,9
20,10,0.6,500,GES,73.0,
20,10,0.6,100,GreedyColor,138.0,10
20,10,0.6,100,GES,116.0,
20,2,0.6,1000,GreedyColor,140.0,17
20,2,0.6,1000,GES,149.0,
20,2,0.6,500,GreedyColor,86.0,14
20,2,0.6,500,GES,162.0,
20,2,0.6,100,GreedyColor,87.0,12
20,2,0.6,100,GES,116.0,
20,10,0.4,1000,GreedyColor,36.0,8
20,10,0.4,1000,GES,157.0,
20,10,0.4,500,GreedyColor,60.0,9
20,10,0.4,500,GES,138.0,
20,10,0.4,100,GreedyColor,87.0,12
20,10,0.4,100,GES,112.0,
20,2,0.4,1000,GreedyColor,105.0,14
20,2,0.4,1000,GES,143.0,
20,2,0.4,500,GreedyColor,107.0,15
20,2,0.4,500,GES,135.0,
20,2,0.4,100,GreedyColor,107.0,13
20,2,0.4,100,GES,105.0,
20,10,0.2,1000,GreedyColor,35.0,12
20,10,0.2,1000,GES,104.0,
20,10,0.2,500,GreedyColor,34.0,11
20,10,0.2,500,GES,90.0,
20,10,0.2,100,GreedyColor,41.0,11
20,10,0.2,100,GES,65.0,
20,2,0.2,1000,GreedyColor,36.0,10
20,2,0.2,1000,GES,7.0,
20,2,0.2,500,GreedyColor,32.0,8
20,2,0.2,500,GES,14.0,
20,2,0.2,100,GreedyColor,35.0,10
20,2,0.2,100,GES,20.0,
8,4,0.8,1000,GreedyColor,13.0,4
8,4,0.8,1000,GES,23.0,
8,4,0.8,500,GreedyColor,14.0,3
8,4,0.8,500,GES,22.0,
8,4,0.8,100,GreedyColor,15.0,3
8,4,0.8,100,GES,23.0,
8,2,0.8,1000,GreedyColor,12.0,4
8,2,0.8,1000,GES,31.0,
8,2,0.8,500,GreedyColor,30.0,4
8,2,0.8,500,GES,31.0,
8,2,0.8,100,GreedyColor,9.0,4
8,2,0.8,100,GES,25.0,
8,4,0.6,1000,GreedyColor,9.0,3
8,4,0.6,1000,GES,3.0,
8,4,0.6,500,GreedyColor,4.0,2
8,4,0.6,500,GES,5.0,
8,4,0.6,100,GreedyColor,12.0,3
8,4,0.6,100,GES,7.0,
8,2,0.6,1000,GreedyColor,0.0,0
8,2,0.6,1000,GES,1.0,
8,2,0.6,500,GreedyColor,2.0,0
8,2,0.6,500,GES,4.0,
8,2,0.6,100,GreedyColor,14.0,2
8,2,0.6,100,GES,12.0,
8,4,0.4,1000,GreedyColor,5.0,4
8,4,0.4,1000,GES,7.0,
8,4,0.4,500,GreedyColor,14.0,4
8,4,0.4,500,GES,7.0,
8,4,0.4,100,GreedyColor,11.0,4
8,4,0.4,100,GES,11.0,
8,2,0.4,1000,GreedyColor,4.0,3
8,2,0.4,1000,GES,6.0,
8,2,0.4,500,GreedyColor,5.0,5
8,2,0.4,500,GES,6.0,
8,2,0.4,100,GreedyColor,6.0,2
8,2,0.4,100,GES,18.0,
8,4,0.2,1000,GreedyColor,0.0,0
8,4,0.2,1000,GES,4.0,
8,4,0.2,500,GreedyColor,3.0,3
8,4,0.2,500,GES,4.0,
8,4,0.2,100,GreedyColor,0.0,3
8,4,0.2,100,GES,1.0,
8,2,0.2,1000,GreedyColor,0.0,1
8,2,0.2,1000,GES,3.0,
8,2,0.2,500,GreedyColor,2.0,3
8,2,0.2,500,GES,3.0,
8,2,0.2,100,GreedyColor,6.0,4
8,2,0.2,100,GES,6.0,
5,2,0.8,1000,GreedyColor,5.0,1
5,2,0.8,1000,GES,6.0,
5,2,0.8,500,GreedyColor,0.0,0
5,2,0.8,500,GES,4.0,
5,2,0.8,100,GreedyColor,6.0,2
5,2,0.8,100,GES,10.0,
5,2,0.8,1000,GreedyColor,1.0,2
5,2,0.8,1000,GES,9.0,
5,2,0.8,500,GreedyColor,1.0,2
5,2,0.8,500,GES,5.0,
5,2,0.8,100,GreedyColor,3.0,0
5,2,0.8,100,GES,4.0,
5,2,0.6,1000,GreedyColor,0.0,0
5,2,0.6,1000,GES,4.0,
5,2,0.6,500,GreedyColor,1.0,1
5,2,0.6,500,GES,4.0,
5,2,0.6,100,GreedyColor,0.0,0
5,2,0.6,100,GES,4.0,
5,2,0.6,1000,GreedyColor,0.0,0
5,2,0.6,1000,GES,2.0,
5,2,0.6,500,GreedyColor,0.0,0
5,2,0.6,500,GES,2.0,
5,2,0.6,100,GreedyColor,0.0,2
5,2,0.6,100,GES,2.0,
5,2,0.4,1000,GreedyColor,0.0,0
5,2,0.4,1000,GES,1.0,
5,2,0.4,500,GreedyColor,0.0,0
5,2,0.4,500,GES,11.0,
5,2,0.4,100,GreedyColor,1.0,0
5,2,0.4,100,GES,9.0,
5,2,0.4,1000,GreedyColor,3.0,1
5,2,0.4,1000,GES,0.0,
5,2,0.4,500,GreedyColor,7.0,2
5,2,0.4,500,GES,0.0,
5,2,0.4,100,GreedyColor,3.0,1
5,2,0.4,100,GES,0.0,
5,2,0.2,1000,GreedyColor,5.0,1
5,2,0.2,1000,GES,3.0,
5,2,0.2,500,GreedyColor,2.0,2
5,2,0.2,500,GES,3.0,
5,2,0.2,100,GreedyColor,3.0,2
5,2,0.2,100,GES,5.0,
5,2,0.2,1000,GreedyColor,0.0,0
5,2,0.2,1000,GES,1.0,
5,2,0.2,500,GreedyColor,0.0,0
5,2,0.2,500,GES,1.0,
5,2,0.2,100,GreedyColor,1.0,0
5,2,0.2,100,GES,1.0,
20,10,0.8,1000,GreedyColor,183.0,10
20,10,0.8,1000,GES,135.0,
20,10,0.8,500,GreedyColor,127.0,11
20,10,0.8,500,GES,210.0,
20,10,0.8,100,GreedyColor,154.0,8
20,10,0.8,100,GES,186.0,
20,2,0.8,1000,GreedyColor,111.0,14
20,2,0.8,1000,GES,208.0,
20,2,0.8,500,GreedyColor,161.0,14
20,2,0.8,500,GES,206.0,
20,2,0.8,100,GreedyColor,169.0,15
20,2,0.8,100,GES,183.0,
20,10,0.6,1000,GreedyColor,159.0,11
20,10,0.6,1000,GES,121.0,
20,10,0.6,500,GreedyColor,123.0,9
20,10,0.6,500,GES,136.0,
20,10,0.6,100,GreedyColor,129.0,10
20,10,0.6,100,GES,155.0,
20,2,0.6,1000,GreedyColor,141.0,14
20,2,0.6,1000,GES,208.0,
20,2,0.6,500,GreedyColor,129.0,12
20,2,0.6,500,GES,197.0,
20,2,0.6,100,GreedyColor,171.0,14
20,2,0.6,100,GES,169.0,
20,10,0.4,1000,GreedyColor,80.0,11
20,10,0.4,1000,GES,65.0,
20,10,0.4,500,GreedyColor,90.0,11
20,10,0.4,500,GES,74.0,
20,10,0.4,100,GreedyColor,83.0,12
20,10,0.4,100,GES,97.0,
20,2,0.4,1000,GreedyColor,106.0,15
20,2,0.4,1000,GES,122.0,
20,2,0.4,500,GreedyColor,100.0,15
20,2,0.4,500,GES,136.0,
20,2,0.4,100,GreedyColor,77.0,13
20,2,0.4,100,GES,90.0,
20,10,0.2,1000,GreedyColor,28.0,6
20,10,0.2,1000,GES,9.0,
20,10,0.2,500,GreedyColor,22.0,8
20,10,0.2,500,GES,10.0,
20,10,0.2,100,GreedyColor,29.0,10
20,10,0.2,100,GES,15.0,
20,2,0.2,1000,GreedyColor,22.0,6
20,2,0.2,1000,GES,10.0,
20,2,0.2,500,GreedyColor,16.0,7
20,2,0.2,500,GES,37.0,
20,2,0.2,100,GreedyColor,17.0,3
20,2,0.2,100,GES,27.0,
8,4,0.8,1000,GreedyColor,11.0,2
8,4,0.8,1000,GES,17.0,
8,4,0.8,500,GreedyColor,17.0,3
8,4,0.8,500,GES,15.0,
8,4,0.8,100,GreedyColor,22.0,3
8,4,0.8,100,GES,22.0,
8,2,0.8,1000,GreedyColor,21.0,5
8,2,0.8,1000,GES,29.0,
8,2,0.8,500,GreedyColor,19.0,4
8,2,0.8,500,GES,29.0,
8,2,0.8,100,GreedyColor,13.0,4
8,2,0.8,100,GES,28.0,
8,4,0.6,1000,GreedyColor,19.0,4
8,4,0.6,1000,GES,22.0,
8,4,0.6,500,GreedyColor,17.0,3
8,4,0.6,500,GES,22.0,
8,4,0.6,100,GreedyColor,12.0,3
8,4,0.6,100,GES,23.0,
8,2,0.6,1000,GreedyColor,9.0,3
8,2,0.6,1000,GES,18.0,
8,2,0.6,500,GreedyColor,6.0,3
8,2,0.6,500,GES,34.0,
8,2,0.6,100,GreedyColor,10.0,2
8,2,0.6,100,GES,27.0,
8,4,0.4,1000,GreedyColor,9.0,1
8,4,0.4,1000,GES,7.0,
8,4,0.4,500,GreedyColor,8.0,1
8,4,0.4,500,GES,6.0,
8,4,0.4,100,GreedyColor,7.0,1
8,4,0.4,100,GES,9.0,
8,2,0.4,1000,GreedyColor,1.0,3
8,2,0.4,1000,GES,6.0,
8,2,0.4,500,GreedyColor,12.0,4
8,2,0.4,500,GES,4.0,
8,2,0.4,100,GreedyColor,13.0,4
8,2,0.4,100,GES,5.0,
8,4,0.2,1000,GreedyColor,8.0,3
8,4,0.2,1000,GES,6.0,
8,4,0.2,500,GreedyColor,4.0,3
8,4,0.2,500,GES,6.0,
8,4,0.2,100,GreedyColor,11.0,4
8,4,0.2,100,GES,12.0,
8,2,0.2,1000,GreedyColor,5.0,1
8,2,0.2,1000,GES,13.0,
8,2,0.2,500,GreedyColor,6.0,3
8,2,0.2,500,GES,8.0,
8,2,0.2,100,GreedyColor,8.0,0
8,2,0.2,100,GES,8.0,
5,2,0.8,1000,GreedyColor,4.0,2
5,2,0.8,1000,GES,12.0,
5,2,0.8,500,GreedyColor,7.0,2
5,2,0.8,500,GES,12.0,
5,2,0.8,100,GreedyColor,11.0,2
5,2,0.8,100,GES,12.0,
5,2,0.8,1000,GreedyColor,3.0,2
5,2,0.8,1000,GES,10.0,
5,2,0.8,500,GreedyColor,4.0,2
5,2,0.8,500,GES,9.0,
5,2,0.8,100,GreedyColor,9.0,2
5,2,0.8,100,GES,8.0,
5,2,0.6,1000,GreedyColor,8.0,3
5,2,0.6,1000,GES,9.0,
5,2,0.6,500,GreedyColor,5.0,2
5,2,0.6,500,GES,9.0,
5,2,0.6,100,GreedyColor,4.0,2
5,2,0.6,100,GES,6.0,
5,2,0.6,1000,GreedyColor,6.0,2
5,2,0.6,1000,GES,4.0,
5,2,0.6,500,GreedyColor,2.0,0
5,2,0.6,500,GES,11.0,
5,2,0.6,100,GreedyColor,10.0,2
5,2,0.6,100,GES,8.0,
5,2,0.4,1000,GreedyColor,3.0,0
5,2,0.4,1000,GES,0.0,
5,2,0.4,500,GreedyColor,5.0,2
5,2,0.4,500,GES,0.0,
5,2,0.4,100,GreedyColor,4.0,1
5,2,0.4,100,GES,0.0,
5,2,0.4,1000,GreedyColor,0.0,0
5,2,0.4,1000,GES,1.0,
5,2,0.4,500,GreedyColor,0.0,0
5,2,0.4,500,GES,1.0,
5,2,0.4,100,GreedyColor,1.0,0
5,2,0.4,100,GES,1.0,
5,2,0.2,1000,GreedyColor,0.0,0
5,2,0.2,1000,GES,1.0,
5,2,0.2,500,GreedyColor,0.0,0
5,2,0.2,500,GES,1.0,
5,2,0.2,100,GreedyColor,1.0,0
5,2,0.2,100,GES,1.0,
5,2,0.2,1000,GreedyColor,0.0,0
5,2,0.2,1000,GES,1.0,
5,2,0.2,500,GreedyColor,0.0,0
5,2,0.2,500,GES,1.0,
5,2,0.2,100,GreedyColor,0.0,0
5,2,0.2,100,GES,1.0,
20,10,0.8,1000,GreedyColor,149.0,10
20,10,0.8,1000,GES,192.0,
20,10,0.8,500,GreedyColor,196.0,8
20,10,0.8,500,GES,171.0,
20,10,0.8,100,GreedyColor,153.0,10
20,10,0.8,100,GES,176.0,
20,2,0.8,1000,GreedyColor,129.0,15
20,2,0.8,1000,GES,194.0,
20,2,0.8,500,GreedyColor,115.0,14
20,2,0.8,500,GES,174.0,
20,2,0.8,100,GreedyColor,135.0,12
20,2,0.8,100,GES,139.0,
20,10,0.6,1000,GreedyColor,130.0,9
20,10,0.6,1000,GES,101.0,
20,10,0.6,500,GreedyColor,114.0,9
20,10,0.6,500,GES,131.0,
20,10,0.6,100,GreedyColor,119.0,11
20,10,0.6,100,GES,153.0,
20,2,0.6,1000,GreedyColor,137.0,15
20,2,0.6,1000,GES,133.0,
20,2,0.6,500,GreedyColor,168.0,14
20,2,0.6,500,GES,123.0,
20,2,0.6,100,GreedyColor,144.0,14
20,2,0.6,100,GES,154.0,
20,10,0.4,1000,GreedyColor,86.0,10
20,10,0.4,1000,GES,85.0,
20,10,0.4,500,GreedyColor,86.0,10
20,10,0.4,500,GES,91.0,
20,10,0.4,100,GreedyColor,118.0,10
20,10,0.4,100,GES,105.0,
20,2,0.4,1000,GreedyColor,29.0,14
20,2,0.4,1000,GES,94.0,
20,2,0.4,500,GreedyColor,64.0,13
20,2,0.4,500,GES,109.0,
20,2,0.4,100,GreedyColor,104.0,14
20,2,0.4,100,GES,127.0,
20,10,0.2,1000,GreedyColor,35.0,8
20,10,0.2,1000,GES,9.0,
20,10,0.2,500,GreedyColor,39.0,8
20,10,0.2,500,GES,22.0,
20,10,0.2,100,GreedyColor,52.0,11
20,10,0.2,100,GES,30.0,
20,2,0.2,1000,GreedyColor,29.0,8
20,2,0.2,1000,GES,26.0,
20,2,0.2,500,GreedyColor,28.0,9
20,2,0.2,500,GES,47.0,
20,2,0.2,100,GreedyColor,31.0,7
20,2,0.2,100,GES,46.0,
8,4,0.8,1000,GreedyColor,13.0,4
8,4,0.8,1000,GES,24.0,
8,4,0.8,500,GreedyColor,14.0,4
8,4,0.8,500,GES,19.0,
8,4,0.8,100,GreedyColor,16.0,4
8,4,0.8,100,GES,24.0,
8,2,0.8,1000,GreedyColor,6.0,4
8,2,0.8,1000,GES,16.0,
8,2,0.8,500,GreedyColor,20.0,4
8,2,0.8,500,GES,24.0,
8,2,0.8,100,GreedyColor,9.0,4
8,2,0.8,100,GES,25.0,
8,4,0.6,1000,GreedyColor,21.0,4
8,4,0.6,1000,GES,15.0,
8,4,0.6,500,GreedyColor,9.0,3
8,4,0.6,500,GES,18.0,
8,4,0.6,100,GreedyColor,15.0,4
8,4,0.6,100,GES,13.0,
8,2,0.6,1000,GreedyColor,2.0,2
8,2,0.6,1000,GES,24.0,
8,2,0.6,500,GreedyColor,8.0,2
8,2,0.6,500,GES,24.0,
8,2,0.6,100,GreedyColor,11.0,3
8,2,0.6,100,GES,22.0,
8,4,0.4,1000,GreedyColor,4.0,3
8,4,0.4,1000,GES,9.0,
8,4,0.4,500,GreedyColor,7.0,2
8,4,0.4,500,GES,7.0,
8,4,0.4,100,GreedyColor,8.0,3
8,4,0.4,100,GES,9.0,
8,2,0.4,1000,GreedyColor,4.0,2
8,2,0.4,1000,GES,6.0,
8,2,0.4,500,GreedyColor,2.0,0
8,2,0.4,500,GES,4.0,
8,2,0.4,100,GreedyColor,5.0,2
8,2,0.4,100,GES,6.0,
8,4,0.2,1000,GreedyColor,2.0,0
8,4,0.2,1000,GES,4.0,
8,4,0.2,500,GreedyColor,1.0,0
8,4,0.2,500,GES,3.0,
8,4,0.2,100,GreedyColor,4.0,1
8,4,0.2,100,GES,7.0,
8,2,0.2,1000,GreedyColor,2.0,2
8,2,0.2,1000,GES,4.0,
8,2,0.2,500,GreedyColor,2.0,1
8,2,0.2,500,GES,4.0,
8,2,0.2,100,GreedyColor,0.0,3
8,2,0.2,100,GES,6.0,
5,2,0.8,1000,GreedyColor,6.0,3
5,2,0.8,1000,GES,8.0,
5,2,0.8,500,GreedyColor,6.0,1
5,2,0.8,500,GES,8.0,
5,2,0.8,100,GreedyColor,7.0,1
5,2,0.8,100,GES,7.0,
5,2,0.8,1000,GreedyColor,2.0,2
5,2,0.8,1000,GES,1.0,
5,2,0.8,500,GreedyColor,1.0,2
5,2,0.8,500,GES,1.0,
5,2,0.8,100,GreedyColor,5.0,1
5,2,0.8,100,GES,4.0,
5,2,0.6,1000,GreedyColor,0.0,1
5,2,0.6,1000,GES,1.0,
5,2,0.6,500,GreedyColor,0.0,0
5,2,0.6,500,GES,1.0,
5,2,0.6,100,GreedyColor,0.0,0
5,2,0.6,100,GES,1.0,
5,2,0.6,1000,GreedyColor,0.0,0
5,2,0.6,1000,GES,2.0,
5,2,0.6,500,GreedyColor,0.0,0
5,2,0.6,500,GES,2.0,
5,2,0.6,100,GreedyColor,3.0,0
5,2,0.6,100,GES,8.0,
5,2,0.4,1000,GreedyColor,2.0,0
5,2,0.4,1000,GES,4.0,
5,2,0.4,500,GreedyColor,1.0,2
5,2,0.4,500,GES,2.0,
5,2,0.4,100,GreedyColor,3.0,0
5,2,0.4,100,GES,2.0,
5,2,0.4,1000,GreedyColor,2.0,2
5,2,0.4,1000,GES,2.0,
5,2,0.4,500,GreedyColor,3.0,0
5,2,0.4,500,GES,2.0,
5,2,0.4,100,GreedyColor,0.0,0
5,2,0.4,100,GES,4.0,
5,2,0.2,1000,GreedyColor,2.0,0
5,2,0.2,1000,GES,3.0,
5,2,0.2,500,GreedyColor,0.0,0
5,2,0.2,500,GES,1.0,
5,2,0.2,100,GreedyColor,1.0,0
5,2,0.2,100,GES,3.0,
5,2,0.2,1000,GreedyColor,4.0,2
5,2,0.2,1000,GES,3.0,
5,2,0.2,500,GreedyColor,0.0,0
5,2,0.2,500,GES,3.0,
5,2,0.2,100,GreedyColor,2.0,1
5,2,0.2,100,GES,3.0,
20,10,0.8,1000,GreedyColor,126.0,10
20,10,0.8,1000,GES,226.0,
20,10,0.8,500,GreedyColor,176.0,9
20,10,0.8,500,GES,242.0,
20,10,0.8,100,GreedyColor,213.0,11
20,10,0.8,100,GES,206.0,
20,2,0.8,1000,GreedyColor,173.0,15
20,2,0.8,1000,GES,134.0,
20,2,0.8,500,GreedyColor,141.0,17
20,2,0.8,500,GES,142.0,
20,2,0.8,100,GreedyColor,106.0,11
20,2,0.8,100,GES,162.0,
20,10,0.6,1000,GreedyColor,140.0,10
20,10,0.6,1000,GES,181.0,
20,10,0.6,500,GreedyColor,116.0,9
20,10,0.6,500,GES,167.0,
20,10,0.6,100,GreedyColor,137.0,11
20,10,0.6,100,GES,147.0,
20,2,0.6,1000,GreedyColor,76.0,13
20,2,0.6,1000,GES,153.0,
20,2,0.6,500,GreedyColor,37.0,11
20,2,0.6,500,GES,148.0,
20,2,0.6,100,GreedyColor,160.0,15
20,2,0.6,100,GES,134.0,
20,10,0.4,1000,GreedyColor,73.0,10
20,10,0.4,1000,GES,119.0,
20,10,0.4,500,GreedyColor,63.0,10
20,10,0.4,500,GES,96.0,
20,10,0.4,100,GreedyColor,130.0,9
20,10,0.4,100,GES,92.0,
20,2,0.4,1000,GreedyColor,49.0,12
20,2,0.4,1000,GES,151.0,
20,2,0.4,500,GreedyColor,56.0,11
20,2,0.4,500,GES,143.0,
20,2,0.4,100,GreedyColor,52.0,10
20,2,0.4,100,GES,128.0,
20,10,0.2,1000,GreedyColor,20.0,9
20,10,0.2,1000,GES,42.0,
20,10,0.2,500,GreedyColor,32.0,9
20,10,0.2,500,GES,37.0,
20,10,0.2,100,GreedyColor,36.0,12
20,10,0.2,100,GES,53.0,
20,2,0.2,1000,GreedyColor,22.0,2
20,2,0.2,1000,GES,39.0,
20,2,0.2,500,GreedyColor,15.0,5
20,2,0.2,500,GES,40.0,
20,2,0.2,100,GreedyColor,20.0,4
20,2,0.2,100,GES,29.0,
8,4,0.8,1000,GreedyColor,15.0,5
8,4,0.8,1000,GES,32.0,
8,4,0.8,500,GreedyColor,25.0,5
8,4,0.8,500,GES,24.0,
8,4,0.8,100,GreedyColor,20.0,1
8,4,0.8,100,GES,24.0,
8,2,0.8,1000,GreedyColor,19.0,6
8,2,0.8,1000,GES,15.0,
8,2,0.8,500,GreedyColor,19.0,5
8,2,0.8,500,GES,18.0,
8,2,0.8,100,GreedyColor,13.0,5
8,2,0.8,100,GES,20.0,
8,4,0.6,1000,GreedyColor,24.0,4
8,4,0.6,1000,GES,18.0,
8,4,0.6,500,GreedyColor,26.0,3
8,4,0.6,500,GES,26.0,
8,4,0.6,100,GreedyColor,9.0,2
8,4,0.6,100,GES,19.0,
8,2,0.6,1000,GreedyColor,0.0,0
8,2,0.6,1000,GES,15.0,
8,2,0.6,500,GreedyColor,5.0,2
8,2,0.6,500,GES,2.0,
8,2,0.6,100,GreedyColor,5.0,0
8,2,0.6,100,GES,26.0,
8,4,0.4,1000,GreedyColor,8.0,3
8,4,0.4,1000,GES,1.0,
8,4,0.4,500,GreedyColor,11.0,3
8,4,0.4,500,GES,1.0,
8,4,0.4,100,GreedyColor,15.0,3
8,4,0.4,100,GES,14.0,
8,2,0.4,1000,GreedyColor,18.0,5
8,2,0.4,1000,GES,18.0,
8,2,0.4,500,GreedyColor,15.0,4
8,2,0.4,500,GES,23.0,
8,2,0.4,100,GreedyColor,10.0,4
8,2,0.4,100,GES,9.0,
8,4,0.2,1000,GreedyColor,5.0,1
8,4,0.2,1000,GES,1.0,
8,4,0.2,500,GreedyColor,0.0,2
8,4,0.2,500,GES,1.0,
8,4,0.2,100,GreedyColor,4.0,1
8,4,0.2,100,GES,3.0,
8,2,0.2,1000,GreedyColor,0.0,2
8,2,0.2,1000,GES,3.0,
8,2,0.2,500,GreedyColor,0.0,2
8,2,0.2,500,GES,5.0,
8,2,0.2,100,GreedyColor,2.0,2
8,2,0.2,100,GES,7.0,
5,2,0.8,1000,GreedyColor,1.0,2
5,2,0.8,1000,GES,6.0,
5,2,0.8,500,GreedyColor,8.0,2
5,2,0.8,500,GES,13.0,
5,2,0.8,100,GreedyColor,14.0,2
5,2,0.8,100,GES,9.0,
5,2,0.8,1000,GreedyColor,6.0,0
5,2,0.8,1000,GES,14.0,
5,2,0.8,500,GreedyColor,0.0,2
5,2,0.8,500,GES,13.0,
5,2,0.8,100,GreedyColor,5.0,1
5,2,0.8,100,GES,3.0,
5,2,0.6,1000,GreedyColor,2.0,2
5,2,0.6,1000,GES,3.0,
5,2,0.6,500,GreedyColor,6.0,2
5,2,0.6,500,GES,3.0,
5,2,0.6,100,GreedyColor,5.0,2
5,2,0.6,100,GES,5.0,
5,2,0.6,1000,GreedyColor,11.0,2
5,2,0.6,1000,GES,13.0,
5,2,0.6,500,GreedyColor,0.0,0
5,2,0.6,500,GES,13.0,
5,2,0.6,100,GreedyColor,11.0,2
5,2,0.6,100,GES,12.0,
5,2,0.4,1000,GreedyColor,7.0,3
5,2,0.4,1000,GES,6.0,
5,2,0.4,500,GreedyColor,0.0,0
5,2,0.4,500,GES,6.0,
5,2,0.4,100,GreedyColor,6.0,2
5,2,0.4,100,GES,7.0,
5,2,0.4,1000,GreedyColor,2.0,1
5,2,0.4,1000,GES,5.0,
5,2,0.4,500,GreedyColor,5.0,1
5,2,0.4,500,GES,7.0,
5,2,0.4,100,GreedyColor,2.0,0
5,2,0.4,100,GES,5.0,
5,2,0.2,1000,GreedyColor,2.0,2
5,2,0.2,1000,GES,2.0,
5,2,0.2,500,GreedyColor,2.0,2
5,2,0.2,500,GES,2.0,
5,2,0.2,100,GreedyColor,2.0,2
5,2,0.2,100,GES,2.0,
5,2,0.2,1000,GreedyColor,0.0,0
5,2,0.2,1000,GES,0.0,
5,2,0.2,500,GreedyColor,1.0,0
5,2,0.2,500,GES,2.0,
5,2,0.2,100,GreedyColor,1.0,0
5,2,0.2,100,GES,0.0,
20,10,0.8,1000,GreedyColor,134.0,11
20,10,0.8,1000,GES,167.0,
20,10,0.8,500,GreedyColor,183.0,9
20,10,0.8,500,GES,155.0,
20,10,0.8,100,GreedyColor,157.0,11
20,10,0.8,100,GES,162.0,
20,2,0.8,1000,GreedyColor,171.0,16
20,2,0.8,1000,GES,197.0,
20,2,0.8,500,GreedyColor,139.0,16
20,2,0.8,500,GES,140.0,
20,2,0.8,100,GreedyColor,188.0,15
20,2,0.8,100,GES,160.0,
20,10,0.6,1000,GreedyColor,102.0,11
20,10,0.6,1000,GES,153.0,
20,10,0.6,500,GreedyColor,156.0,10
20,10,0.6,500,GES,140.0,
20,10,0.6,100,GreedyColor,147.0,12
20,10,0.6,100,GES,137.0,
20,2,0.6,1000,GreedyColor,117.0,15
20,2,0.6,1000,GES,186.0,
20,2,0.6,500,GreedyColor,68.0,12
20,2,0.6,500,GES,145.0,
20,2,0.6,100,GreedyColor,119.0,14
20,2,0.6,100,GES,135.0,
20,10,0.4,1000,GreedyColor,135.0,11
20,10,0.4,1000,GES,115.0,
20,10,0.4,500,GreedyColor,110.0,11
20,10,0.4,500,GES,142.0,
20,10,0.4,100,GreedyColor,104.0,11
20,10,0.4,100,GES,109.0,
20,2,0.4,1000,GreedyColor,141.0,16
20,2,0.4,1000,GES,120.0,
20,2,0.4,500,GreedyColor,90.0,15
20,2,0.4,500,GES,104.0,
20,2,0.4,100,GreedyColor,136.0,15
20,2,0.4,100,GES,97.0,
20,10,0.2,1000,GreedyColor,48.0,8
20,10,0.2,1000,GES,23.0,
20,10,0.2,500,GreedyColor,46.0,8
20,10,0.2,500,GES,22.0,
20,10,0.2,100,GreedyColor,45.0,9
20,10,0.2,100,GES,24.0,
20,2,0.2,1000,GreedyColor,34.0,10
20,2,0.2,1000,GES,9.0,
20,2,0.2,500,GreedyColor,21.0,10
20,2,0.2,500,GES,14.0,
20,2,0.2,100,GreedyColor,36.0,10
20,2,0.2,100,GES,23.0,
8,4,0.8,1000,GreedyColor,15.0,3
8,4,0.8,1000,GES,29.0,
8,4,0.8,500,GreedyColor,23.0,4
8,4,0.8,500,GES,22.0,
8,4,0.8,100,GreedyColor,23.0,4
8,4,0.8,100,GES,29.0,
8,2,0.8,1000,GreedyColor,22.0,4
8,2,0.8,1000,GES,18.0,
8,2,0.8,500,GreedyColor,23.0,4
8,2,0.8,500,GES,22.0,
8,2,0.8,100,GreedyColor,20.0,4
8,2,0.8,100,GES,20.0,
8,4,0.6,1000,GreedyColor,14.0,2
8,4,0.6,1000,GES,25.0,
8,4,0.6,500,GreedyColor,12.0,1
8,4,0.6,500,GES,19.0,
8,4,0.6,100,GreedyColor,17.0,0
8,4,0.6,100,GES,29.0,
8,2,0.6,1000,GreedyColor,0.0,1
8,2,0.6,1000,GES,33.0,
8,2,0.6,500,GreedyColor,0.0,1
8,2,0.6,500,GES,24.0,
8,2,0.6,100,GreedyColor,18.0,5
8,2,0.6,100,GES,25.0,
8,4,0.4,1000,GreedyColor,6.0,2
8,4,0.4,1000,GES,23.0,
8,4,0.4,500,GreedyColor,5.0,1
8,4,0.4,500,GES,22.0,
8,4,0.4,100,GreedyColor,12.0,2
8,4,0.4,100,GES,21.0,
8,2,0.4,1000,GreedyColor,2.0,2
8,2,0.4,1000,GES,14.0,
8,2,0.4,500,GreedyColor,3.0,2
8,2,0.4,500,GES,24.0,
8,2,0.4,100,GreedyColor,0.0,2
8,2,0.4,100,GES,13.0,
8,4,0.2,1000,GreedyColor,0.0,0
8,4,0.2,1000,GES,2.0,
8,4,0.2,500,GreedyColor,5.0,0
8,4,0.2,500,GES,4.0,
8,4,0.2,100,GreedyColor,4.0,1
8,4,0.2,100,GES,6.0,
8,2,0.2,1000,GreedyColor,6.0,4
8,2,0.2,1000,GES,1.0,
8,2,0.2,500,GreedyColor,13.0,4
8,2,0.2,500,GES,1.0,
8,2,0.2,100,GreedyColor,12.0,3
8,2,0.2,100,GES,14.0,
5,2,0.8,1000,GreedyColor,3.0,2
5,2,0.8,1000,GES,1.0,
5,2,0.8,500,GreedyColor,6.0,2
5,2,0.8,500,GES,5.0,
5,2,0.8,100,GreedyColor,5.0,1
5,2,0.8,100,GES,9.0,
5,2,0.8,1000,GreedyColor,12.0,2
5,2,0.8,1000,GES,11.0,
5,2,0.8,500,GreedyColor,10.0,2
5,2,0.8,500,GES,15.0,
5,2,0.8,100,GreedyColor,9.0,1
5,2,0.8,100,GES,9.0,
5,2,0.6,1000,GreedyColor,9.0,1
5,2,0.6,1000,GES,9.0,
5,2,0.6,500,GreedyColor,10.0,2
5,2,0.6,500,GES,9.0,
5,2,0.6,100,GreedyColor,6.0,1
5,2,0.6,100,GES,13.0,
5,2,0.6,1000,GreedyColor,5.0,2
5,2,0.6,1000,GES,3.0,
5,2,0.6,500,GreedyColor,9.0,2
5,2,0.6,500,GES,3.0,
5,2,0.6,100,GreedyColor,1.0,0
5,2,0.6,100,GES,1.0,
5,2,0.4,1000,GreedyColor,4.0,2
5,2,0.4,1000,GES,8.0,
5,2,0.4,500,GreedyColor,9.0,2
5,2,0.4,500,GES,9.0,
5,2,0.4,100,GreedyColor,6.0,1
5,2,0.4,100,GES,7.0,
5,2,0.4,1000,GreedyColor,0.0,0
5,2,0.4,1000,GES,2.0,
5,2,0.4,500,GreedyColor,0.0,0
5,2,0.4,500,GES,8.0,
5,2,0.4,100,GreedyColor,1.0,0
5,2,0.4,100,GES,5.0,
5,2,0.2,1000,GreedyColor,0.0,0
5,2,0.2,1000,GES,1.0,
5,2,0.2,500,GreedyColor,1.0,0
5,2,0.2,500,GES,3.0,
5,2,0.2,100,GreedyColor,0.0,1
5,2,0.2,100,GES,1.0,
5,2,0.2,1000,GreedyColor,1.0,2
5,2,0.2,1000,GES,3.0,
5,2,0.2,500,GreedyColor,0.0,2
5,2,0.2,500,GES,1.0,
5,2,0.2,100,GreedyColor,1.0,2
5,2,0.2,100,GES,3.0,
20,10,0.8,1000,GreedyColor,100.0,11
20,10,0.8,1000,GES,137.0,
20,10,0.8,500,GreedyColor,186.0,8
20,10,0.8,500,GES,139.0,
20,10,0.8,100,GreedyColor,122.0,11
20,10,0.8,100,GES,132.0,
20,2,0.8,1000,GreedyColor,161.0,16
20,2,0.8,1000,GES,129.0,
20,2,0.8,500,GreedyColor,143.0,15
20,2,0.8,500,GES,146.0,
20,2,0.8,100,GreedyColor,125.0,15
20,2,0.8,100,GES,160.0,
20,10,0.6,1000,GreedyColor,167.0,12
20,10,0.6,1000,GES,130.0,
20,10,0.6,500,GreedyColor,200.0,9
20,10,0.6,500,GES,158.0,
20,10,0.6,100,GreedyColor,129.0,11
20,10,0.6,100,GES,157.0,
20,2,0.6,1000,GreedyColor,134.0,16
20,2,0.6,1000,GES,152.0,
20,2,0.6,500,GreedyColor,135.0,15
20,2,0.6,500,GES,154.0,
20,2,0.6,100,GreedyColor,137.0,15
20,2,0.6,100,GES,110.0,
20,10,0.4,1000,GreedyColor,117.0,11
20,10,0.4,1000,GES,163.0,
20,10,0.4,500,GreedyColor,144.0,11
20,10,0.4,500,GES,123.0,
20,10,0.4,100,GreedyColor,125.0,11
20,10,0.4,100,GES,117.0,
20,2,0.4,1000,GreedyColor,89.0,13
20,2,0.4,1000,GES,103.0,
20,2,0.4,500,GreedyColor,76.0,11
20,2,0.4,500,GES,103.0,
20,2,0.4,100,GreedyColor,54.0,11
20,2,0.4,100,GES,79.0,
20,10,0.2,1000,GreedyColor,41.0,10
20,10,0.2,1000,GES,21.0,
20,10,0.2,500,GreedyColor,49.0,12
20,10,0.2,500,GES,21.0,
20,10,0.2,100,GreedyColor,54.0,14
20,10,0.2,100,GES,48.0,
20,2,0.2,1000,GreedyColor,41.0,11
20,2,0.2,1000,GES,9.0,
20,2,0.2,500,GreedyColor,37.0,11
20,2,0.2,500,GES,51.0,
20,2,0.2,100,GreedyColor,47.0,11
20,2,0.2,100,GES,49.0,
8,4,0.8,1000,GreedyColor,12.0,4
8,4,0.8,1000,GES,14.0,
8,4,0.8,500,GreedyColor,7.0,4
8,4,0.8,500,GES,11.0,
8,4,0.8,100,GreedyColor,17.0,1
8,4,0.8,100,GES,13.0,
8,2,0.8,1000,GreedyColor,21.0,4
8,2,0.8,1000,GES,30.0,
8,2,0.8,500,GreedyColor,4.0,2
8,2,0.8,500,GES,34.0,
8,2,0.8,100,GreedyColor,15.0,4
8,2,0.8,100,GES,20.0,
8,4,0.6,1000,GreedyColor,0.0,0
8,4,0.6,1000,GES,13.0,
8,4,0.6,500,GreedyColor,15.0,3
8,4,0.6,500,GES,17.0,
8,4,0.6,100,GreedyColor,19.0,4
8,4,0.6,100,GES,13.0,
8,2,0.6,1000,GreedyColor,14.0,5
8,2,0.6,1000,GES,24.0,
8,2,0.6,500,GreedyColor,14.0,4
8,2,0.6,500,GES,24.0,
8,2,0.6,100,GreedyColor,14.0,4
8,2,0.6,100,GES,16.0,
8,4,0.4,1000,GreedyColor,10.0,3
8,4,0.4,1000,GES,6.0,
8,4,0.4,500,GreedyColor,11.0,3
8,4,0.4,500,GES,10.0,
8,4,0.4,100,GreedyColor,9.0,3
8,4,0.4,100,GES,20.0,
8,2,0.4,1000,GreedyColor,7.0,2
8,2,0.4,1000,GES,12.0,
8,2,0.4,500,GreedyColor,13.0,4
8,2,0.4,500,GES,13.0,
8,2,0.4,100,GreedyColor,18.0,4
8,2,0.4,100,GES,13.0,
8,4,0.2,1000,GreedyColor,3.0,2
8,4,0.2,1000,GES,5.0,
8,4,0.2,500,GreedyColor,0.0,2
8,4,0.2,500,GES,2.0,
8,4,0.2,100,GreedyColor,4.0,2
8,4,0.2,100,GES,3.0,
8,2,0.2,1000,GreedyColor,2.0,1
8,2,0.2,1000,GES,7.0,
8,2,0.2,500,GreedyColor,2.0,1
8,2,0.2,500,GES,4.0,
8,2,0.2,100,GreedyColor,0.0,4
8,2,0.2,100,GES,4.0,
5,2,0.8,1000,GreedyColor,0.0,0
5,2,0.8,1000,GES,13.0,
5,2,0.8,500,GreedyColor,2.0,2
5,2,0.8,500,GES,13.0,
5,2,0.8,100,GreedyColor,1.0,0
5,2,0.8,100,GES,13.0,
5,2,0.8,1000,GreedyColor,0.0,0
5,2,0.8,1000,GES,4.0,
5,2,0.8,500,GreedyColor,2.0,1
5,2,0.8,500,GES,4.0,
5,2,0.8,100,GreedyColor,0.0,1
5,2,0.8,100,GES,6.0,
5,2,0.6,1000,GreedyColor,5.0,1
5,2,0.6,1000,GES,6.0,
5,2,0.6,500,GreedyColor,5.0,1
5,2,0.6,500,GES,11.0,
5,2,0.6,100,GreedyColor,5.0,2
5,2,0.6,100,GES,9.0,
5,2,0.6,1000,GreedyColor,6.0,0
5,2,0.6,1000,GES,5.0,
5,2,0.6,500,GreedyColor,1.0,0
5,2,0.6,500,GES,6.0,
5,2,0.6,100,GreedyColor,7.0,1
5,2,0.6,100,GES,7.0,
5,2,0.4,1000,GreedyColor,0.0,0
5,2,0.4,1000,GES,2.0,
5,2,0.4,500,GreedyColor,0.0,0
5,2,0.4,500,GES,7.0,
5,2,0.4,100,GreedyColor,1.0,1
5,2,0.4,100,GES,6.0,
5,2,0.4,1000,GreedyColor,4.0,0
5,2,0.4,1000,GES,8.0,
5,2,0.4,500,GreedyColor,4.0,1
5,2,0.4,500,GES,8.0,
5,2,0.4,100,GreedyColor,5.0,2
5,2,0.4,100,GES,8.0,
5,2,0.2,1000,GreedyColor,0.0,0
5,2,0.2,1000,GES,1.0,
5,2,0.2,500,GreedyColor,0.0,0
5,2,0.2,500,GES,1.0,
5,2,0.2,100,GreedyColor,1.0,0
5,2,0.2,100,GES,3.0,
5,2,0.2,1000,GreedyColor,0.0,0
5,2,0.2,1000,GES,0.0,
5,2,0.2,500,GreedyColor,3.0,2
5,2,0.2,500,GES,0.0,
5,2,0.2,100,GreedyColor,0.0,1
5,2,0.2,100,GES,0.0,
20,10,0.8,1000,GreedyColor,189.0,11
20,10,0.8,1000,GES,206.0,
20,10,0.8,500,GreedyColor,179.0,12
20,10,0.8,500,GES,194.0,
20,10,0.8,100,GreedyColor,178.0,10
20,10,0.8,100,GES,169.0,
20,2,0.8,1000,GreedyColor,163.0,15
20,2,0.8,1000,GES,210.0,
20,2,0.8,500,GreedyColor,87.0,13
20,2,0.8,500,GES,234.0,
20,2,0.8,100,GreedyColor,135.0,14
20,2,0.8,100,GES,181.0,
20,10,0.6,1000,GreedyColor,118.0,10
20,10,0.6,1000,GES,144.0,
20,10,0.6,500,GreedyColor,150.0,10
20,10,0.6,500,GES,120.0,
20,10,0.6,100,GreedyColor,151.0,11
20,10,0.6,100,GES,157.0,
20,2,0.6,1000,GreedyColor,98.0,16
20,2,0.6,1000,GES,94.0,
20,2,0.6,500,GreedyColor,100.0,15
20,2,0.6,500,GES,131.0,
20,2,0.6,100,GreedyColor,110.0,15
20,2,0.6,100,GES,106.0,
20,10,0.4,1000,GreedyColor,120.0,10
20,10,0.4,1000,GES,102.0,
20,10,0.4,500,GreedyColor,86.0,9
20,10,0.4,500,GES,118.0,
20,10,0.4,100,GreedyColor,128.0,11
20,10,0.4,100,GES,95.0,
20,2,0.4,1000,GreedyColor,135.0,16
20,2,0.4,1000,GES,131.0,
20,2,0.4,500,GreedyColor,131.0,13
20,2,0.4,500,GES,112.0,
20,2,0.4,100,GreedyColor,122.0,14
20,2,0.4,100,GES,88.0,
20,10,0.2,1000,GreedyColor,63.0,9
20,10,0.2,1000,GES,41.0,
20,10,0.2,500,GreedyColor,65.0,9
20,10,0.2,500,GES,31.0,
20,10,0.2,100,GreedyColor,43.0,10
20,10,0.2,100,GES,40.0,
20,2,0.2,1000,GreedyColor,50.0,13
20,2,0.2,1000,GES,40.0,
20,2,0.2,500,GreedyColor,58.0,14
20,2,0.2,500,GES,46.0,
20,2,0.2,100,GreedyColor,56.0,11
20,2,0.2,100,GES,59.0,
8,4,0.8,1000,GreedyColor,9.0,5
8,4,0.8,1000,GES,35.0,
8,4,0.8,500,GreedyColor,19.0,2
8,4,0.8,500,GES,22.0,
8,4,0.8,100,GreedyColor,23.0,5
8,4,0.8,100,GES,21.0,
8,2,0.8,1000,GreedyColor,13.0,5
8,2,0.8,1000,GES,19.0,
8,2,0.8,500,GreedyColor,7.0,4
8,2,0.8,500,GES,19.0,
8,2,0.8,100,GreedyColor,17.0,3
8,2,0.8,100,GES,22.0,
8,4,0.6,1000,GreedyColor,8.0,3
8,4,0.6,1000,GES,15.0,
8,4,0.6,500,GreedyColor,22.0,3
8,4,0.6,500,GES,24.0,
8,4,0.6,100,GreedyColor,17.0,4
8,4,0.6,100,GES,19.0,
8,2,0.6,1000,GreedyColor,26.0,4
8,2,0.6,1000,GES,25.0,
8,2,0.6,500,GreedyColor,27.0,4
8,2,0.6,500,GES,23.0,
8,2,0.6,100,GreedyColor,22.0,4
8,2,0.6,100,GES,20.0,
8,4,0.4,1000,GreedyColor,21.0,5
8,4,0.4,1000,GES,23.0,
8,4,0.4,500,GreedyColor,23.0,4
8,4,0.4,500,GES,21.0,
8,4,0.4,100,GreedyColor,12.0,3
8,4,0.4,100,GES,18.0,
8,2,0.4,1000,GreedyColor,7.0,3
8,2,0.4,1000,GES,4.0,
8,2,0.4,500,GreedyColor,9.0,4
8,2,0.4,500,GES,14.0,
8,2,0.4,100,GreedyColor,0.0,0
8,2,0.4,100,GES,10.0,
8,4,0.2,1000,GreedyColor,7.0,3
8,4,0.2,1000,GES,7.0,
8,4,0.2,500,GreedyColor,9.0,4
8,4,0.2,500,GES,3.0,
8,4,0.2,100,GreedyColor,6.0,4
8,4,0.2,100,GES,9.0,
8,2,0.2,1000,GreedyColor,5.0,0
8,2,0.2,1000,GES,9.0,
8,2,0.2,500,GreedyColor,7.0,2
8,2,0.2,500,GES,7.0,
8,2,0.2,100,GreedyColor,8.0,1
8,2,0.2,100,GES,7.0,
5,2,0.8,1000,GreedyColor,0.0,1
5,2,0.8,1000,GES,5.0,
5,2,0.8,500,GreedyColor,0.0,0
5,2,0.8,500,GES,8.0,
5,2,0.8,100,GreedyColor,2.0,0
5,2,0.8,100,GES,5.0,
5,2,0.8,1000,GreedyColor,0.0,1
5,2,0.8,1000,GES,0.0,
5,2,0.8,500,GreedyColor,1.0,2
5,2,0.8,500,GES,1.0,
5,2,0.8,100,GreedyColor,0.0,2
5,2,0.8,100,GES,0.0,
5,2,0.6,1000,GreedyColor,12.0,2
5,2,0.6,1000,GES,13.0,
5,2,0.6,500,GreedyColor,6.0,0
5,2,0.6,500,GES,13.0,
5,2,0.6,100,GreedyColor,4.0,0
5,2,0.6,100,GES,8.0,
5,2,0.6,1000,GreedyColor,0.0,0
5,2,0.6,1000,GES,9.0,
5,2,0.6,500,GreedyColor,0.0,0
5,2,0.6,500,GES,9.0,
5,2,0.6,100,GreedyColor,8.0,0
5,2,0.6,100,GES,11.0,
5,2,0.4,1000,GreedyColor,4.0,1
5,2,0.4,1000,GES,7.0,
5,2,0.4,500,GreedyColor,3.0,2
5,2,0.4,500,GES,5.0,
5,2,0.4,100,GreedyColor,3.0,1
5,2,0.4,100,GES,5.0,
5,2,0.4,1000,GreedyColor,0.0,0
5,2,0.4,1000,GES,4.0,
5,2,0.4,500,GreedyColor,0.0,0
5,2,0.4,500,GES,4.0,
5,2,0.4,100,GreedyColor,0.0,0
5,2,0.4,100,GES,4.0,
5,2,0.2,1000,GreedyColor,1.0,0
5,2,0.2,1000,GES,3.0,
5,2,0.2,500,GreedyColor,0.0,0
5,2,0.2,500,GES,1.0,
5,2,0.2,100,GreedyColor,0.0,0
5,2,0.2,100,GES,1.0,
5,2,0.2,1000,GreedyColor,0.0,0
5,2,0.2,1000,GES,0.0,
5,2,0.2,500,GreedyColor,0.0,0
5,2,0.2,500,GES,0.0,
5,2,0.2,100,GreedyColor,1.0,0
5,2,0.2,100,GES,2.0,
20,10,0.8,1000,GreedyColor,132.0,10
20,10,0.8,1000,GES,176.0,
20,10,0.8,500,GreedyColor,158.0,8
20,10,0.8,500,GES,195.0,
20,10,0.8,100,GreedyColor,141.0,10
20,10,0.8,100,GES,168.0,
20,2,0.8,1000,GreedyColor,77.0,14
20,2,0.8,1000,GES,158.0,
20,2,0.8,500,GreedyColor,98.0,14
20,2,0.8,500,GES,160.0,
20,2,0.8,100,GreedyColor,190.0,16
20,2,0.8,100,GES,130.0,
20,10,0.6,1000,GreedyColor,120.0,10
20,10,0.6,1000,GES,169.0,
20,10,0.6,500,GreedyColor,140.0,11
20,10,0.6,500,GES,112.0,
20,10,0.6,100,GreedyColor,133.0,12
20,10,0.6,100,GES,106.0,
20,2,0.6,1000,GreedyColor,165.0,13
20,2,0.6,1000,GES,141.0,
20,2,0.6,500,GreedyColor,177.0,15
20,2,0.6,500,GES,169.0,
20,2,0.6,100,GreedyColor,138.0,14
20,2,0.6,100,GES,126.0,
20,10,0.4,1000,GreedyColor,108.0,9
20,10,0.4,1000,GES,95.0,
20,10,0.4,500,GreedyColor,103.0,10
20,10,0.4,500,GES,79.0,
20,10,0.4,100,GreedyColor,88.0,12
20,10,0.4,100,GES,68.0,
20,2,0.4,1000,GreedyColor,132.0,15
20,2,0.4,1000,GES,135.0,
20,2,0.4,500,GreedyColor,106.0,13
20,2,0.4,500,GES,153.0,
20,2,0.4,100,GreedyColor,78.0,13
20,2,0.4,100,GES,84.0,
20,10,0.2,1000,GreedyColor,53.0,11
20,10,0.2,1000,GES,46.0,
20,10,0.2,500,GreedyColor,49.0,9
20,10,0.2,500,GES,43.0,
20,10,0.2,100,GreedyColor,57.0,12
20,10,0.2,100,GES,48.0,
20,2,0.2,1000,GreedyColor,21.0,9
20,2,0.2,1000,GES,15.0,
20,2,0.2,500,GreedyColor,17.0,6
20,2,0.2,500,GES,47.0,
20,2,0.2,100,GreedyColor,9.0,2
20,2,0.2,100,GES,35.0,
8,4,0.8,1000,GreedyColor,16.0,4
8,4,0.8,1000,GES,12.0,
8,4,0.8,500,GreedyColor,11.0,4
8,4,0.8,500,GES,20.0,
8,4,0.8,100,GreedyColor,19.0,1
8,4,0.8,100,GES,19.0,
8,2,0.8,1000,GreedyColor,20.0,5
8,2,0.8,1000,GES,19.0,
8,2,0.8,500,GreedyColor,18.0,3
8,2,0.8,500,GES,17.0,
8,2,0.8,100,GreedyColor,24.0,3
8,2,0.8,100,GES,19.0,
8,4,0.6,1000,GreedyColor,10.0,3
8,4,0.6,1000,GES,8.0,
8,4,0.6,500,GreedyColor,6.0,1
8,4,0.6,500,GES,9.0,
8,4,0.6,100,GreedyColor,9.0,0
8,4,0.6,100,GES,4.0,
8,2,0.6,1000,GreedyColor,19.0,3
8,2,0.6,1000,GES,27.0,
8,2,0.6,500,GreedyColor,18.0,2
8,2,0.6,500,GES,26.0,
8,2,0.6,100,GreedyColor,8.0,3
8,2,0.6,100,GES,17.0,
8,4,0.4,1000,GreedyColor,0.0,1
8,4,0.4,1000,GES,14.0,
8,4,0.4,500,GreedyColor,0.0,2
8,4,0.4,500,GES,9.0,
8,4,0.4,100,GreedyColor,2.0,4
8,4,0.4,100,GES,11.0,
8,2,0.4,1000,GreedyColor,6.0,2
8,2,0.4,1000,GES,20.0,
8,2,0.4,500,GreedyColor,9.0,2
8,2,0.4,500,GES,14.0,
8,2,0.4,100,GreedyColor,7.0,0
8,2,0.4,100,GES,15.0,
8,4,0.2,1000,GreedyColor,2.0,1
8,4,0.2,1000,GES,2.0,
8,4,0.2,500,GreedyColor,2.0,2
8,4,0.2,500,GES,2.0,
8,4,0.2,100,GreedyColor,8.0,3
8,4,0.2,100,GES,6.0,
8,2,0.2,1000,GreedyColor,3.0,2
8,2,0.2,1000,GES,0.0,
8,2,0.2,500,GreedyColor,0.0,0
8,2,0.2,500,GES,0.0,
8,2,0.2,100,GreedyColor,5.0,4
8,2,0.2,100,GES,3.0,
5,2,0.8,1000,GreedyColor,0.0,2
5,2,0.8,1000,GES,13.0,
5,2,0.8,500,GreedyColor,0.0,2
5,2,0.8,500,GES,10.0,
5,2,0.8,100,GreedyColor,9.0,3
5,2,0.8,100,GES,10.0,
5,2,0.8,1000,GreedyColor,8.0,2
5,2,0.8,1000,GES,12.0,
5,2,0.8,500,GreedyColor,11.0,2
5,2,0.8,500,GES,14.0,
5,2,0.8,100,GreedyColor,7.0,1
5,2,0.8,100,GES,14.0,
5,2,0.6,1000,GreedyColor,0.0,0
5,2,0.6,1000,GES,2.0,
5,2,0.6,500,GreedyColor,0.0,1
5,2,0.6,500,GES,2.0,
5,2,0.6,100,GreedyColor,1.0,2
5,2,0.6,100,GES,4.0,
5,2,0.6,1000,GreedyColor,5.0,3
5,2,0.6,1000,GES,7.0,
5,2,0.6,500,GreedyColor,2.0,3
5,2,0.6,500,GES,8.0,
5,2,0.6,100,GreedyColor,6.0,3
5,2,0.6,100,GES,7.0,
5,2,0.4,1000,GreedyColor,0.0,1
5,2,0.4,1000,GES,3.0,
5,2,0.4,500,GreedyColor,0.0,2
5,2,0.4,500,GES,3.0,
5,2,0.4,100,GreedyColor,1.0,2
5,2,0.4,100,GES,5.0,
5,2,0.4,1000,GreedyColor,0.0,0
5,2,0.4,1000,GES,1.0,
5,2,0.4,500,GreedyColor,0.0,0
5,2,0.4,500,GES,1.0,
5,2,0.4,100,GreedyColor,0.0,1
5,2,0.4,100,GES,1.0,
5,2,0.2,1000,GreedyColor,0.0,0
5,2,0.2,1000,GES,1.0,
5,2,0.2,500,GreedyColor,0.0,0
5,2,0.2,500,GES,1.0,
5,2,0.2,100,GreedyColor,0.0,0
5,2,0.2,100,GES,1.0,
5,2,0.2,1000,GreedyColor,2.0,0
5,2,0.2,1000,GES,1.0,
5,2,0.2,500,GreedyColor,0.0,0
5,2,0.2,500,GES,1.0,
5,2,0.2,100,GreedyColor,2.0,0
5,2,0.2,100,GES,1.0,
20,10,0.8,1000,GreedyColor,144.0,11
20,10,0.8,1000,GES,199.0,
20,10,0.8,500,GreedyColor,115.0,8
20,10,0.8,500,GES,176.0,
20,10,0.8,100,GreedyColor,152.0,11
20,10,0.8,100,GES,177.0,
20,2,0.8,1000,GreedyColor,102.0,14
20,2,0.8,1000,GES,164.0,
20,2,0.8,500,GreedyColor,180.0,15
20,2,0.8,500,GES,154.0,
20,2,0.8,100,GreedyColor,180.0,16
20,2,0.8,100,GES,190.0,
20,10,0.6,1000,GreedyColor,129.0,11
20,10,0.6,1000,GES,134.0,
20,10,0.6,500,GreedyColor,165.0,11
20,10,0.6,500,GES,166.0,
20,10,0.6,100,GreedyColor,95.0,9
20,10,0.6,100,GES,135.0,
20,2,0.6,1000,GreedyColor,154.0,16
20,2,0.6,1000,GES,135.0,
20,2,0.6,500,GreedyColor,118.0,14
20,2,0.6,500,GES,171.0,
20,2,0.6,100,GreedyColor,146.0,15
20,2,0.6,100,GES,183.0,
20,10,0.4,1000,GreedyColor,90.0,11
20,10,0.4,1000,GES,90.0,
20,10,0.4,500,GreedyColor,77.0,8
20,10,0.4,500,GES,85.0,
20,10,0.4,100,GreedyColor,102.0,9
20,10,0.4,100,GES,104.0,
20,2,0.4,1000,GreedyColor,105.0,16
20,2,0.4,1000,GES,127.0,
20,2,0.4,500,GreedyColor,52.0,12
20,2,0.4,500,GES,118.0,
20,2,0.4,100,GreedyColor,62.0,9
20,2,0.4,100,GES,86.0,
20,10,0.2,1000,GreedyColor,30.0,9
20,10,0.2,1000,GES,13.0,
20,10,0.2,500,GreedyColor,31.0,9
20,10,0.2,500,GES,15.0,
20,10,0.2,100,GreedyColor,34.0,10
20,10,0.2,100,GES,32.0,
20,2,0.2,1000,GreedyColor,23.0,8
20,2,0.2,1000,GES,39.0,
20,2,0.2,500,GreedyColor,35.0,11
20,2,0.2,500,GES,40.0,
20,2,0.2,100,GreedyColor,22.0,10
20,2,0.2,100,GES,42.0,
8,4,0.8,1000,GreedyColor,23.0,4
8,4,0.8,1000,GES,24.0,
8,4,0.8,500,GreedyColor,20.0,4
8,4,0.8,500,GES,29.0,
8,4,0.8,100,GreedyColor,14.0,0
8,4,0.8,100,GES,22.0,
8,2,0.8,1000,GreedyColor,28.0,5
8,2,0.8,1000,GES,31.0,
8,2,0.8,500,GreedyColor,19.0,5
8,2,0.8,500,GES,34.0,
8,2,0.8,100,GreedyColor,32.0,4
8,2,0.8,100,GES,34.0,
8,4,0.6,1000,GreedyColor,19.0,3
8,4,0.6,1000,GES,19.0,
8,4,0.6,500,GreedyColor,24.0,3
8,4,0.6,500,GES,16.0,
8,4,0.6,100,GreedyColor,18.0,4
8,4,0.6,100,GES,24.0,
8,2,0.6,1000,GreedyColor,16.0,3
8,2,0.6,1000,GES,14.0,
8,2,0.6,500,GreedyColor,9.0,3
8,2,0.6,500,GES,15.0,
8,2,0.6,100,GreedyColor,13.0,3
8,2,0.6,100,GES,12.0,
8,4,0.4,1000,GreedyColor,3.0,1
8,4,0.4,1000,GES,4.0,
8,4,0.4,500,GreedyColor,12.0,2
8,4,0.4,500,GES,18.0,
8,4,0.4,100,GreedyColor,5.0,0
8,4,0.4,100,GES,9.0,
8,2,0.4,1000,GreedyColor,17.0,5
8,2,0.4,1000,GES,20.0,
8,2,0.4,500,GreedyColor,12.0,3
8,2,0.4,500,GES,18.0,
8,2,0.4,100,GreedyColor,1.0,0
8,2,0.4,100,GES,13.0,
8,4,0.2,1000,GreedyColor,3.0,2
8,4,0.2,1000,GES,2.0,
8,4,0.2,500,GreedyColor,5.0,2
8,4,0.2,500,GES,2.0,
8,4,0.2,100,GreedyColor,9.0,3
8,4,0.2,100,GES,2.0,
8,2,0.2,1000,GreedyColor,4.0,1
8,2,0.2,1000,GES,6.0,
8,2,0.2,500,GreedyColor,3.0,0
8,2,0.2,500,GES,8.0,
8,2,0.2,100,GreedyColor,4.0,0
8,2,0.2,100,GES,6.0,
5,2,0.8,1000,GreedyColor,2.0,2
5,2,0.8,1000,GES,2.0,
5,2,0.8,500,GreedyColor,2.0,2
5,2,0.8,500,GES,6.0,
5,2,0.8,100,GreedyColor,6.0,1
5,2,0.8,100,GES,8.0,
5,2,0.8,1000,GreedyColor,4.0,0
5,2,0.8,1000,GES,10.0,
5,2,0.8,500,GreedyColor,9.0,1
5,2,0.8,500,GES,10.0,
5,2,0.8,100,GreedyColor,8.0,2
5,2,0.8,100,GES,10.0,
5,2,0.6,1000,GreedyColor,4.0,2
5,2,0.6,1000,GES,6.0,
5,2,0.6,500,GreedyColor,6.0,2
5,2,0.6,500,GES,8.0,
5,2,0.6,100,GreedyColor,6.0,1
5,2,0.6,100,GES,9.0,
5,2,0.6,1000,GreedyColor,1.0,0
5,2,0.6,1000,GES,8.0,
5,2,0.6,500,GreedyColor,1.0,0
5,2,0.6,500,GES,6.0,
5,2,0.6,100,GreedyColor,6.0,0
5,2,0.6,100,GES,11.0,
5,2,0.4,1000,GreedyColor,7.0,2
5,2,0.4,1000,GES,8.0,
5,2,0.4,500,GreedyColor,5.0,1
5,2,0.4,500,GES,8.0,
5,2,0.4,100,GreedyColor,6.0,1
5,2,0.4,100,GES,9.0,
5,2,0.4,1000,GreedyColor,1.0,2
5,2,0.4,1000,GES,2.0,
5,2,0.4,500,GreedyColor,0.0,0
5,2,0.4,500,GES,2.0,
5,2,0.4,100,GreedyColor,1.0,1
5,2,0.4,100,GES,4.0,
5,2,0.2,1000,GreedyColor,0.0,0
5,2,0.2,1000,GES,1.0,
5,2,0.2,500,GreedyColor,0.0,0
5,2,0.2,500,GES,1.0,
5,2,0.2,100,GreedyColor,1.0,0
5,2,0.2,100,GES,1.0,
5,2,0.2,1000,GreedyColor,0.0,0
5,2,0.2,1000,GES,0.0,
5,2,0.2,500,GreedyColor,0.0,0
5,2,0.2,500,GES,0.0,
5,2,0.2,100,GreedyColor,0.0,0
5,2,0.2,100,GES,0.0,
20,10,0.8,1000,GreedyColor,170.0,12
20,10,0.8,1000,GES,165.0,
20,10,0.8,500,GreedyColor,172.0,10
20,10,0.8,500,GES,161.0,
20,10,0.8,100,GreedyColor,146.0,11
20,10,0.8,100,GES,156.0,
20,2,0.8,1000,GreedyColor,195.0,16
20,2,0.8,1000,GES,150.0,
20,2,0.8,500,GreedyColor,139.0,15
20,2,0.8,500,GES,163.0,
20,2,0.8,100,GreedyColor,164.0,16
20,2,0.8,100,GES,153.0,
20,10,0.6,1000,GreedyColor,121.0,11
20,10,0.6,1000,GES,175.0,
20,10,0.6,500,GreedyColor,116.0,11
20,10,0.6,500,GES,150.0,
20,10,0.6,100,GreedyColor,143.0,10
20,10,0.6,100,GES,132.0,
20,2,0.6,1000,GreedyColor,64.0,12
20,2,0.6,1000,GES,202.0,
20,2,0.6,500,GreedyColor,95.0,14
20,2,0.6,500,GES,145.0,
20,2,0.6,100,GreedyColor,178.0,14
20,2,0.6,100,GES,153.0,
20,10,0.4,1000,GreedyColor,92.0,9
20,10,0.4,1000,GES,154.0,
20,10,0.4,500,GreedyColor,75.0,11
20,10,0.4,500,GES,143.0,
20,10,0.4,100,GreedyColor,68.0,11
20,10,0.4,100,GES,95.0,
20,2,0.4,1000,GreedyColor,64.0,9
20,2,0.4,1000,GES,134.0,
20,2,0.4,500,GreedyColor,55.0,12
20,2,0.4,500,GES,109.0,
20,2,0.4,100,GreedyColor,58.0,8
20,2,0.4,100,GES,115.0,
20,10,0.2,1000,GreedyColor,42.0,9
20,10,0.2,1000,GES,34.0,
20,10,0.2,500,GreedyColor,32.0,10
20,10,0.2,500,GES,34.0,
20,10,0.2,100,GreedyColor,33.0,10
20,10,0.2,100,GES,27.0,
20,2,0.2,1000,GreedyColor,62.0,12
20,2,0.2,1000,GES,30.0,
20,2,0.2,500,GreedyColor,53.0,13
20,2,0.2,500,GES,21.0,
20,2,0.2,100,GreedyColor,63.0,11
20,2,0.2,100,GES,31.0,
8,4,0.8,1000,GreedyColor,3.0,1
8,4,0.8,1000,GES,27.0,
8,4,0.8,500,GreedyColor,22.0,4
8,4,0.8,500,GES,21.0,
8,4,0.8,100,GreedyColor,18.0,2
8,4,0.8,100,GES,18.0,
8,2,0.8,1000,GreedyColor,8.0,4
8,2,0.8,1000,GES,29.0,
8,2,0.8,500,GreedyColor,29.0,4
8,2,0.8,500,GES,27.0,
8,2,0.8,100,GreedyColor,4.0,1
8,2,0.8,100,GES,26.0,
8,4,0.6,1000,GreedyColor,16.0,5
8,4,0.6,1000,GES,6.0,
8,4,0.6,500,GreedyColor,16.0,4
8,4,0.6,500,GES,5.0,
8,4,0.6,100,GreedyColor,23.0,5
8,4,0.6,100,GES,9.0,
8,2,0.6,1000,GreedyColor,15.0,4
8,2,0.6,1000,GES,13.0,
8,2,0.6,500,GreedyColor,14.0,4
8,2,0.6,500,GES,22.0,
8,2,0.6,100,GreedyColor,20.0,3
8,2,0.6,100,GES,17.0,
8,4,0.4,1000,GreedyColor,5.0,2
8,4,0.4,1000,GES,6.0,
8,4,0.4,500,GreedyColor,0.0,0
8,4,0.4,500,GES,6.0,
8,4,0.4,100,GreedyColor,6.0,3
8,4,0.4,100,GES,3.0,
8,2,0.4,1000,GreedyColor,4.0,2
8,2,0.4,1000,GES,1.0,
8,2,0.4,500,GreedyColor,6.0,2
8,2,0.4,500,GES,1.0,
8,2,0.4,100,GreedyColor,8.0,3
8,2,0.4,100,GES,10.0,
8,4,0.2,1000,GreedyColor,0.0,3
8,4,0.2,1000,GES,3.0,
8,4,0.2,500,GreedyColor,0.0,3
8,4,0.2,500,GES,3.0,
8,4,0.2,100,GreedyColor,3.0,3
8,4,0.2,100,GES,9.0,
8,2,0.2,1000,GreedyColor,2.0,2
8,2,0.2,1000,GES,2.0,
8,2,0.2,500,GreedyColor,0.0,0
8,2,0.2,500,GES,4.0,
8,2,0.2,100,GreedyColor,4.0,0
8,2,0.2,100,GES,2.0,
5,2,0.8,1000,GreedyColor,7.0,2
5,2,0.8,1000,GES,11.0,
5,2,0.8,500,GreedyColor,10.0,3
5,2,0.8,500,GES,11.0,
5,2,0.8,100,GreedyColor,6.0,1
5,2,0.8,100,GES,10.0,
5,2,0.8,1000,GreedyColor,10.0,1
5,2,0.8,1000,GES,7.0,
5,2,0.8,500,GreedyColor,5.0,1
5,2,0.8,500,GES,11.0,
5,2,0.8,100,GreedyColor,10.0,2
5,2,0.8,100,GES,9.0,
5,2,0.6,1000,GreedyColor,0.0,1
5,2,0.6,1000,GES,2.0,
5,2,0.6,500,GreedyColor,2.0,2
5,2,0.6,500,GES,2.0,
5,2,0.6,100,GreedyColor,2.0,1
5,2,0.6,100,GES,2.0,
5,2,0.6,1000,GreedyColor,8.0,3
5,2,0.6,1000,GES,2.0,
5,2,0.6,500,GreedyColor,3.0,2
5,2,0.6,500,GES,0.0,
5,2,0.6,100,GreedyColor,5.0,3
5,2,0.6,100,GES,2.0,
5,2,0.4,1000,GreedyColor,4.0,2
5,2,0.4,1000,GES,9.0,
5,2,0.4,500,GreedyColor,0.0,0
5,2,0.4,500,GES,0.0,
5,2,0.4,100,GreedyColor,0.0,1
5,2,0.4,100,GES,3.0,
5,2,0.4,1000,GreedyColor,0.0,0
5,2,0.4,1000,GES,2.0,
5,2,0.4,500,GreedyColor,0.0,0
5,2,0.4,500,GES,2.0,
5,2,0.4,100,GreedyColor,0.0,0
5,2,0.4,100,GES,2.0,
5,2,0.2,1000,GreedyColor,0.0,0
5,2,0.2,1000,GES,4.0,
5,2,0.2,500,GreedyColor,0.0,0
5,2,0.2,500,GES,2.0,
5,2,0.2,100,GreedyColor,3.0,2
5,2,0.2,100,GES,4.0,
5,2,0.2,1000,GreedyColor,0.0,0
5,2,0.2,1000,GES,0.0,
5,2,0.2,500,GreedyColor,0.0,0
5,2,0.2,500,GES,0.0,
5,2,0.2,100,GreedyColor,0.0,0
5,2,0.2,100,GES,0.0,
20,10,0.8,1000,GreedyColor,108.0,10
20,10,0.8,1000,GES,170.0,
20,10,0.8,500,GreedyColor,166.0,13
20,10,0.8,500,GES,200.0,
20,10,0.8,100,GreedyColor,174.0,12
20,10,0.8,100,GES,172.0,
20,2,0.8,1000,GreedyColor,173.0,16
20,2,0.8,1000,GES,163.0,
20,2,0.8,500,GreedyColor,114.0,15
20,2,0.8,500,GES,166.0,
20,2,0.8,100,GreedyColor,192.0,15
20,2,0.8,100,GES,177.0,
20,10,0.6,1000,GreedyColor,191.0,11
20,10,0.6,1000,GES,179.0,
20,10,0.6,500,GreedyColor,132.0,10
20,10,0.6,500,GES,173.0,
20,10,0.6,100,GreedyColor,143.0,9
20,10,0.6,100,GES,147.0,
20,2,0.6,1000,GreedyColor,159.0,15
20,2,0.6,1000,GES,142.0,
20,2,0.6,500,GreedyColor,118.0,15
20,2,0.6,500,GES,152.0,
20,2,0.6,100,GreedyColor,136.0,13
20,2,0.6,100,GES,133.0,
20,10,0.4,1000,GreedyColor,80.0,10
20,10,0.4,1000,GES,138.0,
20,10,0.4,500,GreedyColor,79.0,11
20,10,0.4,500,GES,103.0,
20,10,0.4,100,GreedyColor,59.0,8
20,10,0.4,100,GES,75.0,
20,2,0.4,1000,GreedyColor,60.0,13
20,2,0.4,1000,GES,57.0,
20,2,0.4,500,GreedyColor,95.0,13
20,2,0.4,500,GES,61.0,
20,2,0.4,100,GreedyColor,46.0,9
20,2,0.4,100,GES,67.0,
20,10,0.2,1000,GreedyColor,34.0,10
20,10,0.2,1000,GES,26.0,
20,10,0.2,500,GreedyColor,28.0,11
20,10,0.2,500,GES,25.0,
20,10,0.2,100,GreedyColor,26.0,12
20,10,0.2,100,GES,22.0,
20,2,0.2,1000,GreedyColor,29.0,9
20,2,0.2,1000,GES,45.0,
20,2,0.2,500,GreedyColor,13.0,7
20,2,0.2,500,GES,59.0,
20,2,0.2,100,GreedyColor,40.0,7
20,2,0.2,100,GES,50.0,
8,4,0.8,1000,GreedyColor,17.0,3
8,4,0.8,1000,GES,25.0,
8,4,0.8,500,GreedyColor,7.0,1
8,4,0.8,500,GES,20.0,
8,4,0.8,100,GreedyColor,21.0,4
8,4,0.8,100,GES,25.0,
8,2,0.8,1000,GreedyColor,13.0,5
8,2,0.8,1000,GES,27.0,
8,2,0.8,500,GreedyColor,22.0,4
8,2,0.8,500,GES,21.0,
8,2,0.8,100,GreedyColor,25.0,5
8,2,0.8,100,GES,27.0,
8,4,0.6,1000,GreedyColor,14.0,2
8,4,0.6,1000,GES,14.0,
8,4,0.6,500,GreedyColor,10.0,2
8,4,0.6,500,GES,25.0,
8,4,0.6,100,GreedyColor,7.0,3
8,4,0.6,100,GES,28.0,
8,2,0.6,1000,GreedyColor,15.0,4
8,2,0.6,1000,GES,21.0,
8,2,0.6,500,GreedyColor,15.0,3
8,2,0.6,500,GES,14.0,
8,2,0.6,100,GreedyColor,15.0,3
8,2,0.6,100,GES,22.0,
8,4,0.4,1000,GreedyColor,14.0,3
8,4,0.4,1000,GES,14.0,
8,4,0.4,500,GreedyColor,10.0,3
8,4,0.4,500,GES,11.0,
8,4,0.4,100,GreedyColor,7.0,2
8,4,0.4,100,GES,21.0,
8,2,0.4,1000,GreedyColor,5.0,3
8,2,0.4,1000,GES,3.0,
8,2,0.4,500,GreedyColor,0.0,0
8,2,0.4,500,GES,3.0,
8,2,0.4,100,GreedyColor,1.0,0
8,2,0.4,100,GES,7.0,
8,4,0.2,1000,GreedyColor,0.0,0
8,4,0.2,1000,GES,3.0,
8,4,0.2,500,GreedyColor,0.0,0
8,4,0.2,500,GES,3.0,
8,4,0.2,100,GreedyColor,5.0,0
8,4,0.2,100,GES,8.0,
8,2,0.2,1000,GreedyColor,0.0,0
8,2,0.2,1000,GES,4.0,
8,2,0.2,500,GreedyColor,2.0,0
8,2,0.2,500,GES,4.0,
8,2,0.2,100,GreedyColor,7.0,1
8,2,0.2,100,GES,6.0,
5,2,0.8,1000,GreedyColor,7.0,3
5,2,0.8,1000,GES,11.0,
5,2,0.8,500,GreedyColor,12.0,2
5,2,0.8,500,GES,10.0,
5,2,0.8,100,GreedyColor,8.0,2
5,2,0.8,100,GES,9.0,
5,2,0.8,1000,GreedyColor,2.0,2
5,2,0.8,1000,GES,8.0,
5,2,0.8,500,GreedyColor,2.0,1
5,2,0.8,500,GES,8.0,
5,2,0.8,100,GreedyColor,7.0,1
5,2,0.8,100,GES,9.0,
5,2,0.6,1000,GreedyColor,4.0,1
5,2,0.6,1000,GES,4.0,
5,2,0.6,500,GreedyColor,10.0,2
5,2,0.6,500,GES,4.0,
5,2,0.6,100,GreedyColor,10.0,2
5,2,0.6,100,GES,7.0,
5,2,0.6,1000,GreedyColor,0.0,0
5,2,0.6,1000,GES,0.0,
5,2,0.6,500,GreedyColor,0.0,0
5,2,0.6,500,GES,0.0,
5,2,0.6,100,GreedyColor,1.0,0
5,2,0.6,100,GES,1.0,
5,2,0.4,1000,GreedyColor,0.0,1
5,2,0.4,1000,GES,0.0,
5,2,0.4,500,GreedyColor,0.0,0
5,2,0.4,500,GES,0.0,
5,2,0.4,100,GreedyColor,0.0,0
5,2,0.4,100,GES,0.0,
5,2,0.4,1000,GreedyColor,0.0,0
5,2,0.4,1000,GES,1.0,
5,2,0.4,500,GreedyColor,0.0,0
5,2,0.4,500,GES,1.0,
5,2,0.4,100,GreedyColor,2.0,2
5,2,0.4,100,GES,2.0,
5,2,0.2,1000,GreedyColor,0.0,0
5,2,0.2,1000,GES,2.0,
5,2,0.2,500,GreedyColor,1.0,1
5,2,0.2,500,GES,4.0,
5,2,0.2,100,GreedyColor,1.0,0
5,2,0.2,100,GES,3.0,
5,2,0.2,1000,GreedyColor,0.0,0
5,2,0.2,1000,GES,1.0,
5,2,0.2,500,GreedyColor,0.0,0
5,2,0.2,500,GES,1.0,
5,2,0.2,100,GreedyColor,0.0,0
5,2,0.2,100,GES,1.0,
20,10,0.8,1000,GreedyColor,169.0,11
20,10,0.8,1000,GES,158.0,
20,10,0.8,500,GreedyColor,160.0,11
20,10,0.8,500,GES,183.0,
20,10,0.8,100,GreedyColor,159.0,10
20,10,0.8,100,GES,158.0,
20,2,0.8,1000,GreedyColor,200.0,15
20,2,0.8,1000,GES,147.0,
20,2,0.8,500,GreedyColor,97.0,13
20,2,0.8,500,GES,151.0,
20,2,0.8,100,GreedyColor,145.0,16
20,2,0.8,100,GES,171.0,
20,10,0.6,1000,GreedyColor,92.0,9
20,10,0.6,1000,GES,130.0,
20,10,0.6,500,GreedyColor,89.0,10
20,10,0.6,500,GES,147.0,
20,10,0.6,100,GreedyColor,141.0,11
20,10,0.6,100,GES,138.0,
20,2,0.6,1000,GreedyColor,99.0,15
20,2,0.6,1000,GES,114.0,
20,2,0.6,500,GreedyColor,107.0,16
20,2,0.6,500,GES,125.0,
20,2,0.6,100,GreedyColor,143.0,14
20,2,0.6,100,GES,120.0,
20,10,0.4,1000,GreedyColor,83.0,9
20,10,0.4,1000,GES,86.0,
20,10,0.4,500,GreedyColor,78.0,10
20,10,0.4,500,GES,128.0,
20,10,0.4,100,GreedyColor,101.0,11
20,10,0.4,100,GES,113.0,
20,2,0.4,1000,GreedyColor,87.0,13
20,2,0.4,1000,GES,160.0,
20,2,0.4,500,GreedyColor,92.0,13
20,2,0.4,500,GES,125.0,
20,2,0.4,100,GreedyColor,138.0,15
20,2,0.4,100,GES,111.0,
20,10,0.2,1000,GreedyColor,10.0,5
20,10,0.2,1000,GES,17.0,
20,10,0.2,500,GreedyColor,13.0,5
20,10,0.2,500,GES,13.0,
20,10,0.2,100,GreedyColor,18.0,9
20,10,0.2,100,GES,47.0,
20,2,0.2,1000,GreedyColor,64.0,10
20,2,0.2,1000,GES,32.0,
20,2,0.2,500,GreedyColor,19.0,10
20,2,0.2,500,GES,55.0,
20,2,0.2,100,GreedyColor,34.0,5
20,2,0.2,100,GES,22.0,
8,4,0.8,1000,GreedyColor,3.0,4
8,4,0.8,1000,GES,13.0,
8,4,0.8,500,GreedyColor,29.0,4
8,4,0.8,500,GES,26.0,
8,4,0.8,100,GreedyColor,23.0,3
8,4,0.8,100,GES,27.0,
8,2,0.8,1000,GreedyColor,25.0,4
8,2,0.8,1000,GES,33.0,
8,2,0.8,500,GreedyColor,11.0,3
8,2,0.8,500,GES,31.0,
8,2,0.8,100,GreedyColor,15.0,3
8,2,0.8,100,GES,31.0,
8,4,0.6,1000,GreedyColor,12.0,3
8,4,0.6,1000,GES,8.0,
8,4,0.6,500,GreedyColor,16.0,3
8,4,0.6,500,GES,22.0,
8,4,0.6,100,GreedyColor,21.0,3
8,4,0.6,100,GES,19.0,
8,2,0.6,1000,GreedyColor,14.0,3
8,2,0.6,1000,GES,10.0,
8,2,0.6,500,GreedyColor,21.0,5
8,2,0.6,500,GES,21.0,
8,2,0.6,100,GreedyColor,20.0,3
8,2,0.6,100,GES,21.0,
8,4,0.4,1000,GreedyColor,3.0,2
8,4,0.4,1000,GES,4.0,
8,4,0.4,500,GreedyColor,5.0,2
8,4,0.4,500,GES,4.0,
8,4,0.4,100,GreedyColor,8.0,2
8,4,0.4,100,GES,8.0,
8,2,0.4,1000,GreedyColor,1.0,3
8,2,0.4,1000,GES,4.0,
8,2,0.4,500,GreedyColor,1.0,0
8,2,0.4,500,GES,7.0,
8,2,0.4,100,GreedyColor,4.0,2
8,2,0.4,100,GES,8.0,
8,4,0.2,1000,GreedyColor,1.0,2
8,4,0.2,1000,GES,3.0,
8,4,0.2,500,GreedyColor,0.0,4
8,4,0.2,500,GES,3.0,
8,4,0.2,100,GreedyColor,1.0,4
8,4,0.2,100,GES,7.0,
8,2,0.2,1000,GreedyColor,0.0,0
8,2,0.2,1000,GES,3.0,
8,2,0.2,500,GreedyColor,2.0,2
8,2,0.2,500,GES,3.0,
8,2,0.2,100,GreedyColor,8.0,2
8,2,0.2,100,GES,8.0,
5,2,0.8,1000,GreedyColor,6.0,3
5,2,0.8,1000,GES,10.0,
5,2,0.8,500,GreedyColor,3.0,1
5,2,0.8,500,GES,10.0,
5,2,0.8,100,GreedyColor,9.0,2
5,2,0.8,100,GES,10.0,
5,2,0.8,1000,GreedyColor,10.0,3
5,2,0.8,1000,GES,10.0,
5,2,0.8,500,GreedyColor,10.0,2
5,2,0.8,500,GES,10.0,
5,2,0.8,100,GreedyColor,11.0,2
5,2,0.8,100,GES,5.0,
5,2,0.6,1000,GreedyColor,2.0,2
5,2,0.6,1000,GES,1.0,
5,2,0.6,500,GreedyColor,0.0,0
5,2,0.6,500,GES,1.0,
5,2,0.6,100,GreedyColor,3.0,0
5,2,0.6,100,GES,1.0,
5,2,0.6,1000,GreedyColor,8.0,1
5,2,0.6,1000,GES,7.0,
5,2,0.6,500,GreedyColor,12.0,3
5,2,0.6,500,GES,7.0,
5,2,0.6,100,GreedyColor,3.0,2
5,2,0.6,100,GES,5.0,
5,2,0.4,1000,GreedyColor,1.0,2
5,2,0.4,1000,GES,2.0,
5,2,0.4,500,GreedyColor,2.0,2
5,2,0.4,500,GES,2.0,
5,2,0.4,100,GreedyColor,3.0,2
5,2,0.4,100,GES,2.0,
5,2,0.4,1000,GreedyColor,0.0,0
5,2,0.4,1000,GES,0.0,
5,2,0.4,500,GreedyColor,0.0,0
5,2,0.4,500,GES,0.0,
5,2,0.4,100,GreedyColor,0.0,0
5,2,0.4,100,GES,0.0,
5,2,0.2,1000,GreedyColor,0.0,0
5,2,0.2,1000,GES,2.0,
5,2,0.2,500,GreedyColor,2.0,1
5,2,0.2,500,GES,2.0,
5,2,0.2,100,GreedyColor,2.0,0
5,2,0.2,100,GES,4.0,
5,2,0.2,1000,GreedyColor,0.0,0
5,2,0.2,1000,GES,0.0,
5,2,0.2,500,GreedyColor,0.0,0
5,2,0.2,500,GES,0.0,
5,2,0.2,100,GreedyColor,0.0,0
5,2,0.2,100,GES,0.0,
20,10,0.8,1000,GreedyColor,95.0,9
20,10,0.8,1000,GES,141.0,
20,10,0.8,500,GreedyColor,157.0,12
20,10,0.8,500,GES,143.0,
20,10,0.8,100,GreedyColor,140.0,11
20,10,0.8,100,GES,169.0,
20,2,0.8,1000,GreedyColor,163.0,16
20,2,0.8,1000,GES,184.0,
20,2,0.8,500,GreedyColor,137.0,13
20,2,0.8,500,GES,194.0,
20,2,0.8,100,GreedyColor,175.0,14
20,2,0.8,100,GES,189.0,
20,10,0.6,1000,GreedyColor,82.0,9
20,10,0.6,1000,GES,155.0,
20,10,0.6,500,GreedyColor,113.0,10
20,10,0.6,500,GES,176.0,
20,10,0.6,100,GreedyColor,168.0,9
20,10,0.6,100,GES,146.0,
20,2,0.6,1000,GreedyColor,143.0,14
20,2,0.6,1000,GES,164.0,
20,2,0.6,500,GreedyColor,157.0,16
20,2,0.6,500,GES,128.0,
20,2,0.6,100,GreedyColor,145.0,15
20,2,0.6,100,GES,140.0,
20,10,0.4,1000,GreedyColor,116.0,9
20,10,0.4,1000,GES,99.0,
20,10,0.4,500,GreedyColor,109.0,10
20,10,0.4,500,GES,102.0,
20,10,0.4,100,GreedyColor,90.0,10
20,10,0.4,100,GES,130.0,
20,2,0.4,1000,GreedyColor,65.0,10
20,2,0.4,1000,GES,157.0,
20,2,0.4,500,GreedyColor,128.0,14
20,2,0.4,500,GES,111.0,
20,2,0.4,100,GreedyColor,128.0,13
20,2,0.4,100,GES,95.0,
20,10,0.2,1000,GreedyColor,48.0,11
20,10,0.2,1000,GES,48.0,
20,10,0.2,500,GreedyColor,27.0,9
20,10,0.2,500,GES,61.0,
20,10,0.2,100,GreedyColor,45.0,11
20,10,0.2,100,GES,47.0,
20,2,0.2,1000,GreedyColor,43.0,12
20,2,0.2,1000,GES,14.0,
20,2,0.2,500,GreedyColor,30.0,11
20,2,0.2,500,GES,15.0,
20,2,0.2,100,GreedyColor,38.0,10
20,2,0.2,100,GES,61.0,
8,4,0.8,1000,GreedyColor,6.0,2
8,4,0.8,1000,GES,15.0,
8,4,0.8,500,GreedyColor,6.0,2
8,4,0.8,500,GES,21.0,
8,4,0.8,100,GreedyColor,12.0,5
8,4,0.8,100,GES,18.0,
8,2,0.8,1000,GreedyColor,20.0,4
8,2,0.8,1000,GES,19.0,
8,2,0.8,500,GreedyColor,19.0,3
8,2,0.8,500,GES,16.0,
8,2,0.8,100,GreedyColor,15.0,5
8,2,0.8,100,GES,18.0,
8,4,0.6,1000,GreedyColor,15.0,4
8,4,0.6,1000,GES,15.0,
8,4,0.6,500,GreedyColor,9.0,4
8,4,0.6,500,GES,5.0,
8,4,0.6,100,GreedyColor,10.0,4
8,4,0.6,100,GES,12.0,
8,2,0.6,1000,GreedyColor,4.0,3
8,2,0.6,1000,GES,18.0,
8,2,0.6,500,GreedyColor,6.0,4
8,2,0.6,500,GES,18.0,
8,2,0.6,100,GreedyColor,13.0,3
8,2,0.6,100,GES,28.0,
8,4,0.4,1000,GreedyColor,2.0,1
8,4,0.4,1000,GES,4.0,
8,4,0.4,500,GreedyColor,4.0,2
8,4,0.4,500,GES,2.0,
8,4,0.4,100,GreedyColor,4.0,1
8,4,0.4,100,GES,8.0,
8,2,0.4,1000,GreedyColor,4.0,2
8,2,0.4,1000,GES,1.0,
8,2,0.4,500,GreedyColor,14.0,3
8,2,0.4,500,GES,8.0,
8,2,0.4,100,GreedyColor,3.0,2
8,2,0.4,100,GES,3.0,
8,4,0.2,1000,GreedyColor,0.0,0
8,4,0.2,1000,GES,1.0,
8,4,0.2,500,GreedyColor,1.0,0
8,4,0.2,500,GES,4.0,
8,4,0.2,100,GreedyColor,0.0,0
8,4,0.2,100,GES,8.0,
8,2,0.2,1000,GreedyColor,7.0,2
8,2,0.2,1000,GES,4.0,
8,2,0.2,500,GreedyColor,7.0,2
8,2,0.2,500,GES,4.0,
8,2,0.2,100,GreedyColor,9.0,2
8,2,0.2,100,GES,8.0,
5,2,0.8,1000,GreedyColor,3.0,2
5,2,0.8,1000,GES,10.0,
5,2,0.8,500,GreedyColor,8.0,1
5,2,0.8,500,GES,7.0,
5,2,0.8,100,GreedyColor,2.0,2
5,2,0.8,100,GES,9.0,
5,2,0.8,1000,GreedyColor,2.0,0
5,2,0.8,1000,GES,11.0,
5,2,0.8,500,GreedyColor,6.0,2
5,2,0.8,500,GES,7.0,
5,2,0.8,100,GreedyColor,11.0,1
5,2,0.8,100,GES,8.0,
5,2,0.6,1000,GreedyColor,2.0,0
5,2,0.6,1000,GES,2.0,
5,2,0.6,500,GreedyColor,4.0,0
5,2,0.6,500,GES,4.0,
5,2,0.6,100,GreedyColor,2.0,1
5,2,0.6,100,GES,3.0,
5,2,0.6,1000,GreedyColor,0.0,0
5,2,0.6,1000,GES,8.0,
5,2,0.6,500,GreedyColor,2.0,2
5,2,0.6,500,GES,8.0,
5,2,0.6,100,GreedyColor,5.0,1
5,2,0.6,100,GES,8.0,
5,2,0.4,1000,GreedyColor,3.0,1
5,2,0.4,1000,GES,3.0,
5,2,0.4,500,GreedyColor,5.0,1
5,2,0.4,500,GES,3.0,
5,2,0.4,100,GreedyColor,7.0,1
5,2,0.4,100,GES,7.0,
5,2,0.4,1000,GreedyColor,2.0,2
5,2,0.4,1000,GES,4.0,
5,2,0.4,500,GreedyColor,0.0,0
5,2,0.4,500,GES,4.0,
5,2,0.4,100,GreedyColor,2.0,2
5,2,0.4,100,GES,4.0,
5,2,0.2,1000,GreedyColor,0.0,2
5,2,0.2,1000,GES,1.0,
5,2,0.2,500,GreedyColor,0.0,0
5,2,0.2,500,GES,1.0,
5,2,0.2,100,GreedyColor,2.0,1
5,2,0.2,100,GES,1.0,
5,2,0.2,1000,GreedyColor,0.0,0
5,2,0.2,1000,GES,2.0,
5,2,0.2,500,GreedyColor,0.0,0
5,2,0.2,500,GES,2.0,
5,2,0.2,100,GreedyColor,3.0,2
5,2,0.2,100,GES,5.0,
20,10,0.8,1000,GreedyColor,166.0,11
20,10,0.8,1000,GES,155.0,
20,10,0.8,500,GreedyColor,191.0,11
20,10,0.8,500,GES,164.0,
20,10,0.8,100,GreedyColor,130.0,12
20,10,0.8,100,GES,184.0,
20,2,0.8,1000,GreedyColor,180.0,14
20,2,0.8,1000,GES,233.0,
20,2,0.8,500,GreedyColor,169.0,14
20,2,0.8,500,GES,217.0,
20,2,0.8,100,GreedyColor,147.0,15
20,2,0.8,100,GES,162.0,
20,10,0.6,1000,GreedyColor,92.0,11
20,10,0.6,1000,GES,163.0,
20,10,0.6,500,GreedyColor,130.0,12
20,10,0.6,500,GES,163.0,
20,10,0.6,100,GreedyColor,152.0,11
20,10,0.6,100,GES,136.0,
20,2,0.6,1000,GreedyColor,171.0,15
20,2,0.6,1000,GES,137.0,
20,2,0.6,500,GreedyColor,135.0,14
20,2,0.6,500,GES,157.0,
20,2,0.6,100,GreedyColor,144.0,14
20,2,0.6,100,GES,132.0,
20,10,0.4,1000,GreedyColor,104.0,10
20,10,0.4,1000,GES,113.0,
20,10,0.4,500,GreedyColor,80.0,10
20,10,0.4,500,GES,67.0,
20,10,0.4,100,GreedyColor,99.0,11
20,10,0.4,100,GES,86.0,
20,2,0.4,1000,GreedyColor,141.0,16
20,2,0.4,1000,GES,113.0,
20,2,0.4,500,GreedyColor,93.0,16
20,2,0.4,500,GES,89.0,
20,2,0.4,100,GreedyColor,93.0,15
20,2,0.4,100,GES,105.0,
20,10,0.2,1000,GreedyColor,52.0,4
20,10,0.2,1000,GES,64.0,
20,10,0.2,500,GreedyColor,27.0,9
20,10,0.2,500,GES,64.0,
20,10,0.2,100,GreedyColor,42.0,12
20,10,0.2,100,GES,48.0,
20,2,0.2,1000,GreedyColor,32.0,11
20,2,0.2,1000,GES,9.0,
20,2,0.2,500,GreedyColor,26.0,6
20,2,0.2,500,GES,27.0,
20,2,0.2,100,GreedyColor,37.0,9
20,2,0.2,100,GES,34.0,
8,4,0.8,1000,GreedyColor,15.0,3
8,4,0.8,1000,GES,23.0,
8,4,0.8,500,GreedyColor,22.0,4
8,4,0.8,500,GES,23.0,
8,4,0.8,100,GreedyColor,13.0,5
8,4,0.8,100,GES,25.0,
8,2,0.8,1000,GreedyColor,17.0,3
8,2,0.8,1000,GES,30.0,
8,2,0.8,500,GreedyColor,26.0,6
8,2,0.8,500,GES,26.0,
8,2,0.8,100,GreedyColor,29.0,4
8,2,0.8,100,GES,18.0,
8,4,0.6,1000,GreedyColor,10.0,4
8,4,0.6,1000,GES,17.0,
8,4,0.6,500,GreedyColor,13.0,4
8,4,0.6,500,GES,16.0,
8,4,0.6,100,GreedyColor,13.0,3
8,4,0.6,100,GES,16.0,
8,2,0.6,1000,GreedyColor,11.0,3
8,2,0.6,1000,GES,13.0,
8,2,0.6,500,GreedyColor,7.0,5
8,2,0.6,500,GES,18.0,
8,2,0.6,100,GreedyColor,13.0,1
8,2,0.6,100,GES,20.0,
8,4,0.4,1000,GreedyColor,7.0,0
8,4,0.4,1000,GES,20.0,
8,4,0.4,500,GreedyColor,4.0,1
8,4,0.4,500,GES,15.0,
8,4,0.4,100,GreedyColor,13.0,2
8,4,0.4,100,GES,12.0,
8,2,0.4,1000,GreedyColor,13.0,5
8,2,0.4,1000,GES,13.0,
8,2,0.4,500,GreedyColor,11.0,4
8,2,0.4,500,GES,17.0,
8,2,0.4,100,GreedyColor,7.0,4
8,2,0.4,100,GES,21.0,
8,4,0.2,1000,GreedyColor,5.0,1
8,4,0.2,1000,GES,4.0,
8,4,0.2,500,GreedyColor,6.0,4
8,4,0.2,500,GES,3.0,
8,4,0.2,100,GreedyColor,5.0,2
8,4,0.2,100,GES,4.0,
8,2,0.2,1000,GreedyColor,7.0,3
8,2,0.2,1000,GES,7.0,
8,2,0.2,500,GreedyColor,6.0,2
8,2,0.2,500,GES,3.0,
8,2,0.2,100,GreedyColor,5.0,2
8,2,0.2,100,GES,4.0,
5,2,0.8,1000,GreedyColor,0.0,0
5,2,0.8,1000,GES,12.0,
5,2,0.8,500,GreedyColor,0.0,0
5,2,0.8,500,GES,6.0,
5,2,0.8,100,GreedyColor,4.0,0
5,2,0.8,100,GES,12.0,
5,2,0.8,1000,GreedyColor,0.0,0
5,2,0.8,1000,GES,5.0,
5,2,0.8,500,GreedyColor,0.0,0
5,2,0.8,500,GES,7.0,
5,2,0.8,100,GreedyColor,7.0,2
5,2,0.8,100,GES,7.0,
5,2,0.6,1000,GreedyColor,9.0,3
5,2,0.6,1000,GES,9.0,
5,2,0.6,500,GreedyColor,2.0,1
5,2,0.6,500,GES,10.0,
5,2,0.6,100,GreedyColor,8.0,2
5,2,0.6,100,GES,9.0,
5,2,0.6,1000,GreedyColor,2.0,1
5,2,0.6,1000,GES,4.0,
5,2,0.6,500,GreedyColor,1.0,1
5,2,0.6,500,GES,4.0,
5,2,0.6,100,GreedyColor,2.0,0
5,2,0.6,100,GES,6.0,
5,2,0.4,1000,GreedyColor,3.0,2
5,2,0.4,1000,GES,6.0,
5,2,0.4,500,GreedyColor,4.0,2
5,2,0.4,500,GES,4.0,
5,2,0.4,100,GreedyColor,6.0,2
5,2,0.4,100,GES,5.0,
5,2,0.4,1000,GreedyColor,0.0,0
5,2,0.4,1000,GES,0.0,
5,2,0.4,500,GreedyColor,0.0,0
5,2,0.4,500,GES,0.0,
5,2,0.4,100,GreedyColor,1.0,0
5,2,0.4,100,GES,2.0,
5,2,0.2,1000,GreedyColor,0.0,0
5,2,0.2,1000,GES,0.0,
5,2,0.2,500,GreedyColor,0.0,0
5,2,0.2,500,GES,0.0,
5,2,0.2,100,GreedyColor,2.0,0
5,2,0.2,100,GES,2.0,
5,2,0.2,1000,GreedyColor,0.0,0
5,2,0.2,1000,GES,0.0,
5,2,0.2,500,GreedyColor,0.0,1
5,2,0.2,500,GES,0.0,
5,2,0.2,100,GreedyColor,2.0,2
5,2,0.2,100,GES,0.0,
20,10,0.8,1000,GreedyColor,84.0,11
20,10,0.8,1000,GES,150.0,
20,10,0.8,500,GreedyColor,101.0,9
20,10,0.8,500,GES,150.0,
20,10,0.8,100,GreedyColor,112.0,10
20,10,0.8,100,GES,140.0,
20,2,0.8,1000,GreedyColor,175.0,16
20,2,0.8,1000,GES,108.0,
20,2,0.8,500,GreedyColor,173.0,16
20,2,0.8,500,GES,113.0,
20,2,0.8,100,GreedyColor,181.0,16
20,2,0.8,100,GES,190.0,
20,10,0.6,1000,GreedyColor,105.0,8
20,10,0.6,1000,GES,132.0,
20,10,0.6,500,GreedyColor,108.0,10
20,10,0.6,500,GES,152.0,
20,10,0.6,100,GreedyColor,122.0,11
20,10,0.6,100,GES,122.0,
20,2,0.6,1000,GreedyColor,110.0,15
20,2,0.6,1000,GES,200.0,
20,2,0.6,500,GreedyColor,143.0,14
20,2,0.6,500,GES,190.0,
20,2,0.6,100,GreedyColor,154.0,14
20,2,0.6,100,GES,165.0,
20,10,0.4,1000,GreedyColor,137.0,11
20,10,0.4,1000,GES,124.0,
20,10,0.4,500,GreedyColor,125.0,11
20,10,0.4,500,GES,114.0,
20,10,0.4,100,GreedyColor,73.0,10
20,10,0.4,100,GES,103.0,
20,2,0.4,1000,GreedyColor,127.0,17
20,2,0.4,1000,GES,129.0,
20,2,0.4,500,GreedyColor,93.0,14
20,2,0.4,500,GES,106.0,
20,2,0.4,100,GreedyColor,46.0,11
20,2,0.4,100,GES,81.0,
20,10,0.2,1000,GreedyColor,20.0,10
20,10,0.2,1000,GES,28.0,
20,10,0.2,500,GreedyColor,41.0,10
20,10,0.2,500,GES,51.0,
20,10,0.2,100,GreedyColor,30.0,10
20,10,0.2,100,GES,20.0,
20,2,0.2,1000,GreedyColor,20.0,8
20,2,0.2,1000,GES,24.0,
20,2,0.2,500,GreedyColor,14.0,8
20,2,0.2,500,GES,9.0,
20,2,0.2,100,GreedyColor,28.0,9
20,2,0.2,100,GES,33.0,
8,4,0.8,1000,GreedyColor,15.0,3
8,4,0.8,1000,GES,21.0,
8,4,0.8,500,GreedyColor,12.0,2
8,4,0.8,500,GES,15.0,
8,4,0.8,100,GreedyColor,27.0,3
8,4,0.8,100,GES,18.0,
8,2,0.8,1000,GreedyColor,25.0,6
8,2,0.8,1000,GES,24.0,
8,2,0.8,500,GreedyColor,3.0,1
8,2,0.8,500,GES,21.0,
8,2,0.8,100,GreedyColor,16.0,5
8,2,0.8,100,GES,32.0,
8,4,0.6,1000,GreedyColor,20.0,2
8,4,0.6,1000,GES,23.0,
8,4,0.6,500,GreedyColor,25.0,3
8,4,0.6,500,GES,24.0,
8,4,0.6,100,GreedyColor,17.0,2
8,4,0.6,100,GES,24.0,
8,2,0.6,1000,GreedyColor,14.0,2
8,2,0.6,1000,GES,25.0,
8,2,0.6,500,GreedyColor,12.0,2
8,2,0.6,500,GES,23.0,
8,2,0.6,100,GreedyColor,13.0,3
8,2,0.6,100,GES,16.0,
8,4,0.4,1000,GreedyColor,10.0,2
8,4,0.4,1000,GES,10.0,
8,4,0.4,500,GreedyColor,13.0,1
8,4,0.4,500,GES,11.0,
8,4,0.4,100,GreedyColor,16.0,2
8,4,0.4,100,GES,12.0,
8,2,0.4,1000,GreedyColor,4.0,2
8,2,0.4,1000,GES,0.0,
8,2,0.4,500,GreedyColor,3.0,2
8,2,0.4,500,GES,1.0,
8,2,0.4,100,GreedyColor,5.0,2
8,2,0.4,100,GES,3.0,
8,4,0.2,1000,GreedyColor,6.0,4
8,4,0.2,1000,GES,6.0,
8,4,0.2,500,GreedyColor,7.0,3
8,4,0.2,500,GES,6.0,
8,4,0.2,100,GreedyColor,8.0,3
8,4,0.2,100,GES,9.0,
8,2,0.2,1000,GreedyColor,0.0,0
8,2,0.2,1000,GES,3.0,
8,2,0.2,500,GreedyColor,2.0,3
8,2,0.2,500,GES,3.0,
8,2,0.2,100,GreedyColor,5.0,0
8,2,0.2,100,GES,6.0,
5,2,0.8,1000,GreedyColor,5.0,2
5,2,0.8,1000,GES,4.0,
5,2,0.8,500,GreedyColor,3.0,2
5,2,0.8,500,GES,7.0,
5,2,0.8,100,GreedyColor,5.0,3
5,2,0.8,100,GES,6.0,
5,2,0.8,1000,GreedyColor,0.0,0
5,2,0.8,1000,GES,4.0,
5,2,0.8,500,GreedyColor,0.0,0
5,2,0.8,500,GES,4.0,
5,2,0.8,100,GreedyColor,0.0,0
5,2,0.8,100,GES,4.0,
5,2,0.6,1000,GreedyColor,0.0,0
5,2,0.6,1000,GES,0.0,
5,2,0.6,500,GreedyColor,0.0,0
5,2,0.6,500,GES,0.0,
5,2,0.6,100,GreedyColor,1.0,1
5,2,0.6,100,GES,1.0,
5,2,0.6,1000,GreedyColor,6.0,3
5,2,0.6,1000,GES,9.0,
5,2,0.6,500,GreedyColor,5.0,2
5,2,0.6,500,GES,7.0,
5,2,0.6,100,GreedyColor,1.0,0
5,2,0.6,100,GES,11.0,
5,2,0.4,1000,GreedyColor,8.0,3
5,2,0.4,1000,GES,0.0,
5,2,0.4,500,GreedyColor,8.0,3
5,2,0.4,500,GES,0.0,
5,2,0.4,100,GreedyColor,7.0,2
5,2,0.4,100,GES,2.0,
5,2,0.4,1000,GreedyColor,4.0,2
5,2,0.4,1000,GES,2.0,
5,2,0.4,500,GreedyColor,1.0,1
5,2,0.4,500,GES,2.0,
5,2,0.4,100,GreedyColor,6.0,1
5,2,0.4,100,GES,4.0,
5,2,0.2,1000,GreedyColor,0.0,0
5,2,0.2,1000,GES,2.0,
5,2,0.2,500,GreedyColor,1.0,0
5,2,0.2,500,GES,4.0,
5,2,0.2,100,GreedyColor,1.0,0
5,2,0.2,100,GES,4.0,
5,2,0.2,1000,GreedyColor,0.0,0
5,2,0.2,1000,GES,2.0,
5,2,0.2,500,GreedyColor,1.0,0
5,2,0.2,500,GES,2.0,
5,2,0.2,100,GreedyColor,0.0,1
5,2,0.2,100,GES,2.0,
20,10,0.8,1000,GreedyColor,136.0,10
20,10,0.8,1000,GES,170.0,
20,10,0.8,500,GreedyColor,112.0,9
20,10,0.8,500,GES,158.0,
20,10,0.8,100,GreedyColor,154.0,8
20,10,0.8,100,GES,134.0,
20,2,0.8,1000,GreedyColor,169.0,16
20,2,0.8,1000,GES,166.0,
20,2,0.8,500,GreedyColor,198.0,16
20,2,0.8,500,GES,166.0,
20,2,0.8,100,GreedyColor,134.0,12
20,2,0.8,100,GES,176.0,
20,10,0.6,1000,GreedyColor,107.0,12
20,10,0.6,1000,GES,186.0,
20,10,0.6,500,GreedyColor,159.0,9
20,10,0.6,500,GES,155.0,
20,10,0.6,100,GreedyColor,125.0,10
20,10,0.6,100,GES,130.0,
20,2,0.6,1000,GreedyColor,160.0,15
20,2,0.6,1000,GES,175.0,
20,2,0.6,500,GreedyColor,160.0,15
20,2,0.6,500,GES,179.0,
20,2,0.6,100,GreedyColor,172.0,16
20,2,0.6,100,GES,148.0,
20,10,0.4,1000,GreedyColor,85.0,10
20,10,0.4,1000,GES,160.0,
20,10,0.4,500,GreedyColor,110.0,11
20,10,0.4,500,GES,106.0,
20,10,0.4,100,GreedyColor,98.0,10
20,10,0.4,100,GES,106.0,
20,2,0.4,1000,GreedyColor,51.0,11
20,2,0.4,1000,GES,24.0,
20,2,0.4,500,GreedyColor,69.0,14
20,2,0.4,500,GES,52.0,
20,2,0.4,100,GreedyColor,71.0,15
20,2,0.4,100,GES,83.0,
20,10,0.2,1000,GreedyColor,37.0,10
20,10,0.2,1000,GES,23.0,
20,10,0.2,500,GreedyColor,38.0,9
20,10,0.2,500,GES,41.0,
20,10,0.2,100,GreedyColor,45.0,11
20,10,0.2,100,GES,30.0,
20,2,0.2,1000,GreedyColor,21.0,7
20,2,0.2,1000,GES,15.0,
20,2,0.2,500,GreedyColor,21.0,8
20,2,0.2,500,GES,22.0,
20,2,0.2,100,GreedyColor,21.0,7
20,2,0.2,100,GES,20.0,
8,4,0.8,1000,GreedyColor,18.0,3
8,4,0.8,1000,GES,41.0,
8,4,0.8,500,GreedyColor,37.0,4
8,4,0.8,500,GES,32.0,
8,4,0.8,100,GreedyColor,24.0,3
8,4,0.8,100,GES,29.0,
8,2,0.8,1000,GreedyColor,28.0,4
8,2,0.8,1000,GES,31.0,
8,2,0.8,500,GreedyColor,24.0,5
8,2,0.8,500,GES,31.0,
8,2,0.8,100,GreedyColor,21.0,4
8,2,0.8,100,GES,23.0,
8,4,0.6,1000,GreedyColor,4.0,3
8,4,0.6,1000,GES,20.0,
8,4,0.6,500,GreedyColor,8.0,3
8,4,0.6,500,GES,18.0,
8,4,0.6,100,GreedyColor,18.0,2
8,4,0.6,100,GES,14.0,
8,2,0.6,1000,GreedyColor,28.0,5
8,2,0.6,1000,GES,29.0,
8,2,0.6,500,GreedyColor,11.0,5
8,2,0.6,500,GES,22.0,
8,2,0.6,100,GreedyColor,8.0,0
8,2,0.6,100,GES,19.0,
8,4,0.4,1000,GreedyColor,7.0,3
8,4,0.4,1000,GES,4.0,
8,4,0.4,500,GreedyColor,5.0,2
8,4,0.4,500,GES,2.0,
8,4,0.4,100,GreedyColor,10.0,2
8,4,0.4,100,GES,9.0,
8,2,0.4,1000,GreedyColor,13.0,4
8,2,0.4,1000,GES,21.0,
8,2,0.4,500,GreedyColor,11.0,4
8,2,0.4,500,GES,20.0,
8,2,0.4,100,GreedyColor,11.0,2
8,2,0.4,100,GES,19.0,
8,4,0.2,1000,GreedyColor,0.0,0
8,4,0.2,1000,GES,2.0,
8,4,0.2,500,GreedyColor,2.0,2
8,4,0.2,500,GES,2.0,
8,4,0.2,100,GreedyColor,4.0,2
8,4,0.2,100,GES,4.0,
8,2,0.2,1000,GreedyColor,0.0,2
8,2,0.2,1000,GES,1.0,
8,2,0.2,500,GreedyColor,2.0,0
8,2,0.2,500,GES,3.0,
8,2,0.2,100,GreedyColor,0.0,1
8,2,0.2,100,GES,1.0,
5,2,0.8,1000,GreedyColor,12.0,3
5,2,0.8,1000,GES,5.0,
5,2,0.8,500,GreedyColor,4.0,2
5,2,0.8,500,GES,5.0,
5,2,0.8,100,GreedyColor,8.0,3
5,2,0.8,100,GES,7.0,
5,2,0.8,1000,GreedyColor,7.0,3
5,2,0.8,1000,GES,11.0,
5,2,0.8,500,GreedyColor,4.0,2
5,2,0.8,500,GES,9.0,
5,2,0.8,100,GreedyColor,2.0,1
5,2,0.8,100,GES,7.0,
5,2,0.6,1000,GreedyColor,2.0,0
5,2,0.6,1000,GES,9.0,
5,2,0.6,500,GreedyColor,5.0,2
5,2,0.6,500,GES,7.0,
5,2,0.6,100,GreedyColor,5.0,2
5,2,0.6,100,GES,6.0,
5,2,0.6,1000,GreedyColor,4.0,0
5,2,0.6,1000,GES,9.0,
5,2,0.6,500,GreedyColor,0.0,0
5,2,0.6,500,GES,7.0,
5,2,0.6,100,GreedyColor,8.0,2
5,2,0.6,100,GES,8.0,
5,2,0.4,1000,GreedyColor,0.0,0
5,2,0.4,1000,GES,2.0,
5,2,0.4,500,GreedyColor,0.0,0
5,2,0.4,500,GES,2.0,
5,2,0.4,100,GreedyColor,2.0,2
5,2,0.4,100,GES,2.0,
5,2,0.4,1000,GreedyColor,0.0,0
5,2,0.4,1000,GES,2.0,
5,2,0.4,500,GreedyColor,0.0,0
5,2,0.4,500,GES,2.0,
5,2,0.4,100,GreedyColor,0.0,0
5,2,0.4,100,GES,2.0,
5,2,0.2,1000,GreedyColor,0.0,0
5,2,0.2,1000,GES,1.0,
5,2,0.2,500,GreedyColor,0.0,0
5,2,0.2,500,GES,1.0,
5,2,0.2,100,GreedyColor,0.0,1
5,2,0.2,100,GES,1.0,
5,2,0.2,1000,GreedyColor,0.0,0
5,2,0.2,1000,GES,3.0,
5,2,0.2,500,GreedyColor,0.0,1
5,2,0.2,500,GES,3.0,
5,2,0.2,100,GreedyColor,0.0,1
5,2,0.2,100,GES,3.0,
20,10,0.8,1000,GreedyColor,232.0,12
20,10,0.8,1000,GES,185.0,
20,10,0.8,500,GreedyColor,142.0,11
20,10,0.8,500,GES,179.0,
20,10,0.8,100,GreedyColor,156.0,11
20,10,0.8,100,GES,150.0,
20,2,0.8,1000,GreedyColor,154.0,15
20,2,0.8,1000,GES,224.0,
20,2,0.8,500,GreedyColor,184.0,16
20,2,0.8,500,GES,214.0,
20,2,0.8,100,GreedyColor,166.0,15
20,2,0.8,100,GES,190.0,
20,10,0.6,1000,GreedyColor,134.0,9
20,10,0.6,1000,GES,141.0,
20,10,0.6,500,GreedyColor,126.0,9
20,10,0.6,500,GES,188.0,
20,10,0.6,100,GreedyColor,155.0,11
20,10,0.6,100,GES,146.0,
20,2,0.6,1000,GreedyColor,159.0,16
20,2,0.6,1000,GES,201.0,
20,2,0.6,500,GreedyColor,171.0,15
20,2,0.6,500,GES,184.0,
20,2,0.6,100,GreedyColor,158.0,13
20,2,0.6,100,GES,154.0,
20,10,0.4,1000,GreedyColor,82.0,10
20,10,0.4,1000,GES,110.0,
20,10,0.4,500,GreedyColor,77.0,9
20,10,0.4,500,GES,83.0,
20,10,0.4,100,GreedyColor,77.0,10
20,10,0.4,100,GES,104.0,
20,2,0.4,1000,GreedyColor,111.0,15
20,2,0.4,1000,GES,116.0,
20,2,0.4,500,GreedyColor,153.0,15
20,2,0.4,500,GES,127.0,
20,2,0.4,100,GreedyColor,117.0,14
20,2,0.4,100,GES,108.0,
20,10,0.2,1000,GreedyColor,38.0,8
20,10,0.2,1000,GES,17.0,
20,10,0.2,500,GreedyColor,52.0,10
20,10,0.2,500,GES,17.0,
20,10,0.2,100,GreedyColor,46.0,11
20,10,0.2,100,GES,29.0,
20,2,0.2,1000,GreedyColor,20.0,7
20,2,0.2,1000,GES,84.0,
20,2,0.2,500,GreedyColor,15.0,5
20,2,0.2,500,GES,46.0,
20,2,0.2,100,GreedyColor,20.0,8
20,2,0.2,100,GES,55.0,
8,4,0.8,1000,GreedyColor,23.0,4
8,4,0.8,1000,GES,27.0,
8,4,0.8,500,GreedyColor,21.0,2
8,4,0.8,500,GES,34.0,
8,4,0.8,100,GreedyColor,13.0,3
8,4,0.8,100,GES,18.0,
8,2,0.8,1000,GreedyColor,8.0,2
8,2,0.8,1000,GES,22.0,
8,2,0.8,500,GreedyColor,24.0,5
8,2,0.8,500,GES,32.0,
8,2,0.8,100,GreedyColor,22.0,4
8,2,0.8,100,GES,26.0,
8,4,0.6,1000,GreedyColor,10.0,4
8,4,0.6,1000,GES,8.0,
8,4,0.6,500,GreedyColor,17.0,4
8,4,0.6,500,GES,8.0,
8,4,0.6,100,GreedyColor,11.0,4
8,4,0.6,100,GES,8.0,
8,2,0.6,1000,GreedyColor,6.0,3
8,2,0.6,1000,GES,17.0,
8,2,0.6,500,GreedyColor,4.0,0
8,2,0.6,500,GES,20.0,
8,2,0.6,100,GreedyColor,11.0,0
8,2,0.6,100,GES,19.0,
8,4,0.4,1000,GreedyColor,6.0,2
8,4,0.4,1000,GES,6.0,
8,4,0.4,500,GreedyColor,15.0,2
8,4,0.4,500,GES,6.0,
8,4,0.4,100,GreedyColor,17.0,3
8,4,0.4,100,GES,15.0,
8,2,0.4,1000,GreedyColor,10.0,3
8,2,0.4,1000,GES,8.0,
8,2,0.4,500,GreedyColor,7.0,0
8,2,0.4,500,GES,8.0,
8,2,0.4,100,GreedyColor,7.0,0
8,2,0.4,100,GES,8.0,
8,4,0.2,1000,GreedyColor,1.0,2
8,4,0.2,1000,GES,1.0,
8,4,0.2,500,GreedyColor,1.0,2
8,4,0.2,500,GES,3.0,
8,4,0.2,100,GreedyColor,5.0,2
8,4,0.2,100,GES,5.0,
8,2,0.2,1000,GreedyColor,10.0,3
8,2,0.2,1000,GES,4.0,
8,2,0.2,500,GreedyColor,2.0,2
8,2,0.2,500,GES,2.0,
8,2,0.2,100,GreedyColor,2.0,1
8,2,0.2,100,GES,4.0,
5,2,0.8,1000,GreedyColor,8.0,2
5,2,0.8,1000,GES,7.0,
5,2,0.8,500,GreedyColor,5.0,2
5,2,0.8,500,GES,7.0,
5,2,0.8,100,GreedyColor,5.0,0
5,2,0.8,100,GES,7.0,
5,2,0.8,1000,GreedyColor,2.0,2
5,2,0.8,1000,GES,8.0,
5,2,0.8,500,GreedyColor,5.0,2
5,2,0.8,500,GES,8.0,
5,2,0.8,100,GreedyColor,4.0,1
5,2,0.8,100,GES,8.0,
5,2,0.6,1000,GreedyColor,3.0,0
5,2,0.6,1000,GES,5.0,
5,2,0.6,500,GreedyColor,6.0,0
5,2,0.6,500,GES,6.0,
5,2,0.6,100,GreedyColor,4.0,0
5,2,0.6,100,GES,6.0,
5,2,0.6,1000,GreedyColor,0.0,0
5,2,0.6,1000,GES,8.0,
5,2,0.6,500,GreedyColor,4.0,2
5,2,0.6,500,GES,7.0,
5,2,0.6,100,GreedyColor,7.0,0
5,2,0.6,100,GES,4.0,
5,2,0.4,1000,GreedyColor,0.0,0
5,2,0.4,1000,GES,4.0,
5,2,0.4,500,GreedyColor,0.0,0
5,2,0.4,500,GES,4.0,
5,2,0.4,100,GreedyColor,0.0,0
5,2,0.4,100,GES,4.0,
5,2,0.4,1000,GreedyColor,0.0,0
5,2,0.4,1000,GES,1.0,
5,2,0.4,500,GreedyColor,3.0,0
5,2,0.4,500,GES,3.0,
5,2,0.4,100,GreedyColor,0.0,0
5,2,0.4,100,GES,1.0,
5,2,0.2,1000,GreedyColor,0.0,0
5,2,0.2,1000,GES,2.0,
5,2,0.2,500,GreedyColor,0.0,0
5,2,0.2,500,GES,2.0,
5,2,0.2,100,GreedyColor,1.0,0
5,2,0.2,100,GES,2.0,
5,2,0.2,1000,GreedyColor,2.0,2
5,2,0.2,1000,GES,3.0,
5,2,0.2,500,GreedyColor,2.0,0
5,2,0.2,500,GES,3.0,
5,2,0.2,100,GreedyColor,1.0,0
5,2,0.2,100,GES,3.0,
20,10,0.8,1000,GreedyColor,159.0,10
20,10,0.8,1000,GES,174.0,
20,10,0.8,500,GreedyColor,158.0,10
20,10,0.8,500,GES,175.0,
20,10,0.8,100,GreedyColor,194.0,11
20,10,0.8,100,GES,140.0,
20,2,0.8,1000,GreedyColor,111.0,15
20,2,0.8,1000,GES,179.0,
20,2,0.8,500,GreedyColor,88.0,13
20,2,0.8,500,GES,164.0,
20,2,0.8,100,GreedyColor,158.0,15
20,2,0.8,100,GES,135.0,
20,10,0.6,1000,GreedyColor,146.0,11
20,10,0.6,1000,GES,147.0,
20,10,0.6,500,GreedyColor,122.0,11
20,10,0.6,500,GES,126.0,
20,10,0.6,100,GreedyColor,161.0,11
20,10,0.6,100,GES,148.0,
20,2,0.6,1000,GreedyColor,143.0,15
20,2,0.6,1000,GES,150.0,
20,2,0.6,500,GreedyColor,196.0,14
20,2,0.6,500,GES,176.0,
20,2,0.6,100,GreedyColor,145.0,16
20,2,0.6,100,GES,147.0,
20,10,0.4,1000,GreedyColor,88.0,8
20,10,0.4,1000,GES,113.0,
20,10,0.4,500,GreedyColor,80.0,7
20,10,0.4,500,GES,81.0,
20,10,0.4,100,GreedyColor,102.0,9
20,10,0.4,100,GES,88.0,
20,2,0.4,1000,GreedyColor,65.0,9
20,2,0.4,1000,GES,116.0,
20,2,0.4,500,GreedyColor,127.0,14
20,2,0.4,500,GES,75.0,
20,2,0.4,100,GreedyColor,48.0,11
20,2,0.4,100,GES,97.0,
20,10,0.2,1000,GreedyColor,37.0,6
20,10,0.2,1000,GES,44.0,
20,10,0.2,500,GreedyColor,47.0,9
20,10,0.2,500,GES,51.0,
20,10,0.2,100,GreedyColor,58.0,9
20,10,0.2,100,GES,30.0,
20,2,0.2,1000,GreedyColor,8.0,3
20,2,0.2,1000,GES,3.0,
20,2,0.2,500,GreedyColor,34.0,6
20,2,0.2,500,GES,7.0,
20,2,0.2,100,GreedyColor,26.0,4
20,2,0.2,100,GES,31.0,
8,4,0.8,1000,GreedyColor,16.0,1
8,4,0.8,1000,GES,22.0,
8,4,0.8,500,GreedyColor,8.0,2
8,4,0.8,500,GES,23.0,
8,4,0.8,100,GreedyColor,29.0,3
8,4,0.8,100,GES,23.0,
8,2,0.8,1000,GreedyColor,29.0,4
8,2,0.8,1000,GES,9.0,
8,2,0.8,500,GreedyColor,22.0,4
8,2,0.8,500,GES,20.0,
8,2,0.8,100,GreedyColor,9.0,3
8,2,0.8,100,GES,26.0,
8,4,0.6,1000,GreedyColor,2.0,2
8,4,0.6,1000,GES,38.0,
8,4,0.6,500,GreedyColor,9.0,3
8,4,0.6,500,GES,14.0,
8,4,0.6,100,GreedyColor,25.0,4
8,4,0.6,100,GES,21.0,
8,2,0.6,1000,GreedyColor,0.0,1
8,2,0.6,1000,GES,19.0,
8,2,0.6,500,GreedyColor,5.0,0
8,2,0.6,500,GES,21.0,
8,2,0.6,100,GreedyColor,10.0,2
8,2,0.6,100,GES,19.0,
8,4,0.4,1000,GreedyColor,14.0,4
8,4,0.4,1000,GES,3.0,
8,4,0.4,500,GreedyColor,18.0,3
8,4,0.4,500,GES,9.0,
8,4,0.4,100,GreedyColor,18.0,4
8,4,0.4,100,GES,9.0,
8,2,0.4,1000,GreedyColor,12.0,4
8,2,0.4,1000,GES,13.0,
8,2,0.4,500,GreedyColor,5.0,3
8,2,0.4,500,GES,27.0,
8,2,0.4,100,GreedyColor,7.0,1
8,2,0.4,100,GES,24.0,
8,4,0.2,1000,GreedyColor,4.0,1
8,4,0.2,1000,GES,8.0,
8,4,0.2,500,GreedyColor,9.0,2
8,4,0.2,500,GES,9.0,
8,4,0.2,100,GreedyColor,5.0,1
8,4,0.2,100,GES,7.0,
8,2,0.2,1000,GreedyColor,12.0,4
8,2,0.2,1000,GES,2.0,
8,2,0.2,500,GreedyColor,6.0,2
8,2,0.2,500,GES,2.0,
8,2,0.2,100,GreedyColor,13.0,3
8,2,0.2,100,GES,4.0,
5,2,0.8,1000,GreedyColor,9.0,2
5,2,0.8,1000,GES,3.0,
5,2,0.8,500,GreedyColor,4.0,0
5,2,0.8,500,GES,3.0,
5,2,0.8,100,GreedyColor,7.0,2
5,2,0.8,100,GES,8.0,
5,2,0.8,1000,GreedyColor,6.0,3
5,2,0.8,1000,GES,8.0,
5,2,0.8,500,GreedyColor,9.0,2
5,2,0.8,500,GES,8.0,
5,2,0.8,100,GreedyColor,4.0,0
5,2,0.8,100,GES,10.0,
5,2,0.6,1000,GreedyColor,6.0,1
5,2,0.6,1000,GES,7.0,
5,2,0.6,500,GreedyColor,4.0,2
5,2,0.6,500,GES,7.0,
5,2,0.6,100,GreedyColor,7.0,1
5,2,0.6,100,GES,7.0,
5,2,0.6,1000,GreedyColor,0.0,1
5,2,0.6,1000,GES,0.0,
5,2,0.6,500,GreedyColor,0.0,1
5,2,0.6,500,GES,0.0,
5,2,0.6,100,GreedyColor,4.0,2
5,2,0.6,100,GES,4.0,
5,2,0.4,1000,GreedyColor,0.0,0
5,2,0.4,1000,GES,2.0,
5,2,0.4,500,GreedyColor,0.0,0
5,2,0.4,500,GES,2.0,
5,2,0.4,100,GreedyColor,1.0,0
5,2,0.4,100,GES,4.0,
5,2,0.4,1000,GreedyColor,6.0,1
5,2,0.4,1000,GES,6.0,
5,2,0.4,500,GreedyColor,0.0,0
5,2,0.4,500,GES,6.0,
5,2,0.4,100,GreedyColor,2.0,0
5,2,0.4,100,GES,10.0,
5,2,0.2,1000,GreedyColor,0.0,0
5,2,0.2,1000,GES,4.0,
5,2,0.2,500,GreedyColor,6.0,2
5,2,0.2,500,GES,4.0,
5,2,0.2,100,GreedyColor,3.0,2
5,2,0.2,100,GES,4.0,
5,2,0.2,1000,GreedyColor,0.0,0
5,2,0.2,1000,GES,2.0,
5,2,0.2,500,GreedyColor,1.0,0
5,2,0.2,500,GES,2.0,
5,2,0.2,100,GreedyColor,1.0,0
5,2,0.2,100,GES,4.0,
20,10,0.8,1000,GreedyColor,173.0,9
20,10,0.8,1000,GES,150.0,
20,10,0.8,500,GreedyColor,180.0,10
20,10,0.8,500,GES,139.0,
20,10,0.8,100,GreedyColor,171.0,11
20,10,0.8,100,GES,139.0,
20,2,0.8,1000,GreedyColor,206.0,14
20,2,0.8,1000,GES,217.0,
20,2,0.8,500,GreedyColor,197.0,16
20,2,0.8,500,GES,191.0,
20,2,0.8,100,GreedyColor,140.0,15
20,2,0.8,100,GES,164.0,
20,10,0.6,1000,GreedyColor,52.0,7
20,10,0.6,1000,GES,121.0,
20,10,0.6,500,GreedyColor,113.0,9
20,10,0.6,500,GES,93.0,
20,10,0.6,100,GreedyColor,135.0,10
20,10,0.6,100,GES,97.0,
20,2,0.6,1000,GreedyColor,96.0,14
20,2,0.6,1000,GES,105.0,
20,2,0.6,500,GreedyColor,122.0,15
20,2,0.6,500,GES,123.0,
20,2,0.6,100,GreedyColor,97.0,13
20,2,0.6,100,GES,129.0,
20,10,0.4,1000,GreedyColor,64.0,10
20,10,0.4,1000,GES,136.0,
20,10,0.4,500,GreedyColor,75.0,10
20,10,0.4,500,GES,135.0,
20,10,0.4,100,GreedyColor,81.0,9
20,10,0.4,100,GES,114.0,
20,2,0.4,1000,GreedyColor,103.0,15
20,2,0.4,1000,GES,127.0,
20,2,0.4,500,GreedyColor,82.0,13
20,2,0.4,500,GES,128.0,
20,2,0.4,100,GreedyColor,64.0,11
20,2,0.4,100,GES,95.0,
20,10,0.2,1000,GreedyColor,54.0,11
20,10,0.2,1000,GES,31.0,
20,10,0.2,500,GreedyColor,23.0,9
20,10,0.2,500,GES,30.0,
20,10,0.2,100,GreedyColor,36.0,7
20,10,0.2,100,GES,37.0,
20,2,0.2,1000,GreedyColor,51.0,11
20,2,0.2,1000,GES,30.0,
20,2,0.2,500,GreedyColor,27.0,6
20,2,0.2,500,GES,45.0,
20,2,0.2,100,GreedyColor,45.0,9
20,2,0.2,100,GES,73.0,
8,4,0.8,1000,GreedyColor,16.0,4
8,4,0.8,1000,GES,31.0,
8,4,0.8,500,GreedyColor,27.0,4
8,4,0.8,500,GES,27.0,
8,4,0.8,100,GreedyColor,27.0,3
8,4,0.8,100,GES,30.0,
8,2,0.8,1000,GreedyColor,12.0,3
8,2,0.8,1000,GES,20.0,
8,2,0.8,500,GreedyColor,4.0,2
8,2,0.8,500,GES,24.0,
8,2,0.8,100,GreedyColor,22.0,5
8,2,0.8,100,GES,22.0,
8,4,0.6,1000,GreedyColor,17.0,2
8,4,0.6,1000,GES,12.0,
8,4,0.6,500,GreedyColor,14.0,3
8,4,0.6,500,GES,15.0,
8,4,0.6,100,GreedyColor,21.0,1
8,4,0.6,100,GES,20.0,
8,2,0.6,1000,GreedyColor,10.0,4
8,2,0.6,1000,GES,17.0,
8,2,0.6,500,GreedyColor,11.0,4
8,2,0.6,500,GES,17.0,
8,2,0.6,100,GreedyColor,23.0,4
8,2,0.6,100,GES,14.0,
8,4,0.4,1000,GreedyColor,7.0,3
8,4,0.4,1000,GES,11.0,
8,4,0.4,500,GreedyColor,12.0,4
8,4,0.4,500,GES,11.0,
8,4,0.4,100,GreedyColor,13.0,4
8,4,0.4,100,GES,12.0,
8,2,0.4,1000,GreedyColor,3.0,2
8,2,0.4,1000,GES,17.0,
8,2,0.4,500,GreedyColor,6.0,3
8,2,0.4,500,GES,0.0,
8,2,0.4,100,GreedyColor,11.0,3
8,2,0.4,100,GES,14.0,
8,4,0.2,1000,GreedyColor,2.0,0
8,4,0.2,1000,GES,5.0,
8,4,0.2,500,GreedyColor,1.0,0
8,4,0.2,500,GES,3.0,
8,4,0.2,100,GreedyColor,1.0,2
8,4,0.2,100,GES,3.0,
8,2,0.2,1000,GreedyColor,0.0,0
8,2,0.2,1000,GES,3.0,
8,2,0.2,500,GreedyColor,9.0,4
8,2,0.2,500,GES,3.0,
8,2,0.2,100,GreedyColor,4.0,2
8,2,0.2,100,GES,5.0,
5,2,0.8,1000,GreedyColor,6.0,2
5,2,0.8,1000,GES,6.0,
5,2,0.8,500,GreedyColor,6.0,2
5,2,0.8,500,GES,6.0,
5,2,0.8,100,GreedyColor,6.0,2
5,2,0.8,100,GES,8.0,
5,2,0.8,1000,GreedyColor,0.0,0
5,2,0.8,1000,GES,0.0,
5,2,0.8,500,GreedyColor,0.0,0
5,2,0.8,500,GES,0.0,
5,2,0.8,100,GreedyColor,1.0,1
5,2,0.8,100,GES,2.0,
5,2,0.6,1000,GreedyColor,3.0,0
5,2,0.6,1000,GES,3.0,
5,2,0.6,500,GreedyColor,4.0,2
5,2,0.6,500,GES,3.0,
5,2,0.6,100,GreedyColor,6.0,3
5,2,0.6,100,GES,5.0,
5,2,0.6,1000,GreedyColor,11.0,2
5,2,0.6,1000,GES,2.0,
5,2,0.6,500,GreedyColor,7.0,2
5,2,0.6,500,GES,2.0,
5,2,0.6,100,GreedyColor,7.0,1
5,2,0.6,100,GES,9.0,
5,2,0.4,1000,GreedyColor,5.0,2
5,2,0.4,1000,GES,2.0,
5,2,0.4,500,GreedyColor,5.0,2
5,2,0.4,500,GES,2.0,
5,2,0.4,100,GreedyColor,2.0,0
5,2,0.4,100,GES,6.0,
5,2,0.4,1000,GreedyColor,0.0,0
5,2,0.4,1000,GES,2.0,
5,2,0.4,500,GreedyColor,0.0,1
5,2,0.4,500,GES,2.0,
5,2,0.4,100,GreedyColor,3.0,2
5,2,0.4,100,GES,4.0,
5,2,0.2,1000,GreedyColor,0.0,0
5,2,0.2,1000,GES,2.0,
5,2,0.2,500,GreedyColor,1.0,0
5,2,0.2,500,GES,2.0,
5,2,0.2,100,GreedyColor,1.0,0
5,2,0.2,100,GES,2.0,
5,2,0.2,1000,GreedyColor,2.0,0
5,2,0.2,1000,GES,2.0,
5,2,0.2,500,GreedyColor,2.0,0
5,2,0.2,500,GES,2.0,
5,2,0.2,100,GreedyColor,2.0,0
5,2,0.2,100,GES,2.0,
20,10,0.8,1000,GreedyColor,175.0,11
20,10,0.8,1000,GES,173.0,
20,10,0.8,500,GreedyColor,139.0,10
20,10,0.8,500,GES,173.0,
20,10,0.8,100,GreedyColor,160.0,10
20,10,0.8,100,GES,163.0,
20,2,0.8,1000,GreedyColor,149.0,17
20,2,0.8,1000,GES,206.0,
20,2,0.8,500,GreedyColor,174.0,15
20,2,0.8,500,GES,192.0,
20,2,0.8,100,GreedyColor,164.0,14
20,2,0.8,100,GES,175.0,
20,10,0.6,1000,GreedyColor,163.0,10
20,10,0.6,1000,GES,207.0,
20,10,0.6,500,GreedyColor,122.0,10
20,10,0.6,500,GES,188.0,
20,10,0.6,100,GreedyColor,108.0,10
20,10,0.6,100,GES,151.0,
20,2,0.6,1000,GreedyColor,163.0,16
20,2,0.6,1000,GES,169.0,
20,2,0.6,500,GreedyColor,142.0,16
20,2,0.6,500,GES,136.0,
20,2,0.6,100,GreedyColor,147.0,13
20,2,0.6,100,GES,116.0,
20,10,0.4,1000,GreedyColor,148.0,9
20,10,0.4,1000,GES,142.0,
20,10,0.4,500,GreedyColor,140.0,11
20,10,0.4,500,GES,139.0,
20,10,0.4,100,GreedyColor,98.0,12
20,10,0.4,100,GES,115.0,
20,2,0.4,1000,GreedyColor,88.0,12
20,2,0.4,1000,GES,138.0,
20,2,0.4,500,GreedyColor,143.0,15
20,2,0.4,500,GES,102.0,
20,2,0.4,100,GreedyColor,99.0,15
20,2,0.4,100,GES,111.0,
20,10,0.2,1000,GreedyColor,62.0,9
20,10,0.2,1000,GES,43.0,
20,10,0.2,500,GreedyColor,42.0,10
20,10,0.2,500,GES,41.0,
20,10,0.2,100,GreedyColor,43.0,12
20,10,0.2,100,GES,42.0,
20,2,0.2,1000,GreedyColor,46.0,13
20,2,0.2,1000,GES,41.0,
20,2,0.2,500,GreedyColor,53.0,13
20,2,0.2,500,GES,32.0,
20,2,0.2,100,GreedyColor,38.0,10
20,2,0.2,100,GES,46.0,
8,4,0.8,1000,GreedyColor,5.0,0
8,4,0.8,1000,GES,19.0,
8,4,0.8,500,GreedyColor,13.0,3
8,4,0.8,500,GES,15.0,
8,4,0.8,100,GreedyColor,16.0,0
8,4,0.8,100,GES,18.0,
8,2,0.8,1000,GreedyColor,26.0,6
8,2,0.8,1000,GES,31.0,
8,2,0.8,500,GreedyColor,10.0,4
8,2,0.8,500,GES,33.0,
8,2,0.8,100,GreedyColor,27.0,3
8,2,0.8,100,GES,27.0,
8,4,0.6,1000,GreedyColor,10.0,3
8,4,0.6,1000,GES,14.0,
8,4,0.6,500,GreedyColor,12.0,3
8,4,0.6,500,GES,15.0,
8,4,0.6,100,GreedyColor,20.0,4
8,4,0.6,100,GES,18.0,
8,2,0.6,1000,GreedyColor,2.0,3
8,2,0.6,1000,GES,17.0,
8,2,0.6,500,GreedyColor,4.0,3
8,2,0.6,500,GES,13.0,
8,2,0.6,100,GreedyColor,6.0,4
8,2,0.6,100,GES,17.0,
8,4,0.4,1000,GreedyColor,16.0,4
8,4,0.4,1000,GES,12.0,
8,4,0.4,500,GreedyColor,21.0,3
8,4,0.4,500,GES,11.0,
8,4,0.4,100,GreedyColor,12.0,2
8,4,0.4,100,GES,13.0,
8,2,0.4,1000,GreedyColor,0.0,0
8,2,0.4,1000,GES,4.0,
8,2,0.4,500,GreedyColor,0.0,1
8,2,0.4,500,GES,4.0,
8,2,0.4,100,GreedyColor,0.0,0
8,2,0.4,100,GES,4.0,
8,4,0.2,1000,GreedyColor,2.0,2
8,4,0.2,1000,GES,2.0,
8,4,0.2,500,GreedyColor,3.0,3
8,4,0.2,500,GES,4.0,
8,4,0.2,100,GreedyColor,2.0,3
8,4,0.2,100,GES,2.0,
8,2,0.2,1000,GreedyColor,4.0,4
8,2,0.2,1000,GES,4.0,
8,2,0.2,500,GreedyColor,0.0,3
8,2,0.2,500,GES,4.0,
8,2,0.2,100,GreedyColor,1.0,3
8,2,0.2,100,GES,6.0,
5,2,0.8,1000,GreedyColor,1.0,0
5,2,0.8,1000,GES,5.0,
5,2,0.8,500,GreedyColor,6.0,2
5,2,0.8,500,GES,9.0,
5,2,0.8,100,GreedyColor,6.0,1
5,2,0.8,100,GES,6.0,
5,2,0.8,1000,GreedyColor,4.0,2
5,2,0.8,1000,GES,8.0,
5,2,0.8,500,GreedyColor,4.0,0
5,2,0.8,500,GES,8.0,
5,2,0.8,100,GreedyColor,4.0,0
5,2,0.8,100,GES,9.0,
5,2,0.6,1000,GreedyColor,0.0,0
5,2,0.6,1000,GES,1.0,
5,2,0.6,500,GreedyColor,0.0,0
5,2,0.6,500,GES,1.0,
5,2,0.6,100,GreedyColor,2.0,0
5,2,0.6,100,GES,3.0,
5,2,0.6,1000,GreedyColor,4.0,2
5,2,0.6,1000,GES,3.0,
5,2,0.6,500,GreedyColor,0.0,0
5,2,0.6,500,GES,3.0,
5,2,0.6,100,GreedyColor,3.0,0
5,2,0.6,100,GES,3.0,
5,2,0.4,1000,GreedyColor,2.0,2
5,2,0.4,1000,GES,3.0,
5,2,0.4,500,GreedyColor,3.0,2
5,2,0.4,500,GES,7.0,
5,2,0.4,100,GreedyColor,2.0,2
5,2,0.4,100,GES,3.0,
5,2,0.4,1000,GreedyColor,7.0,1
5,2,0.4,1000,GES,8.0,
5,2,0.4,500,GreedyColor,3.0,2
5,2,0.4,500,GES,2.0,
5,2,0.4,100,GreedyColor,5.0,0
5,2,0.4,100,GES,6.0,
5,2,0.2,1000,GreedyColor,0.0,0
5,2,0.2,1000,GES,1.0,
5,2,0.2,500,GreedyColor,0.0,0
5,2,0.2,500,GES,1.0,
5,2,0.2,100,GreedyColor,1.0,0
5,2,0.2,100,GES,3.0,
5,2,0.2,1000,GreedyColor,0.0,0
5,2,0.2,1000,GES,1.0,
5,2,0.2,500,GreedyColor,0.0,0
5,2,0.2,500,GES,1.0,
5,2,0.2,100,GreedyColor,2.0,1
5,2,0.2,100,GES,1.0,
20,10,0.8,1000,GreedyColor,137.0,10
20,10,0.8,1000,GES,214.0,
20,10,0.8,500,GreedyColor,117.0,11
20,10,0.8,500,GES,106.0,
20,10,0.8,100,GreedyColor,186.0,9
20,10,0.8,100,GES,131.0,
20,2,0.8,1000,GreedyColor,146.0,16
20,2,0.8,1000,GES,199.0,
20,2,0.8,500,GreedyColor,79.0,14
20,2,0.8,500,GES,167.0,
20,2,0.8,100,GreedyColor,179.0,14
20,2,0.8,100,GES,184.0,
20,10,0.6,1000,GreedyColor,165.0,10
20,10,0.6,1000,GES,114.0,
20,10,0.6,500,GreedyColor,96.0,12
20,10,0.6,500,GES,171.0,
20,10,0.6,100,GreedyColor,103.0,11
20,10,0.6,100,GES,110.0,
20,2,0.6,1000,GreedyColor,109.0,15
20,2,0.6,1000,GES,158.0,
20,2,0.6,500,GreedyColor,146.0,15
20,2,0.6,500,GES,176.0,
20,2,0.6,100,GreedyColor,158.0,15
20,2,0.6,100,GES,99.0,
20,10,0.4,1000,GreedyColor,141.0,10
20,10,0.4,1000,GES,121.0,
20,10,0.4,500,GreedyColor,102.0,11
20,10,0.4,500,GES,121.0,
20,10,0.4,100,GreedyColor,90.0,11
20,10,0.4,100,GES,79.0,
20,2,0.4,1000,GreedyColor,58.0,12
20,2,0.4,1000,GES,140.0,
20,2,0.4,500,GreedyColor,47.0,8
20,2,0.4,500,GES,112.0,
20,2,0.4,100,GreedyColor,65.0,11
20,2,0.4,100,GES,97.0,
20,10,0.2,1000,GreedyColor,22.0,11
20,10,0.2,1000,GES,15.0,
20,10,0.2,500,GreedyColor,28.0,12
20,10,0.2,500,GES,11.0,
20,10,0.2,100,GreedyColor,21.0,12
20,10,0.2,100,GES,21.0,
20,2,0.2,1000,GreedyColor,26.0,6
20,2,0.2,1000,GES,17.0,
20,2,0.2,500,GreedyColor,29.0,8
20,2,0.2,500,GES,7.0,
20,2,0.2,100,GreedyColor,38.0,8
20,2,0.2,100,GES,37.0,
8,4,0.8,1000,GreedyColor,17.0,4
8,4,0.8,1000,GES,29.0,
8,4,0.8,500,GreedyColor,11.0,2
8,4,0.8,500,GES,25.0,
8,4,0.8,100,GreedyColor,18.0,3
8,4,0.8,100,GES,29.0,
8,2,0.8,1000,GreedyColor,31.0,3
8,2,0.8,1000,GES,28.0,
8,2,0.8,500,GreedyColor,8.0,4
8,2,0.8,500,GES,24.0,
8,2,0.8,100,GreedyColor,8.0,3
8,2,0.8,100,GES,23.0,
8,4,0.6,1000,GreedyColor,9.0,2
8,4,0.6,1000,GES,31.0,
8,4,0.6,500,GreedyColor,8.0,3
8,4,0.6,500,GES,30.0,
8,4,0.6,100,GreedyColor,13.0,3
8,4,0.6,100,GES,16.0,
8,2,0.6,1000,GreedyColor,13.0,3
8,2,0.6,1000,GES,6.0,
8,2,0.6,500,GreedyColor,13.0,3
8,2,0.6,500,GES,15.0,
8,2,0.6,100,GreedyColor,14.0,2
8,2,0.6,100,GES,12.0,
8,4,0.4,1000,GreedyColor,5.0,5
8,4,0.4,1000,GES,4.0,
8,4,0.4,500,GreedyColor,0.0,1
8,4,0.4,500,GES,7.0,
8,4,0.4,100,GreedyColor,4.0,2
8,4,0.4,100,GES,4.0,
8,2,0.4,1000,GreedyColor,1.0,1
8,2,0.4,1000,GES,11.0,
8,2,0.4,500,GreedyColor,6.0,4
8,2,0.4,500,GES,10.0,
8,2,0.4,100,GreedyColor,4.0,2
8,2,0.4,100,GES,17.0,
8,4,0.2,1000,GreedyColor,2.0,3
8,4,0.2,1000,GES,2.0,
8,4,0.2,500,GreedyColor,2.0,3
8,4,0.2,500,GES,2.0,
8,4,0.2,100,GreedyColor,2.0,2
8,4,0.2,100,GES,4.0,
8,2,0.2,1000,GreedyColor,4.0,3
8,2,0.2,1000,GES,18.0,
8,2,0.2,500,GreedyColor,10.0,2
8,2,0.2,500,GES,17.0,
8,2,0.2,100,GreedyColor,11.0,2
8,2,0.2,100,GES,17.0,
5,2,0.8,1000,GreedyColor,9.0,2
5,2,0.8,1000,GES,8.0,
5,2,0.8,500,GreedyColor,0.0,0
5,2,0.8,500,GES,8.0,
5,2,0.8,100,GreedyColor,5.0,2
5,2,0.8,100,GES,5.0,
5,2,0.8,1000,GreedyColor,3.0,2
5,2,0.8,1000,GES,16.0,
5,2,0.8,500,GreedyColor,9.0,2
5,2,0.8,500,GES,14.0,
5,2,0.8,100,GreedyColor,7.0,3
5,2,0.8,100,GES,14.0,
5,2,0.6,1000,GreedyColor,4.0,1
5,2,0.6,1000,GES,6.0,
5,2,0.6,500,GreedyColor,3.0,2
5,2,0.6,500,GES,6.0,
5,2,0.6,100,GreedyColor,0.0,0
5,2,0.6,100,GES,4.0,
5,2,0.6,1000,GreedyColor,1.0,2
5,2,0.6,1000,GES,8.0,
5,2,0.6,500,GreedyColor,1.0,0
5,2,0.6,500,GES,5.0,
5,2,0.6,100,GreedyColor,7.0,2
5,2,0.6,100,GES,6.0,
5,2,0.4,1000,GreedyColor,6.0,3
5,2,0.4,1000,GES,4.0,
5,2,0.4,500,GreedyColor,5.0,2
5,2,0.4,500,GES,6.0,
5,2,0.4,100,GreedyColor,3.0,2
5,2,0.4,100,GES,4.0,
5,2,0.4,1000,GreedyColor,0.0,0
5,2,0.4,1000,GES,1.0,
5,2,0.4,500,GreedyColor,0.0,1
5,2,0.4,500,GES,1.0,
5,2,0.4,100,GreedyColor,1.0,2
5,2,0.4,100,GES,7.0,
5,2,0.2,1000,GreedyColor,0.0,0
5,2,0.2,1000,GES,1.0,
5,2,0.2,500,GreedyColor,0.0,0
5,2,0.2,500,GES,1.0,
5,2,0.2,100,GreedyColor,2.0,1
5,2,0.2,100,GES,1.0,
5,2,0.2,1000,GreedyColor,0.0,0
5,2,0.2,1000,GES,1.0,
5,2,0.2,500,GreedyColor,0.0,0
5,2,0.2,500,GES,1.0,
5,2,0.2,100,GreedyColor,1.0,1
5,2,0.2,100,GES,5.0,
20,10,0.8,1000,GreedyColor,162.0,11
20,10,0.8,1000,GES,226.0,
20,10,0.8,500,GreedyColor,185.0,12
20,10,0.8,500,GES,203.0,
20,10,0.8,100,GreedyColor,161.0,11
20,10,0.8,100,GES,197.0,
20,2,0.8,1000,GreedyColor,157.0,15
20,2,0.8,1000,GES,208.0,
20,2,0.8,500,GreedyColor,214.0,15
20,2,0.8,500,GES,178.0,
20,2,0.8,100,GreedyColor,186.0,16
20,2,0.8,100,GES,181.0,
20,10,0.6,1000,GreedyColor,101.0,10
20,10,0.6,1000,GES,183.0,
20,10,0.6,500,GreedyColor,104.0,9
20,10,0.6,500,GES,170.0,
20,10,0.6,100,GreedyColor,163.0,11
20,10,0.6,100,GES,137.0,
20,2,0.6,1000,GreedyColor,93.0,15
20,2,0.6,1000,GES,179.0,
20,2,0.6,500,GreedyColor,131.0,15
20,2,0.6,500,GES,177.0,
20,2,0.6,100,GreedyColor,185.0,14
20,2,0.6,100,GES,153.0,
20,10,0.4,1000,GreedyColor,65.0,10
20,10,0.4,1000,GES,122.0,
20,10,0.4,500,GreedyColor,74.0,10
20,10,0.4,500,GES,103.0,
20,10,0.4,100,GreedyColor,130.0,9
20,10,0.4,100,GES,108.0,
20,2,0.4,1000,GreedyColor,74.0,14
20,2,0.4,1000,GES,177.0,
20,2,0.4,500,GreedyColor,78.0,15
20,2,0.4,500,GES,89.0,
20,2,0.4,100,GreedyColor,121.0,14
20,2,0.4,100,GES,91.0,
20,10,0.2,1000,GreedyColor,45.0,10
20,10,0.2,1000,GES,15.0,
20,10,0.2,500,GreedyColor,39.0,9
20,10,0.2,500,GES,17.0,
20,10,0.2,100,GreedyColor,37.0,7
20,10,0.2,100,GES,25.0,
20,2,0.2,1000,GreedyColor,18.0,5
20,2,0.2,1000,GES,10.0,
20,2,0.2,500,GreedyColor,18.0,5
20,2,0.2,500,GES,12.0,
20,2,0.2,100,GreedyColor,20.0,10
20,2,0.2,100,GES,9.0,
8,4,0.8,1000,GreedyColor,21.0,3
8,4,0.8,1000,GES,14.0,
8,4,0.8,500,GreedyColor,25.0,3
8,4,0.8,500,GES,8.0,
8,4,0.8,100,GreedyColor,26.0,2
8,4,0.8,100,GES,14.0,
8,2,0.8,1000,GreedyColor,18.0,5
8,2,0.8,1000,GES,31.0,
8,2,0.8,500,GreedyColor,19.0,4
8,2,0.8,500,GES,32.0,
8,2,0.8,100,GreedyColor,28.0,3
8,2,0.8,100,GES,28.0,
8,4,0.6,1000,GreedyColor,5.0,2
8,4,0.6,1000,GES,22.0,
8,4,0.6,500,GreedyColor,11.0,4
8,4,0.6,500,GES,22.0,
8,4,0.6,100,GreedyColor,11.0,4
8,4,0.6,100,GES,14.0,
8,2,0.6,1000,GreedyColor,12.0,5
8,2,0.6,1000,GES,7.0,
8,2,0.6,500,GreedyColor,11.0,5
8,2,0.6,500,GES,10.0,
8,2,0.6,100,GreedyColor,7.0,4
8,2,0.6,100,GES,9.0,
8,4,0.4,1000,GreedyColor,15.0,4
8,4,0.4,1000,GES,6.0,
8,4,0.4,500,GreedyColor,15.0,4
8,4,0.4,500,GES,6.0,
8,4,0.4,100,GreedyColor,16.0,4
8,4,0.4,100,GES,13.0,
8,2,0.4,1000,GreedyColor,12.0,3
8,2,0.4,1000,GES,12.0,
8,2,0.4,500,GreedyColor,6.0,0
8,2,0.4,500,GES,10.0,
8,2,0.4,100,GreedyColor,4.0,2
8,2,0.4,100,GES,11.0,
8,4,0.2,1000,GreedyColor,1.0,1
8,4,0.2,1000,GES,5.0,
8,4,0.2,500,GreedyColor,4.0,1
8,4,0.2,500,GES,5.0,
8,4,0.2,100,GreedyColor,7.0,1
8,4,0.2,100,GES,10.0,
8,2,0.2,1000,GreedyColor,1.0,0
8,2,0.2,1000,GES,8.0,
8,2,0.2,500,GreedyColor,1.0,0
8,2,0.2,500,GES,8.0,
8,2,0.2,100,GreedyColor,6.0,0
8,2,0.2,100,GES,7.0,
5,2,0.8,1000,GreedyColor,11.0,1
5,2,0.8,1000,GES,14.0,
5,2,0.8,500,GreedyColor,14.0,3
5,2,0.8,500,GES,14.0,
5,2,0.8,100,GreedyColor,14.0,2
5,2,0.8,100,GES,14.0,
5,2,0.8,1000,GreedyColor,5.0,1
5,2,0.8,1000,GES,9.0,
5,2,0.8,500,GreedyColor,7.0,2
5,2,0.8,500,GES,13.0,
5,2,0.8,100,GreedyColor,4.0,2
5,2,0.8,100,GES,6.0,
5,2,0.6,1000,GreedyColor,4.0,1
5,2,0.6,1000,GES,5.0,
5,2,0.6,500,GreedyColor,6.0,1
5,2,0.6,500,GES,5.0,
5,2,0.6,100,GreedyColor,3.0,0
5,2,0.6,100,GES,4.0,
5,2,0.6,1000,GreedyColor,4.0,0
5,2,0.6,1000,GES,7.0,
5,2,0.6,500,GreedyColor,5.0,1
5,2,0.6,500,GES,5.0,
5,2,0.6,100,GreedyColor,3.0,0
5,2,0.6,100,GES,8.0,
5,2,0.4,1000,GreedyColor,6.0,2
5,2,0.4,1000,GES,4.0,
5,2,0.4,500,GreedyColor,2.0,1
5,2,0.4,500,GES,4.0,
5,2,0.4,100,GreedyColor,3.0,0
5,2,0.4,100,GES,5.0,
5,2,0.4,1000,GreedyColor,7.0,2
5,2,0.4,1000,GES,0.0,
5,2,0.4,500,GreedyColor,5.0,2
5,2,0.4,500,GES,11.0,
5,2,0.4,100,GreedyColor,5.0,0
5,2,0.4,100,GES,9.0,
5,2,0.2,1000,GreedyColor,0.0,0
5,2,0.2,1000,GES,3.0,
5,2,0.2,500,GreedyColor,0.0,0
5,2,0.2,500,GES,3.0,
5,2,0.2,100,GreedyColor,2.0,0
5,2,0.2,100,GES,4.0,
5,2,0.2,1000,GreedyColor,0.0,0
5,2,0.2,1000,GES,1.0,
5,2,0.2,500,GreedyColor,1.0,0
5,2,0.2,500,GES,3.0,
5,2,0.2,100,GreedyColor,0.0,0
5,2,0.2,100,GES,1.0,
20,10,0.8,1000,GreedyColor,114.0,8
20,10,0.8,1000,GES,161.0,
20,10,0.8,500,GreedyColor,121.0,9
20,10,0.8,500,GES,137.0,
20,10,0.8,100,GreedyColor,164.0,10
20,10,0.8,100,GES,167.0,
20,2,0.8,1000,GreedyColor,194.0,17
20,2,0.8,1000,GES,210.0,
20,2,0.8,500,GreedyColor,147.0,15
20,2,0.8,500,GES,194.0,
20,2,0.8,100,GreedyColor,162.0,14
20,2,0.8,100,GES,175.0,
20,10,0.6,1000,GreedyColor,131.0,9
20,10,0.6,1000,GES,147.0,
20,10,0.6,500,GreedyColor,148.0,10
20,10,0.6,500,GES,136.0,
20,10,0.6,100,GreedyColor,153.0,8
20,10,0.6,100,GES,140.0,
20,2,0.6,1000,GreedyColor,83.0,10
20,2,0.6,1000,GES,138.0,
20,2,0.6,500,GreedyColor,120.0,14
20,2,0.6,500,GES,137.0,
20,2,0.6,100,GreedyColor,109.0,14
20,2,0.6,100,GES,145.0,
20,10,0.4,1000,GreedyColor,74.0,10
20,10,0.4,1000,GES,84.0,
20,10,0.4,500,GreedyColor,72.0,10
20,10,0.4,500,GES,84.0,
20,10,0.4,100,GreedyColor,80.0,12
20,10,0.4,100,GES,102.0,
20,2,0.4,1000,GreedyColor,167.0,16
20,2,0.4,1000,GES,186.0,
20,2,0.4,500,GreedyColor,115.0,16
20,2,0.4,500,GES,141.0,
20,2,0.4,100,GreedyColor,147.0,13
20,2,0.4,100,GES,114.0,
20,10,0.2,1000,GreedyColor,41.0,8
20,10,0.2,1000,GES,42.0,
20,10,0.2,500,GreedyColor,39.0,8
20,10,0.2,500,GES,59.0,
20,10,0.2,100,GreedyColor,35.0,9
20,10,0.2,100,GES,59.0,
20,2,0.2,1000,GreedyColor,26.0,14
20,2,0.2,1000,GES,52.0,
20,2,0.2,500,GreedyColor,36.0,8
20,2,0.2,500,GES,47.0,
20,2,0.2,100,GreedyColor,35.0,11
20,2,0.2,100,GES,55.0,
8,4,0.8,1000,GreedyColor,12.0,4
8,4,0.8,1000,GES,28.0,
8,4,0.8,500,GreedyColor,2.0,0
8,4,0.8,500,GES,27.0,
8,4,0.8,100,GreedyColor,10.0,3
8,4,0.8,100,GES,17.0,
8,2,0.8,1000,GreedyColor,9.0,4
8,2,0.8,1000,GES,16.0,
8,2,0.8,500,GreedyColor,11.0,3
8,2,0.8,500,GES,20.0,
8,2,0.8,100,GreedyColor,16.0,2
8,2,0.8,100,GES,19.0,
8,4,0.6,1000,GreedyColor,17.0,2
8,4,0.6,1000,GES,18.0,
8,4,0.6,500,GreedyColor,11.0,4
8,4,0.6,500,GES,20.0,
8,4,0.6,100,GreedyColor,21.0,3
8,4,0.6,100,GES,24.0,
8,2,0.6,1000,GreedyColor,14.0,4
8,2,0.6,1000,GES,23.0,
8,2,0.6,500,GreedyColor,12.0,3
8,2,0.6,500,GES,26.0,
8,2,0.6,100,GreedyColor,3.0,1
8,2,0.6,100,GES,28.0,
8,4,0.4,1000,GreedyColor,2.0,3
8,4,0.4,1000,GES,6.0,
8,4,0.4,500,GreedyColor,3.0,1
8,4,0.4,500,GES,7.0,
8,4,0.4,100,GreedyColor,2.0,3
8,4,0.4,100,GES,8.0,
8,2,0.4,1000,GreedyColor,5.0,0
8,2,0.4,1000,GES,12.0,
8,2,0.4,500,GreedyColor,4.0,1
8,2,0.4,500,GES,11.0,
8,2,0.4,100,GreedyColor,7.0,0
8,2,0.4,100,GES,11.0,
8,4,0.2,1000,GreedyColor,3.0,2
8,4,0.2,1000,GES,0.0,
8,4,0.2,500,GreedyColor,5.0,2
8,4,0.2,500,GES,0.0,
8,4,0.2,100,GreedyColor,3.0,3
8,4,0.2,100,GES,0.0,
8,2,0.2,1000,GreedyColor,0.0,0
8,2,0.2,1000,GES,3.0,
8,2,0.2,500,GreedyColor,0.0,0
8,2,0.2,500,GES,5.0,
8,2,0.2,100,GreedyColor,3.0,2
8,2,0.2,100,GES,4.0,
5,2,0.8,1000,GreedyColor,3.0,1
5,2,0.8,1000,GES,4.0,
5,2,0.8,500,GreedyColor,4.0,0
5,2,0.8,500,GES,4.0,
5,2,0.8,100,GreedyColor,5.0,1
5,2,0.8,100,GES,8.0,
5,2,0.8,1000,GreedyColor,3.0,2
5,2,0.8,1000,GES,4.0,
5,2,0.8,500,GreedyColor,3.0,2
5,2,0.8,500,GES,4.0,
5,2,0.8,100,GreedyColor,4.0,2
5,2,0.8,100,GES,4.0,
5,2,0.6,1000,GreedyColor,2.0,1
5,2,0.6,1000,GES,9.0,
5,2,0.6,500,GreedyColor,4.0,1
5,2,0.6,500,GES,9.0,
5,2,0.6,100,GreedyColor,5.0,1
5,2,0.6,100,GES,6.0,
5,2,0.6,1000,GreedyColor,4.0,1
5,2,0.6,1000,GES,4.0,
5,2,0.6,500,GreedyColor,2.0,1
5,2,0.6,500,GES,4.0,
5,2,0.6,100,GreedyColor,3.0,0
5,2,0.6,100,GES,4.0,
5,2,0.4,1000,GreedyColor,0.0,0
5,2,0.4,1000,GES,0.0,
5,2,0.4,500,GreedyColor,0.0,0
5,2,0.4,500,GES,0.0,
5,2,0.4,100,GreedyColor,1.0,0
5,2,0.4,100,GES,1.0,
5,2,0.4,1000,GreedyColor,1.0,2
5,2,0.4,1000,GES,4.0,
5,2,0.4,500,GreedyColor,4.0,2
5,2,0.4,500,GES,4.0,
5,2,0.4,100,GreedyColor,4.0,2
5,2,0.4,100,GES,4.0,
5,2,0.2,1000,GreedyColor,0.0,0
5,2,0.2,1000,GES,0.0,
5,2,0.2,500,GreedyColor,1.0,0
5,2,0.2,500,GES,2.0,
5,2,0.2,100,GreedyColor,0.0,0
5,2,0.2,100,GES,0.0,
5,2,0.2,1000,GreedyColor,0.0,0
5,2,0.2,1000,GES,2.0,
5,2,0.2,500,GreedyColor,0.0,0
5,2,0.2,500,GES,2.0,
5,2,0.2,100,GreedyColor,1.0,1
5,2,0.2,100,GES,2.0,
20,10,0.8,1000,GreedyColor,136.0,11
20,10,0.8,1000,GES,107.0,
20,10,0.8,500,GreedyColor,83.0,12
20,10,0.8,500,GES,104.0,
20,10,0.8,100,GreedyColor,139.0,10
20,10,0.8,100,GES,120.0,
20,2,0.8,1000,GreedyColor,134.0,16
20,2,0.8,1000,GES,180.0,
20,2,0.8,500,GreedyColor,189.0,14
20,2,0.8,500,GES,177.0,
20,2,0.8,100,GreedyColor,162.0,15
20,2,0.8,100,GES,167.0,
20,10,0.6,1000,GreedyColor,172.0,12
20,10,0.6,1000,GES,182.0,
20,10,0.6,500,GreedyColor,114.0,11
20,10,0.6,500,GES,182.0,
20,10,0.6,100,GreedyColor,144.0,9
20,10,0.6,100,GES,143.0,
20,2,0.6,1000,GreedyColor,99.0,14
20,2,0.6,1000,GES,131.0,
20,2,0.6,500,GreedyColor,102.0,15
20,2,0.6,500,GES,175.0,
20,2,0.6,100,GreedyColor,126.0,14
20,2,0.6,100,GES,132.0,
20,10,0.4,1000,GreedyColor,88.0,11
20,10,0.4,1000,GES,116.0,
20,10,0.4,500,GreedyColor,97.0,10
20,10,0.4,500,GES,116.0,
20,10,0.4,100,GreedyColor,79.0,13
20,10,0.4,100,GES,101.0,
20,2,0.4,1000,GreedyColor,59.0,11
20,2,0.4,1000,GES,69.0,
20,2,0.4,500,GreedyColor,48.0,10
20,2,0.4,500,GES,55.0,
20,2,0.4,100,GreedyColor,32.0,8
20,2,0.4,100,GES,79.0,
20,10,0.2,1000,GreedyColor,24.0,6
20,10,0.2,1000,GES,17.0,
20,10,0.2,500,GreedyColor,35.0,8
20,10,0.2,500,GES,22.0,
20,10,0.2,100,GreedyColor,43.0,10
20,10,0.2,100,GES,31.0,
20,2,0.2,1000,GreedyColor,46.0,10
20,2,0.2,1000,GES,49.0,
20,2,0.2,500,GreedyColor,41.0,8
20,2,0.2,500,GES,56.0,
20,2,0.2,100,GreedyColor,30.0,10
20,2,0.2,100,GES,37.0,
8,4,0.8,1000,GreedyColor,23.0,4
8,4,0.8,1000,GES,23.0,
8,4,0.8,500,GreedyColor,21.0,4
8,4,0.8,500,GES,19.0,
8,4,0.8,100,GreedyColor,18.0,4
8,4,0.8,100,GES,24.0,
8,2,0.8,1000,GreedyColor,10.0,3
8,2,0.8,1000,GES,16.0,
8,2,0.8,500,GreedyColor,13.0,2
8,2,0.8,500,GES,30.0,
8,2,0.8,100,GreedyColor,15.0,2
8,2,0.8,100,GES,20.0,
8,4,0.6,1000,GreedyColor,23.0,4
8,4,0.6,1000,GES,17.0,
8,4,0.6,500,GreedyColor,22.0,4
8,4,0.6,500,GES,16.0,
8,4,0.6,100,GreedyColor,8.0,1
8,4,0.6,100,GES,6.0,
8,2,0.6,1000,GreedyColor,14.0,3
8,2,0.6,1000,GES,26.0,
8,2,0.6,500,GreedyColor,4.0,1
8,2,0.6,500,GES,28.0,
8,2,0.6,100,GreedyColor,9.0,3
8,2,0.6,100,GES,20.0,
8,4,0.4,1000,GreedyColor,4.0,0
8,4,0.4,1000,GES,1.0,
8,4,0.4,500,GreedyColor,4.0,0
8,4,0.4,500,GES,4.0,
8,4,0.4,100,GreedyColor,6.0,1
8,4,0.4,100,GES,6.0,
8,2,0.4,1000,GreedyColor,0.0,0
8,2,0.4,1000,GES,14.0,
8,2,0.4,500,GreedyColor,0.0,0
8,2,0.4,500,GES,10.0,
8,2,0.4,100,GreedyColor,10.0,4
8,2,0.4,100,GES,13.0,
8,4,0.2,1000,GreedyColor,1.0,0
8,4,0.2,1000,GES,2.0,
8,4,0.2,500,GreedyColor,1.0,0
8,4,0.2,500,GES,2.0,
8,4,0.2,100,GreedyColor,5.0,2
8,4,0.2,100,GES,7.0,
8,2,0.2,1000,GreedyColor,6.0,2
8,2,0.2,1000,GES,5.0,
8,2,0.2,500,GreedyColor,3.0,0
8,2,0.2,500,GES,4.0,
8,2,0.2,100,GreedyColor,6.0,1
8,2,0.2,100,GES,7.0,
5,2,0.8,1000,GreedyColor,0.0,0
5,2,0.8,1000,GES,7.0,
5,2,0.8,500,GreedyColor,3.0,1
5,2,0.8,500,GES,7.0,
5,2,0.8,100,GreedyColor,2.0,0
5,2,0.8,100,GES,4.0,
5,2,0.8,1000,GreedyColor,3.0,1
5,2,0.8,1000,GES,9.0,
5,2,0.8,500,GreedyColor,3.0,1
5,2,0.8,500,GES,13.0,
5,2,0.8,100,GreedyColor,3.0,2
5,2,0.8,100,GES,12.0,
5,2,0.6,1000,GreedyColor,0.0,2
5,2,0.6,1000,GES,4.0,
5,2,0.6,500,GreedyColor,0.0,2
5,2,0.6,500,GES,6.0,
5,2,0.6,100,GreedyColor,1.0,2
5,2,0.6,100,GES,9.0,
5,2,0.6,1000,GreedyColor,0.0,0
5,2,0.6,1000,GES,0.0,
5,2,0.6,500,GreedyColor,1.0,0
5,2,0.6,500,GES,1.0,
5,2,0.6,100,GreedyColor,1.0,0
5,2,0.6,100,GES,1.0,
5,2,0.4,1000,GreedyColor,2.0,2
5,2,0.4,1000,GES,3.0,
5,2,0.4,500,GreedyColor,2.0,1
5,2,0.4,500,GES,3.0,
5,2,0.4,100,GreedyColor,1.0,1
5,2,0.4,100,GES,3.0,
5,2,0.4,1000,GreedyColor,0.0,0
5,2,0.4,1000,GES,0.0,
5,2,0.4,500,GreedyColor,0.0,0
5,2,0.4,500,GES,0.0,
5,2,0.4,100,GreedyColor,0.0,0
5,2,0.4,100,GES,0.0,
5,2,0.2,1000,GreedyColor,0.0,0
5,2,0.2,1000,GES,0.0,
5,2,0.2,500,GreedyColor,0.0,0
5,2,0.2,500,GES,0.0,
5,2,0.2,100,GreedyColor,1.0,1
5,2,0.2,100,GES,2.0,
5,2,0.2,1000,GreedyColor,0.0,0
5,2,0.2,1000,GES,5.0,
5,2,0.2,500,GreedyColor,0.0,0
5,2,0.2,500,GES,3.0,
5,2,0.2,100,GreedyColor,1.0,0
5,2,0.2,100,GES,3.0,
20,10,0.8,1000,GreedyColor,160.0,9
20,10,0.8,1000,GES,214.0,
20,10,0.8,500,GreedyColor,150.0,11
20,10,0.8,500,GES,207.0,
20,10,0.8,100,GreedyColor,147.0,10
20,10,0.8,100,GES,177.0,
20,2,0.8,1000,GreedyColor,209.0,15
20,2,0.8,1000,GES,205.0,
20,2,0.8,500,GreedyColor,115.0,15
20,2,0.8,500,GES,205.0,
20,2,0.8,100,GreedyColor,166.0,15
20,2,0.8,100,GES,165.0,
20,10,0.6,1000,GreedyColor,139.0,10
20,10,0.6,1000,GES,130.0,
20,10,0.6,500,GreedyColor,122.0,10
20,10,0.6,500,GES,181.0,
20,10,0.6,100,GreedyColor,137.0,10
20,10,0.6,100,GES,159.0,
20,2,0.6,1000,GreedyColor,113.0,15
20,2,0.6,1000,GES,197.0,
20,2,0.6,500,GreedyColor,115.0,13
20,2,0.6,500,GES,170.0,
20,2,0.6,100,GreedyColor,125.0,15
20,2,0.6,100,GES,131.0,
20,10,0.4,1000,GreedyColor,84.0,9
20,10,0.4,1000,GES,110.0,
20,10,0.4,500,GreedyColor,79.0,10
20,10,0.4,500,GES,84.0,
20,10,0.4,100,GreedyColor,76.0,13
20,10,0.4,100,GES,98.0,
20,2,0.4,1000,GreedyColor,102.0,15
20,2,0.4,1000,GES,113.0,
20,2,0.4,500,GreedyColor,122.0,14
20,2,0.4,500,GES,125.0,
20,2,0.4,100,GreedyColor,91.0,11
20,2,0.4,100,GES,96.0,
20,10,0.2,1000,GreedyColor,0.0,10
20,10,0.2,1000,GES,35.0,
20,10,0.2,500,GreedyColor,3.0,10
20,10,0.2,500,GES,15.0,
20,10,0.2,100,GreedyColor,15.0,12
20,10,0.2,100,GES,41.0,
20,2,0.2,1000,GreedyColor,10.0,9
20,2,0.2,1000,GES,51.0,
20,2,0.2,500,GreedyColor,13.0,8
20,2,0.2,500,GES,38.0,
20,2,0.2,100,GreedyColor,15.0,8
20,2,0.2,100,GES,51.0,
8,4,0.8,1000,GreedyColor,21.0,3
8,4,0.8,1000,GES,28.0,
8,4,0.8,500,GreedyColor,19.0,3
8,4,0.8,500,GES,28.0,
8,4,0.8,100,GreedyColor,21.0,4
8,4,0.8,100,GES,24.0,
8,2,0.8,1000,GreedyColor,7.0,2
8,2,0.8,1000,GES,27.0,
8,2,0.8,500,GreedyColor,2.0,2
8,2,0.8,500,GES,25.0,
8,2,0.8,100,GreedyColor,4.0,0
8,2,0.8,100,GES,25.0,
8,4,0.6,1000,GreedyColor,8.0,3
8,4,0.6,1000,GES,6.0,
8,4,0.6,500,GreedyColor,4.0,0
8,4,0.6,500,GES,8.0,
8,4,0.6,100,GreedyColor,8.0,1
8,4,0.6,100,GES,8.0,
8,2,0.6,1000,GreedyColor,11.0,4
8,2,0.6,1000,GES,17.0,
8,2,0.6,500,GreedyColor,7.0,4
8,2,0.6,500,GES,12.0,
8,2,0.6,100,GreedyColor,11.0,4
8,2,0.6,100,GES,23.0,
8,4,0.4,1000,GreedyColor,12.0,3
8,4,0.4,1000,GES,17.0,
8,4,0.4,500,GreedyColor,7.0,4
8,4,0.4,500,GES,7.0,
8,4,0.4,100,GreedyColor,11.0,3
8,4,0.4,100,GES,17.0,
8,2,0.4,1000,GreedyColor,7.0,1
8,2,0.4,1000,GES,15.0,
8,2,0.4,500,GreedyColor,0.0,2
8,2,0.4,500,GES,18.0,
8,2,0.4,100,GreedyColor,4.0,4
8,2,0.4,100,GES,18.0,
8,4,0.2,1000,GreedyColor,7.0,2
8,4,0.2,1000,GES,1.0,
8,4,0.2,500,GreedyColor,5.0,1
8,4,0.2,500,GES,3.0,
8,4,0.2,100,GreedyColor,10.0,2
8,4,0.2,100,GES,14.0,
8,2,0.2,1000,GreedyColor,3.0,2
8,2,0.2,1000,GES,3.0,
8,2,0.2,500,GreedyColor,0.0,1
8,2,0.2,500,GES,8.0,
8,2,0.2,100,GreedyColor,2.0,1
8,2,0.2,100,GES,5.0,
5,2,0.8,1000,GreedyColor,12.0,2
5,2,0.8,1000,GES,10.0,
5,2,0.8,500,GreedyColor,1.0,0
5,2,0.8,500,GES,9.0,
5,2,0.8,100,GreedyColor,8.0,3
5,2,0.8,100,GES,9.0,
5,2,0.8,1000,GreedyColor,0.0,0
5,2,0.8,1000,GES,7.0,
5,2,0.8,500,GreedyColor,2.0,1
5,2,0.8,500,GES,7.0,
5,2,0.8,100,GreedyColor,8.0,0
5,2,0.8,100,GES,6.0,
5,2,0.6,1000,GreedyColor,0.0,0
5,2,0.6,1000,GES,10.0,
5,2,0.6,500,GreedyColor,0.0,0
5,2,0.6,500,GES,3.0,
5,2,0.6,100,GreedyColor,1.0,0
5,2,0.6,100,GES,4.0,
5,2,0.6,1000,GreedyColor,0.0,1
5,2,0.6,1000,GES,7.0,
5,2,0.6,500,GreedyColor,1.0,2
5,2,0.6,500,GES,8.0,
5,2,0.6,100,GreedyColor,2.0,2
5,2,0.6,100,GES,8.0,
5,2,0.4,1000,GreedyColor,1.0,2
5,2,0.4,1000,GES,2.0,
5,2,0.4,500,GreedyColor,0.0,0
5,2,0.4,500,GES,2.0,
5,2,0.4,100,GreedyColor,0.0,0
5,2,0.4,100,GES,2.0,
5,2,0.4,1000,GreedyColor,0.0,0
5,2,0.4,1000,GES,1.0,
5,2,0.4,500,GreedyColor,3.0,0
5,2,0.4,500,GES,1.0,
5,2,0.4,100,GreedyColor,0.0,0
5,2,0.4,100,GES,1.0,
5,2,0.2,1000,GreedyColor,0.0,0
5,2,0.2,1000,GES,1.0,
5,2,0.2,500,GreedyColor,0.0,0
5,2,0.2,500,GES,1.0,
5,2,0.2,100,GreedyColor,0.0,1
5,2,0.2,100,GES,1.0,
5,2,0.2,1000,GreedyColor,1.0,0
5,2,0.2,1000,GES,2.0,
5,2,0.2,500,GreedyColor,1.0,0
5,2,0.2,500,GES,1.0,
5,2,0.2,100,GreedyColor,0.0,0
5,2,0.2,100,GES,0.0,
20,10,0.8,1000,GreedyColor,161.0,12
20,10,0.8,1000,GES,164.0,
20,10,0.8,500,GreedyColor,154.0,12
20,10,0.8,500,GES,179.0,
20,10,0.8,100,GreedyColor,177.0,12
20,10,0.8,100,GES,167.0,
20,2,0.8,1000,GreedyColor,129.0,16
20,2,0.8,1000,GES,159.0,
20,2,0.8,500,GreedyColor,151.0,15
20,2,0.8,500,GES,139.0,
20,2,0.8,100,GreedyColor,133.0,15
20,2,0.8,100,GES,153.0,
20,10,0.6,1000,GreedyColor,68.0,10
20,10,0.6,1000,GES,130.0,
20,10,0.6,500,GreedyColor,83.0,9
20,10,0.6,500,GES,138.0,
20,10,0.6,100,GreedyColor,134.0,12
20,10,0.6,100,GES,122.0,
20,2,0.6,1000,GreedyColor,147.0,15
20,2,0.6,1000,GES,133.0,
20,2,0.6,500,GreedyColor,142.0,14
20,2,0.6,500,GES,142.0,
20,2,0.6,100,GreedyColor,160.0,15
20,2,0.6,100,GES,162.0,
20,10,0.4,1000,GreedyColor,84.0,10
20,10,0.4,1000,GES,58.0,
20,10,0.4,500,GreedyColor,56.0,11
20,10,0.4,500,GES,61.0,
20,10,0.4,100,GreedyColor,69.0,9
20,10,0.4,100,GES,68.0,
20,2,0.4,1000,GreedyColor,89.0,14
20,2,0.4,1000,GES,99.0,
20,2,0.4,500,GreedyColor,107.0,16
20,2,0.4,500,GES,105.0,
20,2,0.4,100,GreedyColor,116.0,15
20,2,0.4,100,GES,103.0,
20,10,0.2,1000,GreedyColor,15.0,9
20,10,0.2,1000,GES,10.0,
20,10,0.2,500,GreedyColor,16.0,9
20,10,0.2,500,GES,23.0,
20,10,0.2,100,GreedyColor,21.0,11
20,10,0.2,100,GES,27.0,
20,2,0.2,1000,GreedyColor,23.0,9
20,2,0.2,1000,GES,42.0,
20,2,0.2,500,GreedyColor,24.0,7
20,2,0.2,500,GES,49.0,
20,2,0.2,100,GreedyColor,38.0,7
20,2,0.2,100,GES,44.0,
8,4,0.8,1000,GreedyColor,17.0,3
8,4,0.8,1000,GES,19.0,
8,4,0.8,500,GreedyColor,6.0,1
8,4,0.8,500,GES,17.0,
8,4,0.8,100,GreedyColor,15.0,4
8,4,0.8,100,GES,18.0,
8,2,0.8,1000,GreedyColor,20.0,4
8,2,0.8,1000,GES,26.0,
8,2,0.8,500,GreedyColor,19.0,5
8,2,0.8,500,GES,25.0,
8,2,0.8,100,GreedyColor,23.0,4
8,2,0.8,100,GES,25.0,
8,4,0.6,1000,GreedyColor,27.0,4
8,4,0.6,1000,GES,22.0,
8,4,0.6,500,GreedyColor,20.0,3
8,4,0.6,500,GES,22.0,
8,4,0.6,100,GreedyColor,19.0,2
8,4,0.6,100,GES,21.0,
8,2,0.6,1000,GreedyColor,18.0,4
8,2,0.6,1000,GES,11.0,
8,2,0.6,500,GreedyColor,9.0,3
8,2,0.6,500,GES,13.0,
8,2,0.6,100,GreedyColor,8.0,1
8,2,0.6,100,GES,13.0,
8,4,0.4,1000,GreedyColor,2.0,4
8,4,0.4,1000,GES,20.0,
8,4,0.4,500,GreedyColor,0.0,2
8,4,0.4,500,GES,1.0,
8,4,0.4,100,GreedyColor,1.0,3
8,4,0.4,100,GES,9.0,
8,2,0.4,1000,GreedyColor,14.0,6
8,2,0.4,1000,GES,5.0,
8,2,0.4,500,GreedyColor,8.0,3
8,2,0.4,500,GES,13.0,
8,2,0.4,100,GreedyColor,8.0,2
8,2,0.4,100,GES,22.0,
8,4,0.2,1000,GreedyColor,0.0,0
8,4,0.2,1000,GES,4.0,
8,4,0.2,500,GreedyColor,1.0,0
8,4,0.2,500,GES,6.0,
8,4,0.2,100,GreedyColor,1.0,2
8,4,0.2,100,GES,5.0,
8,2,0.2,1000,GreedyColor,9.0,3
8,2,0.2,1000,GES,3.0,
8,2,0.2,500,GreedyColor,11.0,5
8,2,0.2,500,GES,5.0,
8,2,0.2,100,GreedyColor,17.0,5
8,2,0.2,100,GES,3.0,
5,2,0.8,1000,GreedyColor,3.0,2
5,2,0.8,1000,GES,7.0,
5,2,0.8,500,GreedyColor,3.0,2
5,2,0.8,500,GES,3.0,
5,2,0.8,100,GreedyColor,11.0,2
5,2,0.8,100,GES,4.0,
5,2,0.8,1000,GreedyColor,12.0,1
5,2,0.8,1000,GES,1.0,
5,2,0.8,500,GreedyColor,0.0,0
5,2,0.8,500,GES,10.0,
5,2,0.8,100,GreedyColor,1.0,2
5,2,0.8,100,GES,8.0,
5,2,0.6,1000,GreedyColor,4.0,2
5,2,0.6,1000,GES,4.0,
5,2,0.6,500,GreedyColor,1.0,1
5,2,0.6,500,GES,4.0,
5,2,0.6,100,GreedyColor,9.0,1
5,2,0.6,100,GES,4.0,
5,2,0.6,1000,GreedyColor,0.0,0
5,2,0.6,1000,GES,4.0,
5,2,0.6,500,GreedyColor,1.0,0
5,2,0.6,500,GES,3.0,
5,2,0.6,100,GreedyColor,3.0,1
5,2,0.6,100,GES,4.0,
5,2,0.4,1000,GreedyColor,5.0,2
5,2,0.4,1000,GES,11.0,
5,2,0.4,500,GreedyColor,7.0,1
5,2,0.4,500,GES,8.0,
5,2,0.4,100,GreedyColor,8.0,2
5,2,0.4,100,GES,10.0,
5,2,0.4,1000,GreedyColor,0.0,0
5,2,0.4,1000,GES,0.0,
5,2,0.4,500,GreedyColor,1.0,0
5,2,0.4,500,GES,1.0,
5,2,0.4,100,GreedyColor,1.0,0
5,2,0.4,100,GES,1.0,
5,2,0.2,1000,GreedyColor,0.0,0
5,2,0.2,1000,GES,1.0,
5,2,0.2,500,GreedyColor,0.0,0
5,2,0.2,500,GES,1.0,
5,2,0.2,100,GreedyColor,0.0,1
5,2,0.2,100,GES,1.0,
5,2,0.2,1000,GreedyColor,0.0,0
5,2,0.2,1000,GES,2.0,
5,2,0.2,500,GreedyColor,1.0,0
5,2,0.2,500,GES,4.0,
5,2,0.2,100,GreedyColor,1.0,0
5,2,0.2,100,GES,4.0,
20,10,0.8,1000,GreedyColor,103.0,11
20,10,0.8,1000,GES,133.0,
20,10,0.8,500,GreedyColor,157.0,13
20,10,0.8,500,GES,150.0,
20,10,0.8,100,GreedyColor,139.0,11
20,10,0.8,100,GES,164.0,
20,2,0.8,1000,GreedyColor,133.0,15
20,2,0.8,1000,GES,201.0,
20,2,0.8,500,GreedyColor,162.0,16
20,2,0.8,500,GES,182.0,
20,2,0.8,100,GreedyColor,180.0,14
20,2,0.8,100,GES,180.0,
20,10,0.6,1000,GreedyColor,106.0,10
20,10,0.6,1000,GES,144.0,
20,10,0.6,500,GreedyColor,100.0,12
20,10,0.6,500,GES,156.0,
20,10,0.6,100,GreedyColor,143.0,10
20,10,0.6,100,GES,140.0,
20,2,0.6,1000,GreedyColor,58.0,11
20,2,0.6,1000,GES,185.0,
20,2,0.6,500,GreedyColor,61.0,8
20,2,0.6,500,GES,190.0,
20,2,0.6,100,GreedyColor,133.0,14
20,2,0.6,100,GES,137.0,
20,10,0.4,1000,GreedyColor,71.0,10
20,10,0.4,1000,GES,68.0,
20,10,0.4,500,GreedyColor,94.0,10
20,10,0.4,500,GES,98.0,
20,10,0.4,100,GreedyColor,49.0,8
20,10,0.4,100,GES,74.0,
20,2,0.4,1000,GreedyColor,59.0,10
20,2,0.4,1000,GES,116.0,
20,2,0.4,500,GreedyColor,58.0,11
20,2,0.4,500,GES,112.0,
20,2,0.4,100,GreedyColor,63.0,11
20,2,0.4,100,GES,83.0,
20,10,0.2,1000,GreedyColor,46.0,9
20,10,0.2,1000,GES,43.0,
20,10,0.2,500,GreedyColor,50.0,9
20,10,0.2,500,GES,33.0,
20,10,0.2,100,GreedyColor,38.0,13
20,10,0.2,100,GES,21.0,
20,2,0.2,1000,GreedyColor,32.0,11
20,2,0.2,1000,GES,36.0,
20,2,0.2,500,GreedyColor,33.0,11
20,2,0.2,500,GES,44.0,
20,2,0.2,100,GreedyColor,53.0,13
20,2,0.2,100,GES,52.0,
8,4,0.8,1000,GreedyColor,35.0,3
8,4,0.8,1000,GES,19.0,
8,4,0.8,500,GreedyColor,30.0,3
8,4,0.8,500,GES,29.0,
8,4,0.8,100,GreedyColor,31.0,2
8,4,0.8,100,GES,27.0,
8,2,0.8,1000,GreedyColor,18.0,4
8,2,0.8,1000,GES,27.0,
8,2,0.8,500,GreedyColor,30.0,6
8,2,0.8,500,GES,37.0,
8,2,0.8,100,GreedyColor,14.0,3
8,2,0.8,100,GES,25.0,
8,4,0.6,1000,GreedyColor,25.0,5
8,4,0.6,1000,GES,37.0,
8,4,0.6,500,GreedyColor,20.0,4
8,4,0.6,500,GES,26.0,
8,4,0.6,100,GreedyColor,10.0,2
8,4,0.6,100,GES,34.0,
8,2,0.6,1000,GreedyColor,6.0,4
8,2,0.6,1000,GES,7.0,
8,2,0.6,500,GreedyColor,6.0,5
8,2,0.6,500,GES,9.0,
8,2,0.6,100,GreedyColor,18.0,4
8,2,0.6,100,GES,16.0,
8,4,0.4,1000,GreedyColor,29.0,5
8,4,0.4,1000,GES,12.0,
8,4,0.4,500,GreedyColor,21.0,5
8,4,0.4,500,GES,8.0,
8,4,0.4,100,GreedyColor,19.0,3
8,4,0.4,100,GES,11.0,
8,2,0.4,1000,GreedyColor,4.0,1
8,2,0.4,1000,GES,3.0,
8,2,0.4,500,GreedyColor,4.0,0
8,2,0.4,500,GES,5.0,
8,2,0.4,100,GreedyColor,3.0,0
8,2,0.4,100,GES,4.0,
8,4,0.2,1000,GreedyColor,0.0,0
8,4,0.2,1000,GES,3.0,
8,4,0.2,500,GreedyColor,0.0,2
8,4,0.2,500,GES,3.0,
8,4,0.2,100,GreedyColor,0.0,0
8,4,0.2,100,GES,3.0,
8,2,0.2,1000,GreedyColor,3.0,0
8,2,0.2,1000,GES,3.0,
8,2,0.2,500,GreedyColor,2.0,0
8,2,0.2,500,GES,3.0,
8,2,0.2,100,GreedyColor,8.0,1
8,2,0.2,100,GES,5.0,
5,2,0.8,1000,GreedyColor,6.0,1
5,2,0.8,1000,GES,11.0,
5,2,0.8,500,GreedyColor,6.0,1
5,2,0.8,500,GES,13.0,
5,2,0.8,100,GreedyColor,7.0,2
5,2,0.8,100,GES,10.0,
5,2,0.8,1000,GreedyColor,9.0,2
5,2,0.8,1000,GES,4.0,
5,2,0.8,500,GreedyColor,6.0,2
5,2,0.8,500,GES,4.0,
5,2,0.8,100,GreedyColor,10.0,3
5,2,0.8,100,GES,10.0,
5,2,0.6,1000,GreedyColor,0.0,0
5,2,0.6,1000,GES,0.0,
5,2,0.6,500,GreedyColor,0.0,0
5,2,0.6,500,GES,6.0,
5,2,0.6,100,GreedyColor,0.0,1
5,2,0.6,100,GES,7.0,
5,2,0.6,1000,GreedyColor,0.0,0
5,2,0.6,1000,GES,2.0,
5,2,0.6,500,GreedyColor,0.0,0
5,2,0.6,500,GES,2.0,
5,2,0.6,100,GreedyColor,6.0,2
5,2,0.6,100,GES,7.0,
5,2,0.4,1000,GreedyColor,0.0,0
5,2,0.4,1000,GES,1.0,
5,2,0.4,500,GreedyColor,0.0,2
5,2,0.4,500,GES,1.0,
5,2,0.4,100,GreedyColor,1.0,2
5,2,0.4,100,GES,1.0,
5,2,0.4,1000,GreedyColor,4.0,1
5,2,0.4,1000,GES,7.0,
5,2,0.4,500,GreedyColor,5.0,2
5,2,0.4,500,GES,3.0,
5,2,0.4,100,GreedyColor,6.0,2
5,2,0.4,100,GES,3.0,
5,2,0.2,1000,GreedyColor,0.0,0
5,2,0.2,1000,GES,5.0,
5,2,0.2,500,GreedyColor,2.0,2
5,2,0.2,500,GES,5.0,
5,2,0.2,100,GreedyColor,0.0,2
5,2,0.2,100,GES,5.0,
5,2,0.2,1000,GreedyColor,0.0,0
5,2,0.2,1000,GES,0.0,
5,2,0.2,500,GreedyColor,0.0,0
5,2,0.2,500,GES,0.0,
5,2,0.2,100,GreedyColor,0.0,0
5,2,0.2,100,GES,0.0,
20,10,0.8,1000,GreedyColor,107.0,11
20,10,0.8,1000,GES,161.0,
20,10,0.8,500,GreedyColor,135.0,11
20,10,0.8,500,GES,148.0,
20,10,0.8,100,GreedyColor,126.0,12
20,10,0.8,100,GES,143.0,
20,2,0.8,1000,GreedyColor,127.0,15
20,2,0.8,1000,GES,171.0,
20,2,0.8,500,GreedyColor,151.0,16
20,2,0.8,500,GES,166.0,
20,2,0.8,100,GreedyColor,192.0,16
20,2,0.8,100,GES,166.0,
20,10,0.6,1000,GreedyColor,128.0,12
20,10,0.6,1000,GES,151.0,
20,10,0.6,500,GreedyColor,75.0,10
20,10,0.6,500,GES,72.0,
20,10,0.6,100,GreedyColor,74.0,11
20,10,0.6,100,GES,101.0,
20,2,0.6,1000,GreedyColor,167.0,15
20,2,0.6,1000,GES,155.0,
20,2,0.6,500,GreedyColor,150.0,14
20,2,0.6,500,GES,145.0,
20,2,0.6,100,GreedyColor,150.0,12
20,2,0.6,100,GES,156.0,
20,10,0.4,1000,GreedyColor,94.0,10
20,10,0.4,1000,GES,132.0,
20,10,0.4,500,GreedyColor,115.0,10
20,10,0.4,500,GES,102.0,
20,10,0.4,100,GreedyColor,107.0,9
20,10,0.4,100,GES,75.0,
20,2,0.4,1000,GreedyColor,81.0,11
20,2,0.4,1000,GES,120.0,
20,2,0.4,500,GreedyColor,79.0,11
20,2,0.4,500,GES,133.0,
20,2,0.4,100,GreedyColor,52.0,10
20,2,0.4,100,GES,89.0,
20,10,0.2,1000,GreedyColor,19.0,10
20,10,0.2,1000,GES,33.0,
20,10,0.2,500,GreedyColor,28.0,10
20,10,0.2,500,GES,29.0,
20,10,0.2,100,GreedyColor,45.0,11
20,10,0.2,100,GES,38.0,
20,2,0.2,1000,GreedyColor,31.0,10
20,2,0.2,1000,GES,92.0,
20,2,0.2,500,GreedyColor,48.0,9
20,2,0.2,500,GES,65.0,
20,2,0.2,100,GreedyColor,47.0,9
20,2,0.2,100,GES,63.0,
8,4,0.8,1000,GreedyColor,22.0,4
8,4,0.8,1000,GES,18.0,
8,4,0.8,500,GreedyColor,21.0,4
8,4,0.8,500,GES,18.0,
8,4,0.8,100,GreedyColor,8.0,4
8,4,0.8,100,GES,20.0,
8,2,0.8,1000,GreedyColor,15.0,3
8,2,0.8,1000,GES,26.0,
8,2,0.8,500,GreedyColor,15.0,5
8,2,0.8,500,GES,20.0,
8,2,0.8,100,GreedyColor,25.0,4
8,2,0.8,100,GES,18.0,
8,4,0.6,1000,GreedyColor,12.0,4
8,4,0.6,1000,GES,17.0,
8,4,0.6,500,GreedyColor,8.0,3
8,4,0.6,500,GES,16.0,
8,4,0.6,100,GreedyColor,25.0,4
8,4,0.6,100,GES,20.0,
8,2,0.6,1000,GreedyColor,12.0,2
8,2,0.6,1000,GES,30.0,
8,2,0.6,500,GreedyColor,5.0,1
8,2,0.6,500,GES,26.0,
8,2,0.6,100,GreedyColor,7.0,1
8,2,0.6,100,GES,24.0,
8,4,0.4,1000,GreedyColor,4.0,1
8,4,0.4,1000,GES,1.0,
8,4,0.4,500,GreedyColor,19.0,4
8,4,0.4,500,GES,10.0,
8,4,0.4,100,GreedyColor,14.0,3
8,4,0.4,100,GES,16.0,
8,2,0.4,1000,GreedyColor,3.0,1
8,2,0.4,1000,GES,22.0,
8,2,0.4,500,GreedyColor,21.0,4
8,2,0.4,500,GES,25.0,
8,2,0.4,100,GreedyColor,10.0,3
8,2,0.4,100,GES,21.0,
8,4,0.2,1000,GreedyColor,1.0,0
8,4,0.2,1000,GES,4.0,
8,4,0.2,500,GreedyColor,0.0,1
8,4,0.2,500,GES,4.0,
8,4,0.2,100,GreedyColor,2.0,3
8,4,0.2,100,GES,6.0,
8,2,0.2,1000,GreedyColor,0.0,0
8,2,0.2,1000,GES,0.0,
8,2,0.2,500,GreedyColor,0.0,0
8,2,0.2,500,GES,0.0,
8,2,0.2,100,GreedyColor,1.0,0
8,2,0.2,100,GES,2.0,
5,2,0.8,1000,GreedyColor,1.0,0
5,2,0.8,1000,GES,8.0,
5,2,0.8,500,GreedyColor,1.0,0
5,2,0.8,500,GES,8.0,
5,2,0.8,100,GreedyColor,1.0,0
5,2,0.8,100,GES,10.0,
5,2,0.8,1000,GreedyColor,0.0,0
5,2,0.8,1000,GES,12.0,
5,2,0.8,500,GreedyColor,4.0,2
5,2,0.8,500,GES,9.0,
5,2,0.8,100,GreedyColor,11.0,3
5,2,0.8,100,GES,9.0,
5,2,0.6,1000,GreedyColor,2.0,0
5,2,0.6,1000,GES,3.0,
5,2,0.6,500,GreedyColor,2.0,0
5,2,0.6,500,GES,4.0,
5,2,0.6,100,GreedyColor,5.0,2
5,2,0.6,100,GES,5.0,
5,2,0.6,1000,GreedyColor,0.0,0
5,2,0.6,1000,GES,10.0,
5,2,0.6,500,GreedyColor,2.0,1
5,2,0.6,500,GES,10.0,
5,2,0.6,100,GreedyColor,2.0,2
5,2,0.6,100,GES,9.0,
5,2,0.4,1000,GreedyColor,0.0,0
5,2,0.4,1000,GES,2.0,
5,2,0.4,500,GreedyColor,0.0,0
5,2,0.4,500,GES,2.0,
5,2,0.4,100,GreedyColor,3.0,2
5,2,0.4,100,GES,5.0,
5,2,0.4,1000,GreedyColor,0.0,0
5,2,0.4,1000,GES,10.0,
5,2,0.4,500,GreedyColor,0.0,0
5,2,0.4,500,GES,9.0,
5,2,0.4,100,GreedyColor,6.0,2
5,2,0.4,100,GES,7.0,
5,2,0.2,1000,GreedyColor,0.0,0
5,2,0.2,1000,GES,2.0,
5,2,0.2,500,GreedyColor,0.0,0
5,2,0.2,500,GES,2.0,
5,2,0.2,100,GreedyColor,1.0,1
5,2,0.2,100,GES,2.0,
5,2,0.2,1000,GreedyColor,0.0,0
5,2,0.2,1000,GES,1.0,
5,2,0.2,500,GreedyColor,2.0,0
5,2,0.2,500,GES,1.0,
5,2,0.2,100,GreedyColor,0.0,1
5,2,0.2,100,GES,1.0,
20,10,0.8,1000,GreedyColor,199.0,11
20,10,0.8,1000,GES,218.0,
20,10,0.8,500,GreedyColor,141.0,12
20,10,0.8,500,GES,146.0,
20,10,0.8,100,GreedyColor,122.0,7
20,10,0.8,100,GES,179.0,
20,2,0.8,1000,GreedyColor,210.0,15
20,2,0.8,1000,GES,200.0,
20,2,0.8,500,GreedyColor,114.0,13
20,2,0.8,500,GES,208.0,
20,2,0.8,100,GreedyColor,185.0,14
20,2,0.8,100,GES,153.0,
20,10,0.6,1000,GreedyColor,176.0,10
20,10,0.6,1000,GES,126.0,
20,10,0.6,500,GreedyColor,162.0,10
20,10,0.6,500,GES,137.0,
20,10,0.6,100,GreedyColor,76.0,11
20,10,0.6,100,GES,122.0,
20,2,0.6,1000,GreedyColor,95.0,16
20,2,0.6,1000,GES,158.0,
20,2,0.6,500,GreedyColor,152.0,14
20,2,0.6,500,GES,161.0,
20,2,0.6,100,GreedyColor,113.0,14
20,2,0.6,100,GES,164.0,
20,10,0.4,1000,GreedyColor,106.0,12
20,10,0.4,1000,GES,100.0,
20,10,0.4,500,GreedyColor,67.0,6
20,10,0.4,500,GES,49.0,
20,10,0.4,100,GreedyColor,110.0,12
20,10,0.4,100,GES,65.0,
20,2,0.4,1000,GreedyColor,76.0,15
20,2,0.4,1000,GES,36.0,
20,2,0.4,500,GreedyColor,58.0,11
20,2,0.4,500,GES,41.0,
20,2,0.4,100,GreedyColor,73.0,13
20,2,0.4,100,GES,58.0,
20,10,0.2,1000,GreedyColor,45.0,12
20,10,0.2,1000,GES,11.0,
20,10,0.2,500,GreedyColor,53.0,13
20,10,0.2,500,GES,8.0,
20,10,0.2,100,GreedyColor,41.0,12
20,10,0.2,100,GES,40.0,
20,2,0.2,1000,GreedyColor,33.0,10
20,2,0.2,1000,GES,19.0,
20,2,0.2,500,GreedyColor,55.0,12
20,2,0.2,500,GES,29.0,
20,2,0.2,100,GreedyColor,33.0,10
20,2,0.2,100,GES,28.0,
8,4,0.8,1000,GreedyColor,13.0,4
8,4,0.8,1000,GES,17.0,
8,4,0.8,500,GreedyColor,24.0,5
8,4,0.8,500,GES,22.0,
8,4,0.8,100,GreedyColor,17.0,3
8,4,0.8,100,GES,23.0,
8,2,0.8,1000,GreedyColor,33.0,5
8,2,0.8,1000,GES,28.0,
8,2,0.8,500,GreedyColor,29.0,4
8,2,0.8,500,GES,23.0,
8,2,0.8,100,GreedyColor,26.0,4
8,2,0.8,100,GES,29.0,
8,4,0.6,1000,GreedyColor,23.0,4
8,4,0.6,1000,GES,30.0,
8,4,0.6,500,GreedyColor,12.0,4
8,4,0.6,500,GES,14.0,
8,4,0.6,100,GreedyColor,20.0,2
8,4,0.6,100,GES,26.0,
8,2,0.6,1000,GreedyColor,10.0,3
8,2,0.6,1000,GES,18.0,
8,2,0.6,500,GreedyColor,9.0,3
8,2,0.6,500,GES,17.0,
8,2,0.6,100,GreedyColor,5.0,3
8,2,0.6,100,GES,18.0,
8,4,0.4,1000,GreedyColor,5.0,3
8,4,0.4,1000,GES,2.0,
8,4,0.4,500,GreedyColor,2.0,0
8,4,0.4,500,GES,2.0,
8,4,0.4,100,GreedyColor,6.0,3
8,4,0.4,100,GES,6.0,
8,2,0.4,1000,GreedyColor,9.0,3
8,2,0.4,1000,GES,6.0,
8,2,0.4,500,GreedyColor,9.0,3
8,2,0.4,500,GES,6.0,
8,2,0.4,100,GreedyColor,11.0,5
8,2,0.4,100,GES,8.0,
8,4,0.2,1000,GreedyColor,0.0,1
8,4,0.2,1000,GES,1.0,
8,4,0.2,500,GreedyColor,2.0,1
8,4,0.2,500,GES,1.0,
8,4,0.2,100,GreedyColor,1.0,1
8,4,0.2,100,GES,1.0,
8,2,0.2,1000,GreedyColor,2.0,2
8,2,0.2,1000,GES,5.0,
8,2,0.2,500,GreedyColor,3.0,2
8,2,0.2,500,GES,5.0,
8,2,0.2,100,GreedyColor,4.0,2
8,2,0.2,100,GES,6.0,
5,2,0.8,1000,GreedyColor,0.0,0
5,2,0.8,1000,GES,14.0,
5,2,0.8,500,GreedyColor,7.0,3
5,2,0.8,500,GES,14.0,
5,2,0.8,100,GreedyColor,7.0,0
5,2,0.8,100,GES,8.0,
5,2,0.8,1000,GreedyColor,0.0,0
5,2,0.8,1000,GES,11.0,
5,2,0.8,500,GreedyColor,11.0,2
5,2,0.8,500,GES,12.0,
5,2,0.8,100,GreedyColor,9.0,2
5,2,0.8,100,GES,11.0,
5,2,0.6,1000,GreedyColor,10.0,3
5,2,0.6,1000,GES,1.0,
5,2,0.6,500,GreedyColor,3.0,1
5,2,0.6,500,GES,4.0,
5,2,0.6,100,GreedyColor,4.0,2
5,2,0.6,100,GES,9.0,
5,2,0.6,1000,GreedyColor,4.0,2
5,2,0.6,1000,GES,6.0,
5,2,0.6,500,GreedyColor,6.0,2
5,2,0.6,500,GES,3.0,
5,2,0.6,100,GreedyColor,3.0,2
5,2,0.6,100,GES,2.0,
5,2,0.4,1000,GreedyColor,0.0,0
5,2,0.4,1000,GES,1.0,
5,2,0.4,500,GreedyColor,2.0,0
5,2,0.4,500,GES,3.0,
5,2,0.4,100,GreedyColor,1.0,0
5,2,0.4,100,GES,3.0,
5,2,0.4,1000,GreedyColor,0.0,0
5,2,0.4,1000,GES,3.0,
5,2,0.4,500,GreedyColor,0.0,0
5,2,0.4,500,GES,5.0,
5,2,0.4,100,GreedyColor,1.0,0
5,2,0.4,100,GES,3.0,
5,2,0.2,1000,GreedyColor,0.0,0
5,2,0.2,1000,GES,1.0,
5,2,0.2,500,GreedyColor,0.0,0
5,2,0.2,500,GES,1.0,
5,2,0.2,100,GreedyColor,1.0,1
5,2,0.2,100,GES,3.0,
5,2,0.2,1000,GreedyColor,0.0,0
5,2,0.2,1000,GES,1.0,
5,2,0.2,500,GreedyColor,0.0,0
5,2,0.2,500,GES,1.0,
5,2,0.2,100,GreedyColor,0.0,1
5,2,0.2,100,GES,1.0,
20,10,0.8,1000,GreedyColor,158.0,9
20,10,0.8,1000,GES,175.0,
20,10,0.8,500,GreedyColor,176.0,11
20,10,0.8,500,GES,214.0,
20,10,0.8,100,GreedyColor,183.0,12
20,10,0.8,100,GES,197.0,
20,2,0.8,1000,GreedyColor,162.0,15
20,2,0.8,1000,GES,153.0,
20,2,0.8,500,GreedyColor,151.0,14
20,2,0.8,500,GES,236.0,
20,2,0.8,100,GreedyColor,126.0,12
20,2,0.8,100,GES,134.0,
20,10,0.6,1000,GreedyColor,155.0,9
20,10,0.6,1000,GES,178.0,
20,10,0.6,500,GreedyColor,117.0,9
20,10,0.6,500,GES,138.0,
20,10,0.6,100,GreedyColor,156.0,8
20,10,0.6,100,GES,139.0,
20,2,0.6,1000,GreedyColor,159.0,15
20,2,0.6,1000,GES,189.0,
20,2,0.6,500,GreedyColor,132.0,13
20,2,0.6,500,GES,177.0,
20,2,0.6,100,GreedyColor,148.0,13
20,2,0.6,100,GES,147.0,
20,10,0.4,1000,GreedyColor,126.0,11
20,10,0.4,1000,GES,145.0,
20,10,0.4,500,GreedyColor,87.0,10
20,10,0.4,500,GES,115.0,
20,10,0.4,100,GreedyColor,96.0,11
20,10,0.4,100,GES,110.0,
20,2,0.4,1000,GreedyColor,82.0,12
20,2,0.4,1000,GES,66.0,
20,2,0.4,500,GreedyColor,97.0,14
20,2,0.4,500,GES,67.0,
20,2,0.4,100,GreedyColor,75.0,11
20,2,0.4,100,GES,71.0,
20,10,0.2,1000,GreedyColor,51.0,9
20,10,0.2,1000,GES,20.0,
20,10,0.2,500,GreedyColor,33.0,8
20,10,0.2,500,GES,19.0,
20,10,0.2,100,GreedyColor,72.0,8
20,10,0.2,100,GES,49.0,
20,2,0.2,1000,GreedyColor,33.0,11
20,2,0.2,1000,GES,12.0,
20,2,0.2,500,GreedyColor,19.0,10
20,2,0.2,500,GES,16.0,
20,2,0.2,100,GreedyColor,30.0,8
20,2,0.2,100,GES,17.0,
8,4,0.8,1000,GreedyColor,19.0,4
8,4,0.8,1000,GES,21.0,
8,4,0.8,500,GreedyColor,21.0,1
8,4,0.8,500,GES,19.0,
8,4,0.8,100,GreedyColor,9.0,4
8,4,0.8,100,GES,22.0,
8,2,0.8,1000,GreedyColor,21.0,5
8,2,0.8,1000,GES,21.0,
8,2,0.8,500,GreedyColor,25.0,4
8,2,0.8,500,GES,24.0,
8,2,0.8,100,GreedyColor,9.0,2
8,2,0.8,100,GES,24.0,
8,4,0.6,1000,GreedyColor,15.0,3
8,4,0.6,1000,GES,18.0,
8,4,0.6,500,GreedyColor,17.0,3
8,4,0.6,500,GES,21.0,
8,4,0.6,100,GreedyColor,16.0,2
8,4,0.6,100,GES,19.0,
8,2,0.6,1000,GreedyColor,14.0,5
8,2,0.6,1000,GES,10.0,
8,2,0.6,500,GreedyColor,11.0,4
8,2,0.6,500,GES,10.0,
8,2,0.6,100,GreedyColor,12.0,2
8,2,0.6,100,GES,11.0,
8,4,0.4,1000,GreedyColor,10.0,2
8,4,0.4,1000,GES,11.0,
8,4,0.4,500,GreedyColor,12.0,3
8,4,0.4,500,GES,9.0,
8,4,0.4,100,GreedyColor,11.0,1
8,4,0.4,100,GES,12.0,
8,2,0.4,1000,GreedyColor,8.0,3
8,2,0.4,1000,GES,4.0,
8,2,0.4,500,GreedyColor,6.0,2
8,2,0.4,500,GES,7.0,
8,2,0.4,100,GreedyColor,13.0,3
8,2,0.4,100,GES,5.0,
8,4,0.2,1000,GreedyColor,4.0,3
8,4,0.2,1000,GES,4.0,
8,4,0.2,500,GreedyColor,0.0,1
8,4,0.2,500,GES,6.0,
8,4,0.2,100,GreedyColor,6.0,2
8,4,0.2,100,GES,6.0,
8,2,0.2,1000,GreedyColor,0.0,3
8,2,0.2,1000,GES,2.0,
8,2,0.2,500,GreedyColor,2.0,3
8,2,0.2,500,GES,1.0,
8,2,0.2,100,GreedyColor,1.0,3
8,2,0.2,100,GES,1.0,
5,2,0.8,1000,GreedyColor,7.0,3
5,2,0.8,1000,GES,7.0,
5,2,0.8,500,GreedyColor,4.0,2
5,2,0.8,500,GES,7.0,
5,2,0.8,100,GreedyColor,9.0,3
5,2,0.8,100,GES,10.0,
5,2,0.8,1000,GreedyColor,4.0,2
5,2,0.8,1000,GES,3.0,
5,2,0.8,500,GreedyColor,10.0,2
5,2,0.8,500,GES,10.0,
5,2,0.8,100,GreedyColor,3.0,0
5,2,0.8,100,GES,9.0,
5,2,0.6,1000,GreedyColor,1.0,2
5,2,0.6,1000,GES,5.0,
5,2,0.6,500,GreedyColor,1.0,2
5,2,0.6,500,GES,5.0,
5,2,0.6,100,GreedyColor,8.0,2
5,2,0.6,100,GES,5.0,
5,2,0.6,1000,GreedyColor,0.0,0
5,2,0.6,1000,GES,4.0,
5,2,0.6,500,GreedyColor,0.0,0
5,2,0.6,500,GES,4.0,
5,2,0.6,100,GreedyColor,4.0,0
5,2,0.6,100,GES,6.0,
5,2,0.4,1000,GreedyColor,0.0,0
5,2,0.4,1000,GES,2.0,
5,2,0.4,500,GreedyColor,0.0,0
5,2,0.4,500,GES,2.0,
5,2,0.4,100,GreedyColor,1.0,0
5,2,0.4,100,GES,6.0,
5,2,0.4,1000,GreedyColor,1.0,0
5,2,0.4,1000,GES,4.0,
5,2,0.4,500,GreedyColor,0.0,0
5,2,0.4,500,GES,4.0,
5,2,0.4,100,GreedyColor,1.0,0
5,2,0.4,100,GES,4.0,
5,2,0.2,1000,GreedyColor,0.0,0
5,2,0.2,1000,GES,2.0,
5,2,0.2,500,GreedyColor,0.0,0
5,2,0.2,500,GES,2.0,
5,2,0.2,100,GreedyColor,2.0,0
5,2,0.2,100,GES,4.0,
5,2,0.2,1000,GreedyColor,0.0,0
5,2,0.2,1000,GES,1.0,
5,2,0.2,500,GreedyColor,0.0,0
5,2,0.2,500,GES,1.0,
5,2,0.2,100,GreedyColor,0.0,2
5,2,0.2,100,GES,1.0,
20,10,0.8,1000,GreedyColor,157.0,10
20,10,0.8,1000,GES,188.0,
20,10,0.8,500,GreedyColor,154.0,9
20,10,0.8,500,GES,200.0,
20,10,0.8,100,GreedyColor,163.0,10
20,10,0.8,100,GES,141.0,
20,2,0.8,1000,GreedyColor,176.0,16
20,2,0.8,1000,GES,94.0,
20,2,0.8,500,GreedyColor,166.0,16
20,2,0.8,500,GES,99.0,
20,2,0.8,100,GreedyColor,172.0,13
20,2,0.8,100,GES,137.0,
20,10,0.6,1000,GreedyColor,108.0,11
20,10,0.6,1000,GES,175.0,
20,10,0.6,500,GreedyColor,88.0,12
20,10,0.6,500,GES,133.0,
20,10,0.6,100,GreedyColor,171.0,12
20,10,0.6,100,GES,153.0,
20,2,0.6,1000,GreedyColor,151.0,16
20,2,0.6,1000,GES,128.0,
20,2,0.6,500,GreedyColor,111.0,15
20,2,0.6,500,GES,154.0,
20,2,0.6,100,GreedyColor,108.0,14
20,2,0.6,100,GES,128.0,
20,10,0.4,1000,GreedyColor,39.0,9
20,10,0.4,1000,GES,124.0,
20,10,0.4,500,GreedyColor,43.0,9
20,10,0.4,500,GES,127.0,
20,10,0.4,100,GreedyColor,76.0,10
20,10,0.4,100,GES,73.0,
20,2,0.4,1000,GreedyColor,153.0,15
20,2,0.4,1000,GES,135.0,
20,2,0.4,500,GreedyColor,117.0,12
20,2,0.4,500,GES,114.0,
20,2,0.4,100,GreedyColor,78.0,13
20,2,0.4,100,GES,94.0,
20,10,0.2,1000,GreedyColor,60.0,11
20,10,0.2,1000,GES,40.0,
20,10,0.2,500,GreedyColor,25.0,9
20,10,0.2,500,GES,24.0,
20,10,0.2,100,GreedyColor,56.0,13
20,10,0.2,100,GES,35.0,
20,2,0.2,1000,GreedyColor,24.0,6
20,2,0.2,1000,GES,55.0,
20,2,0.2,500,GreedyColor,28.0,6
20,2,0.2,500,GES,53.0,
20,2,0.2,100,GreedyColor,26.0,8
20,2,0.2,100,GES,19.0,
8,4,0.8,1000,GreedyColor,19.0,4
8,4,0.8,1000,GES,20.0,
8,4,0.8,500,GreedyColor,6.0,3
8,4,0.8,500,GES,27.0,
8,4,0.8,100,GreedyColor,18.0,4
8,4,0.8,100,GES,14.0,
8,2,0.8,1000,GreedyColor,28.0,4
8,2,0.8,1000,GES,25.0,
8,2,0.8,500,GreedyColor,11.0,4
8,2,0.8,500,GES,29.0,
8,2,0.8,100,GreedyColor,33.0,5
8,2,0.8,100,GES,16.0,
8,4,0.6,1000,GreedyColor,17.0,5
8,4,0.6,1000,GES,35.0,
8,4,0.6,500,GreedyColor,20.0,5
8,4,0.6,500,GES,11.0,
8,4,0.6,100,GreedyColor,20.0,4
8,4,0.6,100,GES,19.0,
8,2,0.6,1000,GreedyColor,12.0,3
8,2,0.6,1000,GES,14.0,
8,2,0.6,500,GreedyColor,14.0,4
8,2,0.6,500,GES,8.0,
8,2,0.6,100,GreedyColor,3.0,0
8,2,0.6,100,GES,19.0,
8,4,0.4,1000,GreedyColor,1.0,0
8,4,0.4,1000,GES,11.0,
8,4,0.4,500,GreedyColor,4.0,1
8,4,0.4,500,GES,7.0,
8,4,0.4,100,GreedyColor,6.0,0
8,4,0.4,100,GES,6.0,
8,2,0.4,1000,GreedyColor,1.0,3
8,2,0.4,1000,GES,6.0,
8,2,0.4,500,GreedyColor,12.0,4
8,2,0.4,500,GES,6.0,
8,2,0.4,100,GreedyColor,4.0,1
8,2,0.4,100,GES,8.0,
8,4,0.2,1000,GreedyColor,3.0,1
8,4,0.2,1000,GES,1.0,
8,4,0.2,500,GreedyColor,3.0,2
8,4,0.2,500,GES,1.0,
8,4,0.2,100,GreedyColor,2.0,2
8,4,0.2,100,GES,3.0,
8,2,0.2,1000,GreedyColor,1.0,3
8,2,0.2,1000,GES,4.0,
8,2,0.2,500,GreedyColor,0.0,3
8,2,0.2,500,GES,3.0,
8,2,0.2,100,GreedyColor,1.0,2
8,2,0.2,100,GES,3.0,
5,2,0.8,1000,GreedyColor,9.0,1
5,2,0.8,1000,GES,6.0,
5,2,0.8,500,GreedyColor,6.0,1
5,2,0.8,500,GES,6.0,
5,2,0.8,100,GreedyColor,6.0,1
5,2,0.8,100,GES,10.0,
5,2,0.8,1000,GreedyColor,2.0,2
5,2,0.8,1000,GES,6.0,
5,2,0.8,500,GreedyColor,3.0,2
5,2,0.8,500,GES,6.0,
5,2,0.8,100,GreedyColor,8.0,2
5,2,0.8,100,GES,4.0,
5,2,0.6,1000,GreedyColor,0.0,0
5,2,0.6,1000,GES,1.0,
5,2,0.6,500,GreedyColor,2.0,0
5,2,0.6,500,GES,1.0,
5,2,0.6,100,GreedyColor,6.0,2
5,2,0.6,100,GES,1.0,
5,2,0.6,1000,GreedyColor,0.0,0
5,2,0.6,1000,GES,7.0,
5,2,0.6,500,GreedyColor,0.0,0
5,2,0.6,500,GES,7.0,
5,2,0.6,100,GreedyColor,0.0,0
5,2,0.6,100,GES,1.0,
5,2,0.4,1000,GreedyColor,0.0,0
5,2,0.4,1000,GES,1.0,
5,2,0.4,500,GreedyColor,0.0,2
5,2,0.4,500,GES,1.0,
5,2,0.4,100,GreedyColor,1.0,0
5,2,0.4,100,GES,3.0,
5,2,0.4,1000,GreedyColor,3.0,2
5,2,0.4,1000,GES,2.0,
5,2,0.4,500,GreedyColor,2.0,1
5,2,0.4,500,GES,5.0,
5,2,0.4,100,GreedyColor,3.0,0
5,2,0.4,100,GES,2.0,
5,2,0.2,1000,GreedyColor,0.0,0
5,2,0.2,1000,GES,2.0,
5,2,0.2,500,GreedyColor,0.0,0
5,2,0.2,500,GES,2.0,
5,2,0.2,100,GreedyColor,0.0,0
5,2,0.2,100,GES,2.0,
5,2,0.2,1000,GreedyColor,0.0,1
5,2,0.2,1000,GES,2.0,
5,2,0.2,500,GreedyColor,0.0,1
5,2,0.2,500,GES,2.0,
5,2,0.2,100,GreedyColor,1.0,1
5,2,0.2,100,GES,2.0,
20,10,0.8,1000,GreedyColor,182.0,10
20,10,0.8,1000,GES,214.0,
20,10,0.8,500,GreedyColor,161.0,11
20,10,0.8,500,GES,137.0,
20,10,0.8,100,GreedyColor,175.0,11
20,10,0.8,100,GES,138.0,
20,2,0.8,1000,GreedyColor,159.0,15
20,2,0.8,1000,GES,156.0,
20,2,0.8,500,GreedyColor,179.0,13
20,2,0.8,500,GES,167.0,
20,2,0.8,100,GreedyColor,178.0,15
20,2,0.8,100,GES,149.0,
20,10,0.6,1000,GreedyColor,141.0,12
20,10,0.6,1000,GES,174.0,
20,10,0.6,500,GreedyColor,143.0,12
20,10,0.6,500,GES,163.0,
20,10,0.6,100,GreedyColor,174.0,11
20,10,0.6,100,GES,163.0,
20,2,0.6,1000,GreedyColor,157.0,15
20,2,0.6,1000,GES,133.0,
20,2,0.6,500,GreedyColor,172.0,16
20,2,0.6,500,GES,139.0,
20,2,0.6,100,GreedyColor,171.0,15
20,2,0.6,100,GES,130.0,
20,10,0.4,1000,GreedyColor,56.0,8
20,10,0.4,1000,GES,71.0,
20,10,0.4,500,GreedyColor,60.0,9
20,10,0.4,500,GES,49.0,
20,10,0.4,100,GreedyColor,59.0,10
20,10,0.4,100,GES,61.0,
20,2,0.4,1000,GreedyColor,116.0,15
20,2,0.4,1000,GES,169.0,
20,2,0.4,500,GreedyColor,123.0,16
20,2,0.4,500,GES,151.0,
20,2,0.4,100,GreedyColor,101.0,13
20,2,0.4,100,GES,100.0,
20,10,0.2,1000,GreedyColor,36.0,9
20,10,0.2,1000,GES,66.0,
20,10,0.2,500,GreedyColor,34.0,8
20,10,0.2,500,GES,70.0,
20,10,0.2,100,GreedyColor,33.0,10
20,10,0.2,100,GES,46.0,
20,2,0.2,1000,GreedyColor,57.0,14
20,2,0.2,1000,GES,34.0,
20,2,0.2,500,GreedyColor,49.0,12
20,2,0.2,500,GES,39.0,
20,2,0.2,100,GreedyColor,66.0,13
20,2,0.2,100,GES,75.0,
8,4,0.8,1000,GreedyColor,15.0,1
8,4,0.8,1000,GES,22.0,
8,4,0.8,500,GreedyColor,11.0,2
8,4,0.8,500,GES,21.0,
8,4,0.8,100,GreedyColor,15.0,3
8,4,0.8,100,GES,26.0,
8,2,0.8,1000,GreedyColor,8.0,3
8,2,0.8,1000,GES,19.0,
8,2,0.8,500,GreedyColor,13.0,4
8,2,0.8,500,GES,15.0,
8,2,0.8,100,GreedyColor,12.0,3
8,2,0.8,100,GES,11.0,
8,4,0.6,1000,GreedyColor,0.0,3
8,4,0.6,1000,GES,14.0,
8,4,0.6,500,GreedyColor,2.0,1
8,4,0.6,500,GES,16.0,
8,4,0.6,100,GreedyColor,27.0,4
8,4,0.6,100,GES,27.0,
8,2,0.6,1000,GreedyColor,15.0,3
8,2,0.6,1000,GES,3.0,
8,2,0.6,500,GreedyColor,13.0,5
8,2,0.6,500,GES,6.0,
8,2,0.6,100,GreedyColor,5.0,1
8,2,0.6,100,GES,7.0,
8,4,0.4,1000,GreedyColor,12.0,3
8,4,0.4,1000,GES,7.0,
8,4,0.4,500,GreedyColor,4.0,0
8,4,0.4,500,GES,4.0,
8,4,0.4,100,GreedyColor,13.0,3
8,4,0.4,100,GES,15.0,
8,2,0.4,1000,GreedyColor,10.0,3
8,2,0.4,1000,GES,16.0,
8,2,0.4,500,GreedyColor,9.0,4
8,2,0.4,500,GES,17.0,
8,2,0.4,100,GreedyColor,9.0,3
8,2,0.4,100,GES,10.0,
8,4,0.2,1000,GreedyColor,4.0,1
8,4,0.2,1000,GES,2.0,
8,4,0.2,500,GreedyColor,3.0,0
8,4,0.2,500,GES,6.0,
8,4,0.2,100,GreedyColor,5.0,0
8,4,0.2,100,GES,8.0,
8,2,0.2,1000,GreedyColor,6.0,4
8,2,0.2,1000,GES,4.0,
8,2,0.2,500,GreedyColor,3.0,4
8,2,0.2,500,GES,4.0,
8,2,0.2,100,GreedyColor,8.0,3
8,2,0.2,100,GES,4.0,
5,2,0.8,1000,GreedyColor,8.0,2
5,2,0.8,1000,GES,13.0,
5,2,0.8,500,GreedyColor,11.0,2
5,2,0.8,500,GES,8.0,
5,2,0.8,100,GreedyColor,7.0,1
5,2,0.8,100,GES,7.0,
5,2,0.8,1000,GreedyColor,13.0,3
5,2,0.8,1000,GES,11.0,
5,2,0.8,500,GreedyColor,4.0,2
5,2,0.8,500,GES,13.0,
5,2,0.8,100,GreedyColor,6.0,3
5,2,0.8,100,GES,5.0,
5,2,0.6,1000,GreedyColor,8.0,1
5,2,0.6,1000,GES,7.0,
5,2,0.6,500,GreedyColor,3.0,2
5,2,0.6,500,GES,3.0,
5,2,0.6,100,GreedyColor,6.0,1
5,2,0.6,100,GES,7.0,
5,2,0.6,1000,GreedyColor,0.0,0
5,2,0.6,1000,GES,2.0,
5,2,0.6,500,GreedyColor,0.0,0
5,2,0.6,500,GES,2.0,
5,2,0.6,100,GreedyColor,1.0,0
5,2,0.6,100,GES,7.0,
5,2,0.4,1000,GreedyColor,0.0,0
5,2,0.4,1000,GES,1.0,
5,2,0.4,500,GreedyColor,3.0,0
5,2,0.4,500,GES,4.0,
5,2,0.4,100,GreedyColor,3.0,0
5,2,0.4,100,GES,4.0,
5,2,0.4,1000,GreedyColor,2.0,0
5,2,0.4,1000,GES,3.0,
5,2,0.4,500,GreedyColor,1.0,2
5,2,0.4,500,GES,3.0,
5,2,0.4,100,GreedyColor,5.0,2
5,2,0.4,100,GES,2.0,
5,2,0.2,1000,GreedyColor,1.0,1
5,2,0.2,1000,GES,3.0,
5,2,0.2,500,GreedyColor,4.0,2
5,2,0.2,500,GES,3.0,
5,2,0.2,100,GreedyColor,2.0,2
5,2,0.2,100,GES,3.0,
5,2,0.2,1000,GreedyColor,0.0,0
5,2,0.2,1000,GES,0.0,
5,2,0.2,500,GreedyColor,0.0,0
5,2,0.2,500,GES,0.0,
5,2,0.2,100,GreedyColor,0.0,0
5,2,0.2,100,GES,0.0,
20,10,0.8,1000,GreedyColor,165.0,10
20,10,0.8,1000,GES,187.0,
20,10,0.8,500,GreedyColor,147.0,10
20,10,0.8,500,GES,211.0,
20,10,0.8,100,GreedyColor,146.0,11
20,10,0.8,100,GES,169.0,
20,2,0.8,1000,GreedyColor,183.0,16
20,2,0.8,1000,GES,177.0,
20,2,0.8,500,GreedyColor,189.0,17
20,2,0.8,500,GES,170.0,
20,2,0.8,100,GreedyColor,170.0,15
20,2,0.8,100,GES,153.0,
20,10,0.6,1000,GreedyColor,144.0,11
20,10,0.6,1000,GES,137.0,
20,10,0.6,500,GreedyColor,126.0,11
20,10,0.6,500,GES,139.0,
20,10,0.6,100,GreedyColor,138.0,9
20,10,0.6,100,GES,139.0,
20,2,0.6,1000,GreedyColor,143.0,16
20,2,0.6,1000,GES,118.0,
20,2,0.6,500,GreedyColor,129.0,15
20,2,0.6,500,GES,169.0,
20,2,0.6,100,GreedyColor,126.0,13
20,2,0.6,100,GES,153.0,
20,10,0.4,1000,GreedyColor,87.0,9
20,10,0.4,1000,GES,96.0,
20,10,0.4,500,GreedyColor,97.0,11
20,10,0.4,500,GES,65.0,
20,10,0.4,100,GreedyColor,76.0,12
20,10,0.4,100,GES,72.0,
20,2,0.4,1000,GreedyColor,122.0,15
20,2,0.4,1000,GES,112.0,
20,2,0.4,500,GreedyColor,97.0,16
20,2,0.4,500,GES,100.0,
20,2,0.4,100,GreedyColor,101.0,14
20,2,0.4,100,GES,117.0,
20,10,0.2,1000,GreedyColor,43.0,8
20,10,0.2,1000,GES,41.0,
20,10,0.2,500,GreedyColor,44.0,8
20,10,0.2,500,GES,15.0,
20,10,0.2,100,GreedyColor,42.0,8
20,10,0.2,100,GES,37.0,
20,2,0.2,1000,GreedyColor,21.0,7
20,2,0.2,1000,GES,26.0,
20,2,0.2,500,GreedyColor,25.0,10
20,2,0.2,500,GES,55.0,
20,2,0.2,100,GreedyColor,29.0,5
20,2,0.2,100,GES,42.0,
8,4,0.8,1000,GreedyColor,20.0,2
8,4,0.8,1000,GES,28.0,
8,4,0.8,500,GreedyColor,17.0,3
8,4,0.8,500,GES,28.0,
8,4,0.8,100,GreedyColor,14.0,3
8,4,0.8,100,GES,20.0,
8,2,0.8,1000,GreedyColor,12.0,2
8,2,0.8,1000,GES,14.0,
8,2,0.8,500,GreedyColor,11.0,2
8,2,0.8,500,GES,18.0,
8,2,0.8,100,GreedyColor,15.0,3
8,2,0.8,100,GES,15.0,
8,4,0.6,1000,GreedyColor,17.0,3
8,4,0.6,1000,GES,21.0,
8,4,0.6,500,GreedyColor,13.0,4
8,4,0.6,500,GES,18.0,
8,4,0.6,100,GreedyColor,21.0,4
8,4,0.6,100,GES,19.0,
8,2,0.6,1000,GreedyColor,2.0,3
8,2,0.6,1000,GES,19.0,
8,2,0.6,500,GreedyColor,5.0,1
8,2,0.6,500,GES,25.0,
8,2,0.6,100,GreedyColor,6.0,4
8,2,0.6,100,GES,21.0,
8,4,0.4,1000,GreedyColor,14.0,2
8,4,0.4,1000,GES,11.0,
8,4,0.4,500,GreedyColor,12.0,1
8,4,0.4,500,GES,12.0,
8,4,0.4,100,GreedyColor,11.0,2
8,4,0.4,100,GES,15.0,
8,2,0.4,1000,GreedyColor,2.0,1
8,2,0.4,1000,GES,5.0,
8,2,0.4,500,GreedyColor,2.0,1
8,2,0.4,500,GES,7.0,
8,2,0.4,100,GreedyColor,5.0,0
8,2,0.4,100,GES,10.0,
8,4,0.2,1000,GreedyColor,0.0,1
8,4,0.2,1000,GES,0.0,
8,4,0.2,500,GreedyColor,3.0,1
8,4,0.2,500,GES,2.0,
8,4,0.2,100,GreedyColor,5.0,3
8,4,0.2,100,GES,0.0,
8,2,0.2,1000,GreedyColor,3.0,0
8,2,0.2,1000,GES,3.0,
8,2,0.2,500,GreedyColor,0.0,1
8,2,0.2,500,GES,5.0,
8,2,0.2,100,GreedyColor,2.0,0
8,2,0.2,100,GES,8.0,
5,2,0.8,1000,GreedyColor,0.0,0
5,2,0.8,1000,GES,6.0,
5,2,0.8,500,GreedyColor,5.0,1
5,2,0.8,500,GES,7.0,
5,2,0.8,100,GreedyColor,0.0,0
5,2,0.8,100,GES,7.0,
5,2,0.8,1000,GreedyColor,4.0,1
5,2,0.8,1000,GES,14.0,
5,2,0.8,500,GreedyColor,2.0,0
5,2,0.8,500,GES,14.0,
5,2,0.8,100,GreedyColor,3.0,2
5,2,0.8,100,GES,11.0,
5,2,0.6,1000,GreedyColor,10.0,2
5,2,0.6,1000,GES,11.0,
5,2,0.6,500,GreedyColor,6.0,2
5,2,0.6,500,GES,11.0,
5,2,0.6,100,GreedyColor,10.0,2
5,2,0.6,100,GES,6.0,
5,2,0.6,1000,GreedyColor,1.0,1
5,2,0.6,1000,GES,2.0,
5,2,0.6,500,GreedyColor,5.0,2
5,2,0.6,500,GES,2.0,
5,2,0.6,100,GreedyColor,5.0,1
5,2,0.6,100,GES,6.0,
5,2,0.4,1000,GreedyColor,4.0,2
5,2,0.4,1000,GES,4.0,
5,2,0.4,500,GreedyColor,0.0,0
5,2,0.4,500,GES,4.0,
5,2,0.4,100,GreedyColor,6.0,2
5,2,0.4,100,GES,4.0,
5,2,0.4,1000,GreedyColor,9.0,2
5,2,0.4,1000,GES,2.0,
5,2,0.4,500,GreedyColor,12.0,2
5,2,0.4,500,GES,7.0,
5,2,0.4,100,GreedyColor,7.0,2
5,2,0.4,100,GES,6.0,
5,2,0.2,1000,GreedyColor,0.0,1
5,2,0.2,1000,GES,1.0,
5,2,0.2,500,GreedyColor,0.0,2
5,2,0.2,500,GES,1.0,
5,2,0.2,100,GreedyColor,0.0,1
5,2,0.2,100,GES,3.0,
5,2,0.2,1000,GreedyColor,0.0,0
5,2,0.2,1000,GES,1.0,
5,2,0.2,500,GreedyColor,0.0,0
5,2,0.2,500,GES,1.0,
5,2,0.2,100,GreedyColor,1.0,2
5,2,0.2,100,GES,1.0,
20,10,0.8,1000,GreedyColor,122.0,9
20,10,0.8,1000,GES,180.0,
20,10,0.8,500,GreedyColor,163.0,10
20,10,0.8,500,GES,173.0,
20,10,0.8,100,GreedyColor,172.0,11
20,10,0.8,100,GES,146.0,
20,2,0.8,1000,GreedyColor,116.0,12
20,2,0.8,1000,GES,140.0,
20,2,0.8,500,GreedyColor,152.0,16
20,2,0.8,500,GES,166.0,
20,2,0.8,100,GreedyColor,181.0,14
20,2,0.8,100,GES,156.0,
20,10,0.6,1000,GreedyColor,93.0,11
20,10,0.6,1000,GES,171.0,
20,10,0.6,500,GreedyColor,139.0,8
20,10,0.6,500,GES,131.0,
20,10,0.6,100,GreedyColor,166.0,11
20,10,0.6,100,GES,155.0,
20,2,0.6,1000,GreedyColor,157.0,14
20,2,0.6,1000,GES,172.0,
20,2,0.6,500,GreedyColor,93.0,15
20,2,0.6,500,GES,141.0,
20,2,0.6,100,GreedyColor,127.0,14
20,2,0.6,100,GES,138.0,
20,10,0.4,1000,GreedyColor,155.0,8
20,10,0.4,1000,GES,170.0,
20,10,0.4,500,GreedyColor,129.0,11
20,10,0.4,500,GES,144.0,
20,10,0.4,100,GreedyColor,150.0,10
20,10,0.4,100,GES,139.0,
20,2,0.4,1000,GreedyColor,71.0,15
20,2,0.4,1000,GES,134.0,
20,2,0.4,500,GreedyColor,93.0,14
20,2,0.4,500,GES,130.0,
20,2,0.4,100,GreedyColor,61.0,11
20,2,0.4,100,GES,90.0,
20,10,0.2,1000,GreedyColor,51.0,10
20,10,0.2,1000,GES,46.0,
20,10,0.2,500,GreedyColor,32.0,9
20,10,0.2,500,GES,23.0,
20,10,0.2,100,GreedyColor,40.0,10
20,10,0.2,100,GES,48.0,
20,2,0.2,1000,GreedyColor,35.0,11
20,2,0.2,1000,GES,10.0,
20,2,0.2,500,GreedyColor,38.0,9
20,2,0.2,500,GES,9.0,
20,2,0.2,100,GreedyColor,30.0,7
20,2,0.2,100,GES,13.0,
8,4,0.8,1000,GreedyColor,37.0,4
8,4,0.8,1000,GES,35.0,
8,4,0.8,500,GreedyColor,29.0,3
8,4,0.8,500,GES,34.0,
8,4,0.8,100,GreedyColor,33.0,4
8,4,0.8,100,GES,27.0,
8,2,0.8,1000,GreedyColor,20.0,5
8,2,0.8,1000,GES,37.0,
8,2,0.8,500,GreedyColor,12.0,4
8,2,0.8,500,GES,36.0,
8,2,0.8,100,GreedyColor,21.0,2
8,2,0.8,100,GES,26.0,
8,4,0.6,1000,GreedyColor,4.0,3
8,4,0.6,1000,GES,15.0,
8,4,0.6,500,GreedyColor,7.0,4
8,4,0.6,500,GES,10.0,
8,4,0.6,100,GreedyColor,3.0,3
8,4,0.6,100,GES,16.0,
8,2,0.6,1000,GreedyColor,8.0,4
8,2,0.6,1000,GES,18.0,
8,2,0.6,500,GreedyColor,17.0,4
8,2,0.6,500,GES,18.0,
8,2,0.6,100,GreedyColor,4.0,3
8,2,0.6,100,GES,12.0,
8,4,0.4,1000,GreedyColor,14.0,3
8,4,0.4,1000,GES,16.0,
8,4,0.4,500,GreedyColor,7.0,4
8,4,0.4,500,GES,7.0,
8,4,0.4,100,GreedyColor,22.0,3
8,4,0.4,100,GES,6.0,
8,2,0.4,1000,GreedyColor,12.0,4
8,2,0.4,1000,GES,2.0,
8,2,0.4,500,GreedyColor,16.0,4
8,2,0.4,500,GES,16.0,
8,2,0.4,100,GreedyColor,14.0,4
8,2,0.4,100,GES,7.0,
8,4,0.2,1000,GreedyColor,1.0,2
8,4,0.2,1000,GES,3.0,
8,4,0.2,500,GreedyColor,0.0,2
8,4,0.2,500,GES,1.0,
8,4,0.2,100,GreedyColor,3.0,2
8,4,0.2,100,GES,1.0,
8,2,0.2,1000,GreedyColor,0.0,0
8,2,0.2,1000,GES,1.0,
8,2,0.2,500,GreedyColor,8.0,3
8,2,0.2,500,GES,9.0,
8,2,0.2,100,GreedyColor,6.0,3
8,2,0.2,100,GES,5.0,
5,2,0.8,1000,GreedyColor,5.0,0
5,2,0.8,1000,GES,6.0,
5,2,0.8,500,GreedyColor,7.0,1
5,2,0.8,500,GES,8.0,
5,2,0.8,100,GreedyColor,9.0,2
5,2,0.8,100,GES,6.0,
5,2,0.8,1000,GreedyColor,10.0,1
5,2,0.8,1000,GES,12.0,
5,2,0.8,500,GreedyColor,10.0,2
5,2,0.8,500,GES,9.0,
5,2,0.8,100,GreedyColor,11.0,2
5,2,0.8,100,GES,11.0,
5,2,0.6,1000,GreedyColor,0.0,0
5,2,0.6,1000,GES,3.0,
5,2,0.6,500,GreedyColor,3.0,0
5,2,0.6,500,GES,3.0,
5,2,0.6,100,GreedyColor,0.0,2
5,2,0.6,100,GES,3.0,
5,2,0.6,1000,GreedyColor,0.0,0
5,2,0.6,1000,GES,0.0,
5,2,0.6,500,GreedyColor,0.0,0
5,2,0.6,500,GES,0.0,
5,2,0.6,100,GreedyColor,1.0,2
5,2,0.6,100,GES,2.0,
5,2,0.4,1000,GreedyColor,1.0,0
5,2,0.4,1000,GES,4.0,
5,2,0.4,500,GreedyColor,2.0,0
5,2,0.4,500,GES,4.0,
5,2,0.4,100,GreedyColor,1.0,0
5,2,0.4,100,GES,4.0,
5,2,0.4,1000,GreedyColor,7.0,3
5,2,0.4,1000,GES,1.0,
5,2,0.4,500,GreedyColor,7.0,3
5,2,0.4,500,GES,1.0,
5,2,0.4,100,GreedyColor,7.0,3
5,2,0.4,100,GES,1.0,
5,2,0.2,1000,GreedyColor,2.0,2
5,2,0.2,1000,GES,3.0,
5,2,0.2,500,GreedyColor,0.0,0
5,2,0.2,500,GES,1.0,
5,2,0.2,100,GreedyColor,2.0,2
5,2,0.2,100,GES,2.0,
5,2,0.2,1000,GreedyColor,0.0,0
5,2,0.2,1000,GES,0.0,
5,2,0.2,500,GreedyColor,0.0,0
5,2,0.2,500,GES,0.0,
5,2,0.2,100,GreedyColor,3.0,1
5,2,0.2,100,GES,0.0,
20,10,0.8,1000,GreedyColor,196.0,14
20,10,0.8,1000,GES,163.0,
20,10,0.8,500,GreedyColor,164.0,11
20,10,0.8,500,GES,152.0,
20,10,0.8,100,GreedyColor,150.0,12
20,10,0.8,100,GES,167.0,
20,2,0.8,1000,GreedyColor,106.0,14
20,2,0.8,1000,GES,194.0,
20,2,0.8,500,GreedyColor,144.0,16
20,2,0.8,500,GES,202.0,
20,2,0.8,100,GreedyColor,164.0,14
20,2,0.8,100,GES,165.0,
20,10,0.6,1000,GreedyColor,120.0,8
20,10,0.6,1000,GES,153.0,
20,10,0.6,500,GreedyColor,100.0,11
20,10,0.6,500,GES,131.0,
20,10,0.6,100,GreedyColor,138.0,13
20,10,0.6,100,GES,137.0,
20,2,0.6,1000,GreedyColor,104.0,13
20,2,0.6,1000,GES,159.0,
20,2,0.6,500,GreedyColor,183.0,15
20,2,0.6,500,GES,168.0,
20,2,0.6,100,GreedyColor,139.0,15
20,2,0.6,100,GES,121.0,
20,10,0.4,1000,GreedyColor,61.0,6
20,10,0.4,1000,GES,101.0,
20,10,0.4,500,GreedyColor,72.0,7
20,10,0.4,500,GES,100.0,
20,10,0.4,100,GreedyColor,85.0,10
20,10,0.4,100,GES,92.0,
20,2,0.4,1000,GreedyColor,110.0,15
20,2,0.4,1000,GES,129.0,
20,2,0.4,500,GreedyColor,60.0,12
20,2,0.4,500,GES,138.0,
20,2,0.4,100,GreedyColor,130.0,15
20,2,0.4,100,GES,97.0,
20,10,0.2,1000,GreedyColor,11.0,4
20,10,0.2,1000,GES,5.0,
20,10,0.2,500,GreedyColor,18.0,7
20,10,0.2,500,GES,6.0,
20,10,0.2,100,GreedyColor,25.0,9
20,10,0.2,100,GES,27.0,
20,2,0.2,1000,GreedyColor,33.0,12
20,2,0.2,1000,GES,70.0,
20,2,0.2,500,GreedyColor,39.0,11
20,2,0.2,500,GES,63.0,
20,2,0.2,100,GreedyColor,33.0,7
20,2,0.2,100,GES,46.0,
8,4,0.8,1000,GreedyColor,13.0,3
8,4,0.8,1000,GES,10.0,
8,4,0.8,500,GreedyColor,15.0,4
8,4,0.8,500,GES,12.0,
8,4,0.8,100,GreedyColor,23.0,3
8,4,0.8,100,GES,21.0,
8,2,0.8,1000,GreedyColor,20.0,5
8,2,0.8,1000,GES,17.0,
8,2,0.8,500,GreedyColor,9.0,1
8,2,0.8,500,GES,14.0,
8,2,0.8,100,GreedyColor,12.0,5
8,2,0.8,100,GES,16.0,
8,4,0.6,1000,GreedyColor,11.0,5
8,4,0.6,1000,GES,14.0,
8,4,0.6,500,GreedyColor,1.0,5
8,4,0.6,500,GES,12.0,
8,4,0.6,100,GreedyColor,23.0,4
8,4,0.6,100,GES,14.0,
8,2,0.6,1000,GreedyColor,22.0,5
8,2,0.6,1000,GES,21.0,
8,2,0.6,500,GreedyColor,17.0,4
8,2,0.6,500,GES,23.0,
8,2,0.6,100,GreedyColor,19.0,5
8,2,0.6,100,GES,18.0,
8,4,0.4,1000,GreedyColor,8.0,2
8,4,0.4,1000,GES,7.0,
8,4,0.4,500,GreedyColor,7.0,2
8,4,0.4,500,GES,7.0,
8,4,0.4,100,GreedyColor,6.0,3
8,4,0.4,100,GES,12.0,
8,2,0.4,1000,GreedyColor,3.0,3
8,2,0.4,1000,GES,5.0,
8,2,0.4,500,GreedyColor,4.0,3
8,2,0.4,500,GES,5.0,
8,2,0.4,100,GreedyColor,2.0,3
8,2,0.4,100,GES,8.0,
8,4,0.2,1000,GreedyColor,2.0,1
8,4,0.2,1000,GES,2.0,
8,4,0.2,500,GreedyColor,1.0,3
8,4,0.2,500,GES,2.0,
8,4,0.2,100,GreedyColor,5.0,3
8,4,0.2,100,GES,6.0,
8,2,0.2,1000,GreedyColor,0.0,0
8,2,0.2,1000,GES,3.0,
8,2,0.2,500,GreedyColor,0.0,0
8,2,0.2,500,GES,3.0,
8,2,0.2,100,GreedyColor,3.0,0
8,2,0.2,100,GES,4.0,
5,2,0.8,1000,GreedyColor,8.0,2
5,2,0.8,1000,GES,7.0,
5,2,0.8,500,GreedyColor,0.0,0
5,2,0.8,500,GES,7.0,
5,2,0.8,100,GreedyColor,3.0,0
5,2,0.8,100,GES,6.0,
5,2,0.8,1000,GreedyColor,2.0,2
5,2,0.8,1000,GES,3.0,
5,2,0.8,500,GreedyColor,3.0,2
5,2,0.8,500,GES,3.0,
5,2,0.8,100,GreedyColor,4.0,1
5,2,0.8,100,GES,5.0,
5,2,0.6,1000,GreedyColor,0.0,0
5,2,0.6,1000,GES,4.0,
5,2,0.6,500,GreedyColor,0.0,0
5,2,0.6,500,GES,4.0,
5,2,0.6,100,GreedyColor,0.0,0
5,2,0.6,100,GES,8.0,
5,2,0.6,1000,GreedyColor,5.0,3
5,2,0.6,1000,GES,5.0,
5,2,0.6,500,GreedyColor,14.0,2
5,2,0.6,500,GES,5.0,
5,2,0.6,100,GreedyColor,11.0,0
5,2,0.6,100,GES,14.0,
5,2,0.4,1000,GreedyColor,0.0,0
5,2,0.4,1000,GES,10.0,
5,2,0.4,500,GreedyColor,0.0,0
5,2,0.4,500,GES,2.0,
5,2,0.4,100,GreedyColor,3.0,2
5,2,0.4,100,GES,9.0,
5,2,0.4,1000,GreedyColor,4.0,0
5,2,0.4,1000,GES,2.0,
5,2,0.4,500,GreedyColor,0.0,0
5,2,0.4,500,GES,2.0,
5,2,0.4,100,GreedyColor,2.0,0
5,2,0.4,100,GES,12.0,
5,2,0.2,1000,GreedyColor,1.0,0
5,2,0.2,1000,GES,4.0,
5,2,0.2,500,GreedyColor,0.0,0
5,2,0.2,500,GES,2.0,
5,2,0.2,100,GreedyColor,2.0,2
5,2,0.2,100,GES,2.0,
5,2,0.2,1000,GreedyColor,0.0,0
5,2,0.2,1000,GES,0.0,
5,2,0.2,500,GreedyColor,0.0,0
5,2,0.2,500,GES,0.0,
5,2,0.2,100,GreedyColor,0.0,0
5,2,0.2,100,GES,0.0,
20,10,0.8,1000,GreedyColor,146.0,10
20,10,0.8,1000,GES,161.0,
20,10,0.8,500,GreedyColor,144.0,10
20,10,0.8,500,GES,181.0,
20,10,0.8,100,GreedyColor,175.0,10
20,10,0.8,100,GES,153.0,
20,2,0.8,1000,GreedyColor,84.0,13
20,2,0.8,1000,GES,171.0,
20,2,0.8,500,GreedyColor,150.0,16
20,2,0.8,500,GES,151.0,
20,2,0.8,100,GreedyColor,155.0,15
20,2,0.8,100,GES,160.0,
20,10,0.6,1000,GreedyColor,186.0,10
20,10,0.6,1000,GES,183.0,
20,10,0.6,500,GreedyColor,88.0,8
20,10,0.6,500,GES,170.0,
20,10,0.6,100,GreedyColor,105.0,10
20,10,0.6,100,GES,146.0,
20,2,0.6,1000,GreedyColor,191.0,15
20,2,0.6,1000,GES,170.0,
20,2,0.6,500,GreedyColor,157.0,16
20,2,0.6,500,GES,162.0,
20,2,0.6,100,GreedyColor,124.0,14
20,2,0.6,100,GES,128.0,
20,10,0.4,1000,GreedyColor,84.0,11
20,10,0.4,1000,GES,94.0,
20,10,0.4,500,GreedyColor,85.0,10
20,10,0.4,500,GES,86.0,
20,10,0.4,100,GreedyColor,66.0,12
20,10,0.4,100,GES,69.0,
20,2,0.4,1000,GreedyColor,85.0,14
20,2,0.4,1000,GES,89.0,
20,2,0.4,500,GreedyColor,72.0,13
20,2,0.4,500,GES,66.0,
20,2,0.4,100,GreedyColor,113.0,13
20,2,0.4,100,GES,77.0,
20,10,0.2,1000,GreedyColor,17.0,4
20,10,0.2,1000,GES,26.0,
20,10,0.2,500,GreedyColor,31.0,9
20,10,0.2,500,GES,28.0,
20,10,0.2,100,GreedyColor,43.0,11
20,10,0.2,100,GES,43.0,
20,2,0.2,1000,GreedyColor,30.0,9
20,2,0.2,1000,GES,11.0,
20,2,0.2,500,GreedyColor,53.0,11
20,2,0.2,500,GES,16.0,
20,2,0.2,100,GreedyColor,38.0,11
20,2,0.2,100,GES,18.0,
8,4,0.8,1000,GreedyColor,16.0,3
8,4,0.8,1000,GES,31.0,
8,4,0.8,500,GreedyColor,36.0,3
8,4,0.8,500,GES,26.0,
8,4,0.8,100,GreedyColor,27.0,3
8,4,0.8,100,GES,31.0,
8,2,0.8,1000,GreedyColor,33.0,4
8,2,0.8,1000,GES,25.0,
8,2,0.8,500,GreedyColor,15.0,3
8,2,0.8,500,GES,25.0,
8,2,0.8,100,GreedyColor,6.0,0
8,2,0.8,100,GES,29.0,
8,4,0.6,1000,GreedyColor,12.0,4
8,4,0.6,1000,GES,13.0,
8,4,0.6,500,GreedyColor,11.0,4
8,4,0.6,500,GES,11.0,
8,4,0.6,100,GreedyColor,12.0,3
8,4,0.6,100,GES,13.0,
8,2,0.6,1000,GreedyColor,2.0,0
8,2,0.6,1000,GES,16.0,
8,2,0.6,500,GreedyColor,8.0,2
8,2,0.6,500,GES,14.0,
8,2,0.6,100,GreedyColor,17.0,5
8,2,0.6,100,GES,7.0,
8,4,0.4,1000,GreedyColor,0.0,0
8,4,0.4,1000,GES,16.0,
8,4,0.4,500,GreedyColor,14.0,2
8,4,0.4,500,GES,20.0,
8,4,0.4,100,GreedyColor,10.0,1
8,4,0.4,100,GES,15.0,
8,2,0.4,1000,GreedyColor,10.0,1
8,2,0.4,1000,GES,5.0,
8,2,0.4,500,GreedyColor,11.0,3
8,2,0.4,500,GES,7.0,
8,2,0.4,100,GreedyColor,9.0,3
8,2,0.4,100,GES,5.0,
8,4,0.2,1000,GreedyColor,3.0,2
8,4,0.2,1000,GES,4.0,
8,4,0.2,500,GreedyColor,0.0,2
8,4,0.2,500,GES,3.0,
8,4,0.2,100,GreedyColor,3.0,4
8,4,0.2,100,GES,5.0,
8,2,0.2,1000,GreedyColor,0.0,0
8,2,0.2,1000,GES,1.0,
8,2,0.2,500,GreedyColor,0.0,0
8,2,0.2,500,GES,1.0,
8,2,0.2,100,GreedyColor,0.0,0
8,2,0.2,100,GES,1.0,
5,2,0.8,1000,GreedyColor,3.0,2
5,2,0.8,1000,GES,13.0,
5,2,0.8,500,GreedyColor,8.0,1
5,2,0.8,500,GES,13.0,
5,2,0.8,100,GreedyColor,2.0,0
5,2,0.8,100,GES,8.0,
5,2,0.8,1000,GreedyColor,6.0,0
5,2,0.8,1000,GES,15.0,
5,2,0.8,500,GreedyColor,5.0,2
5,2,0.8,500,GES,5.0,
5,2,0.8,100,GreedyColor,1.0,0
5,2,0.8,100,GES,9.0,
5,2,0.6,1000,GreedyColor,0.0,2
5,2,0.6,1000,GES,1.0,
5,2,0.6,500,GreedyColor,5.0,2
5,2,0.6,500,GES,1.0,
5,2,0.6,100,GreedyColor,6.0,1
5,2,0.6,100,GES,9.0,
5,2,0.6,1000,GreedyColor,4.0,1
5,2,0.6,1000,GES,8.0,
5,2,0.6,500,GreedyColor,5.0,1
5,2,0.6,500,GES,11.0,
5,2,0.6,100,GreedyColor,0.0,2
5,2,0.6,100,GES,11.0,
5,2,0.4,1000,GreedyColor,0.0,0
5,2,0.4,1000,GES,1.0,
5,2,0.4,500,GreedyColor,0.0,0
5,2,0.4,500,GES,1.0,
5,2,0.4,100,GreedyColor,1.0,0
5,2,0.4,100,GES,1.0,
5,2,0.4,1000,GreedyColor,0.0,0
5,2,0.4,1000,GES,3.0,
5,2,0.4,500,GreedyColor,0.0,0
5,2,0.4,500,GES,6.0,
5,2,0.4,100,GreedyColor,3.0,0
5,2,0.4,100,GES,7.0,
5,2,0.2,1000,GreedyColor,0.0,0
5,2,0.2,1000,GES,1.0,
5,2,0.2,500,GreedyColor,0.0,0
5,2,0.2,500,GES,1.0,
5,2,0.2,100,GreedyColor,0.0,0
5,2,0.2,100,GES,1.0,
5,2,0.2,1000,GreedyColor,0.0,0
5,2,0.2,1000,GES,2.0,
5,2,0.2,500,GreedyColor,0.0,2
5,2,0.2,500,GES,2.0,
5,2,0.2,100,GreedyColor,0.0,0
5,2,0.2,100,GES,2.0,
20,10,0.8,1000,GreedyColor,175.0,12
20,10,0.8,1000,GES,177.0,
20,10,0.8,500,GreedyColor,163.0,10
20,10,0.8,500,GES,137.0,
20,10,0.8,100,GreedyColor,141.0,9
20,10,0.8,100,GES,151.0,
20,2,0.8,1000,GreedyColor,208.0,16
20,2,0.8,1000,GES,215.0,
20,2,0.8,500,GreedyColor,171.0,15
20,2,0.8,500,GES,188.0,
20,2,0.8,100,GreedyColor,167.0,15
20,2,0.8,100,GES,164.0,
20,10,0.6,1000,GreedyColor,139.0,11
20,10,0.6,1000,GES,148.0,
20,10,0.6,500,GreedyColor,164.0,11
20,10,0.6,500,GES,155.0,
20,10,0.6,100,GreedyColor,127.0,12
20,10,0.6,100,GES,152.0,
20,2,0.6,1000,GreedyColor,145.0,16
20,2,0.6,1000,GES,140.0,
20,2,0.6,500,GreedyColor,156.0,16
20,2,0.6,500,GES,147.0,
20,2,0.6,100,GreedyColor,114.0,12
20,2,0.6,100,GES,127.0,
20,10,0.4,1000,GreedyColor,110.0,8
20,10,0.4,1000,GES,153.0,
20,10,0.4,500,GreedyColor,104.0,11
20,10,0.4,500,GES,137.0,
20,10,0.4,100,GreedyColor,138.0,10
20,10,0.4,100,GES,121.0,
20,2,0.4,1000,GreedyColor,89.0,14
20,2,0.4,1000,GES,150.0,
20,2,0.4,500,GreedyColor,61.0,14
20,2,0.4,500,GES,113.0,
20,2,0.4,100,GreedyColor,86.0,15
20,2,0.4,100,GES,96.0,
20,10,0.2,1000,GreedyColor,90.0,10
20,10,0.2,1000,GES,37.0,
20,10,0.2,500,GreedyColor,49.0,11
20,10,0.2,500,GES,66.0,
20,10,0.2,100,GreedyColor,66.0,10
20,10,0.2,100,GES,54.0,
20,2,0.2,1000,GreedyColor,2.0,4
20,2,0.2,1000,GES,42.0,
20,2,0.2,500,GreedyColor,10.0,2
20,2,0.2,500,GES,32.0,
20,2,0.2,100,GreedyColor,23.0,7
20,2,0.2,100,GES,55.0,
8,4,0.8,1000,GreedyColor,38.0,3
8,4,0.8,1000,GES,31.0,
8,4,0.8,500,GreedyColor,23.0,4
8,4,0.8,500,GES,30.0,
8,4,0.8,100,GreedyColor,16.0,4
8,4,0.8,100,GES,23.0,
8,2,0.8,1000,GreedyColor,12.0,5
8,2,0.8,1000,GES,23.0,
8,2,0.8,500,GreedyColor,13.0,2
8,2,0.8,500,GES,24.0,
8,2,0.8,100,GreedyColor,14.0,4
8,2,0.8,100,GES,17.0,
8,4,0.6,1000,GreedyColor,6.0,2
8,4,0.6,1000,GES,15.0,
8,4,0.6,500,GreedyColor,13.0,2
8,4,0.6,500,GES,16.0,
8,4,0.6,100,GreedyColor,14.0,2
8,4,0.6,100,GES,21.0,
8,2,0.6,1000,GreedyColor,10.0,4
8,2,0.6,1000,GES,26.0,
8,2,0.6,500,GreedyColor,17.0,2
8,2,0.6,500,GES,30.0,
8,2,0.6,100,GreedyColor,9.0,1
8,2,0.6,100,GES,21.0,
8,4,0.4,1000,GreedyColor,2.0,2
8,4,0.4,1000,GES,3.0,
8,4,0.4,500,GreedyColor,2.0,2
8,4,0.4,500,GES,3.0,
8,4,0.4,100,GreedyColor,4.0,3
8,4,0.4,100,GES,4.0,
8,2,0.4,1000,GreedyColor,18.0,5
8,2,0.4,1000,GES,12.0,
8,2,0.4,500,GreedyColor,7.0,4
8,2,0.4,500,GES,2.0,
8,2,0.4,100,GreedyColor,10.0,4
8,2,0.4,100,GES,6.0,
8,4,0.2,1000,GreedyColor,11.0,5
8,4,0.2,1000,GES,3.0,
8,4,0.2,500,GreedyColor,2.0,2
8,4,0.2,500,GES,3.0,
8,4,0.2,100,GreedyColor,9.0,3
8,4,0.2,100,GES,3.0,
8,2,0.2,1000,GreedyColor,0.0,0
8,2,0.2,1000,GES,1.0,
8,2,0.2,500,GreedyColor,2.0,2
8,2,0.2,500,GES,1.0,
8,2,0.2,100,GreedyColor,7.0,2
8,2,0.2,100,GES,5.0,
5,2,0.8,1000,GreedyColor,13.0,2
5,2,0.8,1000,GES,15.0,
5,2,0.8,500,GreedyColor,12.0,2
5,2,0.8,500,GES,15.0,
5,2,0.8,100,GreedyColor,5.0,0
5,2,0.8,100,GES,13.0,
5,2,0.8,1000,GreedyColor,10.0,2
5,2,0.8,1000,GES,7.0,
5,2,0.8,500,GreedyColor,8.0,2
5,2,0.8,500,GES,7.0,
5,2,0.8,100,GreedyColor,8.0,1
5,2,0.8,100,GES,9.0,
5,2,0.6,1000,GreedyColor,0.0,2
5,2,0.6,1000,GES,3.0,
5,2,0.6,500,GreedyColor,4.0,2
5,2,0.6,500,GES,3.0,
5,2,0.6,100,GreedyColor,7.0,1
5,2,0.6,100,GES,10.0,
5,2,0.6,1000,GreedyColor,2.0,0
5,2,0.6,1000,GES,11.0,
5,2,0.6,500,GreedyColor,2.0,0
5,2,0.6,500,GES,11.0,
5,2,0.6,100,GreedyColor,3.0,0
5,2,0.6,100,GES,11.0,
5,2,0.4,1000,GreedyColor,0.0,0
5,2,0.4,1000,GES,5.0,
5,2,0.4,500,GreedyColor,5.0,0
5,2,0.4,500,GES,6.0,
5,2,0.4,100,GreedyColor,5.0,1
5,2,0.4,100,GES,5.0,
5,2,0.4,1000,GreedyColor,2.0,2
5,2,0.4,1000,GES,1.0,
5,2,0.4,500,GreedyColor,0.0,0
5,2,0.4,500,GES,3.0,
5,2,0.4,100,GreedyColor,3.0,0
5,2,0.4,100,GES,3.0,
5,2,0.2,1000,GreedyColor,0.0,0
5,2,0.2,1000,GES,2.0,
5,2,0.2,500,GreedyColor,0.0,0
5,2,0.2,500,GES,2.0,
5,2,0.2,100,GreedyColor,2.0,2
5,2,0.2,100,GES,2.0,
5,2,0.2,1000,GreedyColor,0.0,0
5,2,0.2,1000,GES,5.0,
5,2,0.2,500,GreedyColor,0.0,0
5,2,0.2,500,GES,5.0,
5,2,0.2,100,GreedyColor,7.0,2
5,2,0.2,100,GES,4.0,
20,10,0.8,1000,GreedyDP+turn,207,10
20,10,0.8,500,GreedyDP+turn,183,12
20,10,0.8,100,GreedyDP+turn,153,12
20,2,0.8,1000,GreedyDP+turn,174,14
20,2,0.8,500,GreedyDP+turn,151,14
20,2,0.8,100,GreedyDP+turn,185,14
20,10,0.6,1000,GreedyDP+turn,150,10
20,10,0.6,500,GreedyDP+turn,137,11
20,10,0.6,100,GreedyDP+turn,136,11
20,2,0.6,1000,GreedyDP+turn,180,16
20,2,0.6,500,GreedyDP+turn,156,15
20,2,0.6,100,GreedyDP+turn,153,15
20,10,0.4,1000,GreedyDP+turn,86,8
20,10,0.4,500,GreedyDP+turn,138,11
20,10,0.4,100,GreedyDP+turn,85,12
20,2,0.4,1000,GreedyDP+turn,152,16
20,2,0.4,500,GreedyDP+turn,106,16
20,2,0.4,100,GreedyDP+turn,88,13
20,10,0.2,1000,GreedyDP+turn,19,10
20,10,0.2,500,GreedyDP+turn,25,8
20,10,0.2,100,GreedyDP+turn,19,10
20,2,0.2,1000,GreedyDP+turn,10,7
20,2,0.2,500,GreedyDP+turn,27,9
20,2,0.2,100,GreedyDP+turn,37,13
8,4,0.8,1000,GreedyDP+turn,15,4
8,4,0.8,500,GreedyDP+turn,16,3
8,4,0.8,100,GreedyDP+turn,18,4
8,2,0.8,1000,GreedyDP+turn,18,2
8,2,0.8,500,GreedyDP+turn,7,0
8,2,0.8,100,GreedyDP+turn,17,3
8,4,0.6,1000,GreedyDP+turn,9,1
8,4,0.6,500,GreedyDP+turn,13,4
8,4,0.6,100,GreedyDP+turn,13,4
8,2,0.6,1000,GreedyDP+turn,8,2
8,2,0.6,500,GreedyDP+turn,16,3
8,2,0.6,100,GreedyDP+turn,4,3
8,4,0.4,1000,GreedyDP+turn,7,2
8,4,0.4,500,GreedyDP+turn,0,0
8,4,0.4,100,GreedyDP+turn,8,1
8,2,0.4,1000,GreedyDP+turn,4,3
8,2,0.4,500,GreedyDP+turn,3,3
8,2,0.4,100,GreedyDP+turn,3,3
8,4,0.2,1000,GreedyDP+turn,10,3
8,4,0.2,500,GreedyDP+turn,5,4
8,4,0.2,100,GreedyDP+turn,11,4
8,2,0.2,1000,GreedyDP+turn,6,3
8,2,0.2,500,GreedyDP+turn,6,3
8,2,0.2,100,GreedyDP+turn,8,1
5,2,0.8,1000,GreedyDP+turn,9,3
5,2,0.8,500,GreedyDP+turn,8,2
5,2,0.8,100,GreedyDP+turn,4,1
5,2,0.8,1000,GreedyDP+turn,13,2
5,2,0.8,500,GreedyDP+turn,4,2
5,2,0.8,100,GreedyDP+turn,7,2
5,2,0.6,1000,GreedyDP+turn,13,2
5,2,0.6,500,GreedyDP+turn,11,2
5,2,0.6,100,GreedyDP+turn,7,3
5,2,0.6,1000,GreedyDP+turn,3,1
5,2,0.6,500,GreedyDP+turn,0,0
5,2,0.6,100,GreedyDP+turn,9,2
5,2,0.4,1000,GreedyDP+turn,5,1
5,2,0.4,500,GreedyDP+turn,0,1
5,2,0.4,100,GreedyDP+turn,0,1
5,2,0.4,1000,GreedyDP+turn,0,0
5,2,0.4,500,GreedyDP+turn,0,0
5,2,0.4,100,GreedyDP+turn,1,1
5,2,0.2,1000,GreedyDP+turn,0,0
5,2,0.2,500,GreedyDP+turn,0,0
5,2,0.2,100,GreedyDP+turn,1,0
5,2,0.2,1000,GreedyDP+turn,0,0
5,2,0.2,500,GreedyDP+turn,0,0
5,2,0.2,100,GreedyDP+turn,2,0
20,10,0.8,1000,GreedyDP+turn,206,10
20,10,0.8,500,GreedyDP+turn,149,11
20,10,0.8,100,GreedyDP+turn,178,11
20,2,0.8,1000,GreedyDP+turn,166,16
20,2,0.8,500,GreedyDP+turn,174,16
20,2,0.8,100,GreedyDP+turn,184,11
20,10,0.6,1000,GreedyDP+turn,141,9
20,10,0.6,500,GreedyDP+turn,168,9
20,10,0.6,100,GreedyDP+turn,130,13
20,2,0.6,1000,GreedyDP+turn,136,16
20,2,0.6,500,GreedyDP+turn,156,15
20,2,0.6,100,GreedyDP+turn,152,14
20,10,0.4,1000,GreedyDP+turn,169,10
20,10,0.4,500,GreedyDP+turn,111,12
20,10,0.4,100,GreedyDP+turn,136,12
20,2,0.4,1000,GreedyDP+turn,132,16
20,2,0.4,500,GreedyDP+turn,118,16
20,2,0.4,100,GreedyDP+turn,115,14
20,10,0.2,1000,GreedyDP+turn,44,8
20,10,0.2,500,GreedyDP+turn,51,11
20,10,0.2,100,GreedyDP+turn,39,13
20,2,0.2,1000,GreedyDP+turn,30,11
20,2,0.2,500,GreedyDP+turn,6,3
20,2,0.2,100,GreedyDP+turn,46,13
8,4,0.8,1000,GreedyDP+turn,15,2
8,4,0.8,500,GreedyDP+turn,19,3
8,4,0.8,100,GreedyDP+turn,16,3
8,2,0.8,1000,GreedyDP+turn,24,4
8,2,0.8,500,GreedyDP+turn,30,4
8,2,0.8,100,GreedyDP+turn,16,3
8,4,0.6,1000,GreedyDP+turn,36,4
8,4,0.6,500,GreedyDP+turn,19,2
8,4,0.6,100,GreedyDP+turn,27,3
8,2,0.6,1000,GreedyDP+turn,0,0
8,2,0.6,500,GreedyDP+turn,6,2
8,2,0.6,100,GreedyDP+turn,10,4
8,4,0.4,1000,GreedyDP+turn,0,0
8,4,0.4,500,GreedyDP+turn,0,0
8,4,0.4,100,GreedyDP+turn,18,3
8,2,0.4,1000,GreedyDP+turn,11,3
8,2,0.4,500,GreedyDP+turn,19,4
8,2,0.4,100,GreedyDP+turn,16,4
8,4,0.2,1000,GreedyDP+turn,0,1
8,4,0.2,500,GreedyDP+turn,0,1
8,4,0.2,100,GreedyDP+turn,6,1
8,2,0.2,1000,GreedyDP+turn,0,2
8,2,0.2,500,GreedyDP+turn,0,2
8,2,0.2,100,GreedyDP+turn,2,2
5,2,0.8,1000,GreedyDP+turn,8,2
5,2,0.8,500,GreedyDP+turn,4,1
5,2,0.8,100,GreedyDP+turn,9,2
5,2,0.8,1000,GreedyDP+turn,0,1
5,2,0.8,500,GreedyDP+turn,0,1
5,2,0.8,100,GreedyDP+turn,5,1
5,2,0.6,1000,GreedyDP+turn,0,0
5,2,0.6,500,GreedyDP+turn,2,2
5,2,0.6,100,GreedyDP+turn,5,2
5,2,0.6,1000,GreedyDP+turn,0,1
5,2,0.6,500,GreedyDP+turn,0,2
5,2,0.6,100,GreedyDP+turn,11,2
5,2,0.4,1000,GreedyDP+turn,3,1
5,2,0.4,500,GreedyDP+turn,3,1
5,2,0.4,100,GreedyDP+turn,3,1
5,2,0.4,1000,GreedyDP+turn,0,0
5,2,0.4,500,GreedyDP+turn,3,1
5,2,0.4,100,GreedyDP+turn,3,2
5,2,0.2,1000,GreedyDP+turn,0,0
5,2,0.2,500,GreedyDP+turn,0,0
5,2,0.2,100,GreedyDP+turn,2,2
5,2,0.2,1000,GreedyDP+turn,0,0
5,2,0.2,500,GreedyDP+turn,1,0
5,2,0.2,100,GreedyDP+turn,0,1
20,10,0.8,1000,GreedyDP+turn,204,11
20,10,0.8,500,GreedyDP+turn,166,10
20,10,0.8,100,GreedyDP+turn,154,12
20,2,0.8,1000,GreedyDP+turn,191,16
20,2,0.8,500,GreedyDP+turn,225,15
20,2,0.8,100,GreedyDP+turn,182,14
20,10,0.6,1000,GreedyDP+turn,193,9
20,10,0.6,500,GreedyDP+turn,157,8
20,10,0.6,100,GreedyDP+turn,147,11
20,2,0.6,1000,GreedyDP+turn,109,14
20,2,0.6,500,GreedyDP+turn,111,14
20,2,0.6,100,GreedyDP+turn,137,13
20,10,0.4,1000,GreedyDP+turn,129,12
20,10,0.4,500,GreedyDP+turn,114,10
20,10,0.4,100,GreedyDP+turn,78,12
20,2,0.4,1000,GreedyDP+turn,128,15
20,2,0.4,500,GreedyDP+turn,85,13
20,2,0.4,100,GreedyDP+turn,124,11
20,10,0.2,1000,GreedyDP+turn,14,7
20,10,0.2,500,GreedyDP+turn,7,7
20,10,0.2,100,GreedyDP+turn,18,9
20,2,0.2,1000,GreedyDP+turn,3,5
20,2,0.2,500,GreedyDP+turn,59,11
20,2,0.2,100,GreedyDP+turn,30,12
8,4,0.8,1000,GreedyDP+turn,11,4
8,4,0.8,500,GreedyDP+turn,22,4
8,4,0.8,100,GreedyDP+turn,20,3
8,2,0.8,1000,GreedyDP+turn,20,5
8,2,0.8,500,GreedyDP+turn,19,3
8,2,0.8,100,GreedyDP+turn,30,5
8,4,0.6,1000,GreedyDP+turn,14,3
8,4,0.6,500,GreedyDP+turn,20,4
8,4,0.6,100,GreedyDP+turn,14,2
8,2,0.6,1000,GreedyDP+turn,0,1
8,2,0.6,500,GreedyDP+turn,14,4
8,2,0.6,100,GreedyDP+turn,20,5
8,4,0.4,1000,GreedyDP+turn,9,3
8,4,0.4,500,GreedyDP+turn,7,3
8,4,0.4,100,GreedyDP+turn,9,4
8,2,0.4,1000,GreedyDP+turn,8,4
8,2,0.4,500,GreedyDP+turn,0,0
8,2,0.4,100,GreedyDP+turn,6,3
8,4,0.2,1000,GreedyDP+turn,0,0
8,4,0.2,500,GreedyDP+turn,2,0
8,4,0.2,100,GreedyDP+turn,2,2
8,2,0.2,1000,GreedyDP+turn,0,1
8,2,0.2,500,GreedyDP+turn,0,0
8,2,0.2,100,GreedyDP+turn,9,2
5,2,0.8,1000,GreedyDP+turn,6,1
5,2,0.8,500,GreedyDP+turn,2,2
5,2,0.8,100,GreedyDP+turn,3,2
5,2,0.8,1000,GreedyDP+turn,0,0
5,2,0.8,500,GreedyDP+turn,0,0
5,2,0.8,100,GreedyDP+turn,13,2
5,2,0.6,1000,GreedyDP+turn,10,2
5,2,0.6,500,GreedyDP+turn,8,1
5,2,0.6,100,GreedyDP+turn,10,1
5,2,0.6,1000,GreedyDP+turn,3,2
5,2,0.6,500,GreedyDP+turn,0,0
5,2,0.6,100,GreedyDP+turn,7,1
5,2,0.4,1000,GreedyDP+turn,8,2
5,2,0.4,500,GreedyDP+turn,9,2
5,2,0.4,100,GreedyDP+turn,8,1
5,2,0.4,1000,GreedyDP+turn,0,0
5,2,0.4,500,GreedyDP+turn,0,0
5,2,0.4,100,GreedyDP+turn,0,2
5,2,0.2,1000,GreedyDP+turn,0,1
5,2,0.2,500,GreedyDP+turn,1,1
5,2,0.2,100,GreedyDP+turn,0,1
5,2,0.2,1000,GreedyDP+turn,1,2
5,2,0.2,500,GreedyDP+turn,0,2
5,2,0.2,100,GreedyDP+turn,1,2
20,10,0.8,1000,GreedyDP+turn,180,11
20,10,0.8,500,GreedyDP+turn,197,9
20,10,0.8,100,GreedyDP+turn,184,13
20,2,0.8,1000,GreedyDP+turn,189,16
20,2,0.8,500,GreedyDP+turn,163,15
20,2,0.8,100,GreedyDP+turn,175,16
20,10,0.6,1000,GreedyDP+turn,148,12
20,10,0.6,500,GreedyDP+turn,148,11
20,10,0.6,100,GreedyDP+turn,140,12
20,2,0.6,1000,GreedyDP+turn,123,16
20,2,0.6,500,GreedyDP+turn,164,14
20,2,0.6,100,GreedyDP+turn,145,14
20,10,0.4,1000,GreedyDP+turn,115,10
20,10,0.4,500,GreedyDP+turn,124,10
20,10,0.4,100,GreedyDP+turn,106,13
20,2,0.4,1000,GreedyDP+turn,116,13
20,2,0.4,500,GreedyDP+turn,99,16
20,2,0.4,100,GreedyDP+turn,102,14
20,10,0.2,1000,GreedyDP+turn,21,10
20,10,0.2,500,GreedyDP+turn,36,10
20,10,0.2,100,GreedyDP+turn,55,12
20,2,0.2,1000,GreedyDP+turn,14,6
20,2,0.2,500,GreedyDP+turn,8,7
20,2,0.2,100,GreedyDP+turn,25,8
8,4,0.8,1000,GreedyDP+turn,29,5
8,4,0.8,500,GreedyDP+turn,25,3
8,4,0.8,100,GreedyDP+turn,22,4
8,2,0.8,1000,GreedyDP+turn,18,4
8,2,0.8,500,GreedyDP+turn,16,5
8,2,0.8,100,GreedyDP+turn,21,4
8,4,0.6,1000,GreedyDP+turn,17,4
8,4,0.6,500,GreedyDP+turn,7,3
8,4,0.6,100,GreedyDP+turn,11,3
8,2,0.6,1000,GreedyDP+turn,0,0
8,2,0.6,500,GreedyDP+turn,20,3
8,2,0.6,100,GreedyDP+turn,7,3
8,4,0.4,1000,GreedyDP+turn,10,4
8,4,0.4,500,GreedyDP+turn,8,2
8,4,0.4,100,GreedyDP+turn,8,4
8,2,0.4,1000,GreedyDP+turn,1,0
8,2,0.4,500,GreedyDP+turn,0,0
8,2,0.4,100,GreedyDP+turn,0,2
8,4,0.2,1000,GreedyDP+turn,2,0
8,4,0.2,500,GreedyDP+turn,1,0
8,4,0.2,100,GreedyDP+turn,3,2
8,2,0.2,1000,GreedyDP+turn,2,4
8,2,0.2,500,GreedyDP+turn,2,3
8,2,0.2,100,GreedyDP+turn,0,4
5,2,0.8,1000,GreedyDP+turn,8,2
5,2,0.8,500,GreedyDP+turn,0,0
5,2,0.8,100,GreedyDP+turn,7,1
5,2,0.8,1000,GreedyDP+turn,0,0
5,2,0.8,500,GreedyDP+turn,0,0
5,2,0.8,100,GreedyDP+turn,2,0
5,2,0.6,1000,GreedyDP+turn,0,1
5,2,0.6,500,GreedyDP+turn,0,0
5,2,0.6,100,GreedyDP+turn,0,0
5,2,0.6,1000,GreedyDP+turn,0,0
5,2,0.6,500,GreedyDP+turn,0,0
5,2,0.6,100,GreedyDP+turn,5,1
5,2,0.4,1000,GreedyDP+turn,0,0
5,2,0.4,500,GreedyDP+turn,0,0
5,2,0.4,100,GreedyDP+turn,4,0
5,2,0.4,1000,GreedyDP+turn,0,0
5,2,0.4,500,GreedyDP+turn,0,0
5,2,0.4,100,GreedyDP+turn,0,0
5,2,0.2,1000,GreedyDP+turn,2,0
5,2,0.2,500,GreedyDP+turn,0,0
5,2,0.2,100,GreedyDP+turn,1,0
5,2,0.2,1000,GreedyDP+turn,0,0
5,2,0.2,500,GreedyDP+turn,0,0
5,2,0.2,100,GreedyDP+turn,0,1
20,10,0.8,1000,GreedyDP+turn,165,10
20,10,0.8,500,GreedyDP+turn,206,10
20,10,0.8,100,GreedyDP+turn,162,11
20,2,0.8,1000,GreedyDP+turn,136,15
20,2,0.8,500,GreedyDP+turn,129,12
20,2,0.8,100,GreedyDP+turn,178,15
20,10,0.6,1000,GreedyDP+turn,163,11
20,10,0.6,500,GreedyDP+turn,168,12
20,10,0.6,100,GreedyDP+turn,131,12
20,2,0.6,1000,GreedyDP+turn,187,15
20,2,0.6,500,GreedyDP+turn,165,15
20,2,0.6,100,GreedyDP+turn,134,14
20,10,0.4,1000,GreedyDP+turn,94,11
20,10,0.4,500,GreedyDP+turn,65,9
20,10,0.4,100,GreedyDP+turn,61,8
20,2,0.4,1000,GreedyDP+turn,158,16
20,2,0.4,500,GreedyDP+turn,114,17
20,2,0.4,100,GreedyDP+turn,94,12
20,10,0.2,1000,GreedyDP+turn,14,8
20,10,0.2,500,GreedyDP+turn,6,10
20,10,0.2,100,GreedyDP+turn,19,12
20,2,0.2,1000,GreedyDP+turn,13,10
20,2,0.2,500,GreedyDP+turn,27,9
20,2,0.2,100,GreedyDP+turn,28,10
8,4,0.8,1000,GreedyDP+turn,20,4
8,4,0.8,500,GreedyDP+turn,18,4
8,4,0.8,100,GreedyDP+turn,19,4
8,2,0.8,1000,GreedyDP+turn,25,4
8,2,0.8,500,GreedyDP+turn,30,5
8,2,0.8,100,GreedyDP+turn,26,4
8,4,0.6,1000,GreedyDP+turn,19,3
8,4,0.6,500,GreedyDP+turn,11,4
8,4,0.6,100,GreedyDP+turn,15,3
8,2,0.6,1000,GreedyDP+turn,14,5
8,2,0.6,500,GreedyDP+turn,13,4
8,2,0.6,100,GreedyDP+turn,5,2
8,4,0.4,1000,GreedyDP+turn,0,1
8,4,0.4,500,GreedyDP+turn,0,2
8,4,0.4,100,GreedyDP+turn,4,3
8,2,0.4,1000,GreedyDP+turn,1,0
8,2,0.4,500,GreedyDP+turn,0,0
8,2,0.4,100,GreedyDP+turn,7,3
8,4,0.2,1000,GreedyDP+turn,5,2
8,4,0.2,500,GreedyDP+turn,0,0
8,4,0.2,100,GreedyDP+turn,12,2
8,2,0.2,1000,GreedyDP+turn,0,0
8,2,0.2,500,GreedyDP+turn,0,0
8,2,0.2,100,GreedyDP+turn,6,2
5,2,0.8,1000,GreedyDP+turn,0,0
5,2,0.8,500,GreedyDP+turn,0,0
5,2,0.8,100,GreedyDP+turn,0,1
5,2,0.8,1000,GreedyDP+turn,11,1
5,2,0.8,500,GreedyDP+turn,5,1
5,2,0.8,100,GreedyDP+turn,8,2
5,2,0.6,1000,GreedyDP+turn,1,0
5,2,0.6,500,GreedyDP+turn,2,0
5,2,0.6,100,GreedyDP+turn,1,1
5,2,0.6,1000,GreedyDP+turn,1,1
5,2,0.6,500,GreedyDP+turn,2,2
5,2,0.6,100,GreedyDP+turn,0,2
5,2,0.4,1000,GreedyDP+turn,0,0
5,2,0.4,500,GreedyDP+turn,2,0
5,2,0.4,100,GreedyDP+turn,1,0
5,2,0.4,1000,GreedyDP+turn,2,1
5,2,0.4,500,GreedyDP+turn,2,2
5,2,0.4,100,GreedyDP+turn,2,1
5,2,0.2,1000,GreedyDP+turn,0,0
5,2,0.2,500,GreedyDP+turn,0,0
5,2,0.2,100,GreedyDP+turn,0,0
5,2,0.2,1000,GreedyDP+turn,0,0
5,2,0.2,500,GreedyDP+turn,0,0
5,2,0.2,100,GreedyDP+turn,0,0
20,10,0.8,1000,GreedyDP+turn,198,9
20,10,0.8,500,GreedyDP+turn,190,10
20,10,0.8,100,GreedyDP+turn,132,10
20,2,0.8,1000,GreedyDP+turn,185,14
20,2,0.8,500,GreedyDP+turn,199,15
20,2,0.8,100,GreedyDP+turn,177,14
20,10,0.6,1000,GreedyDP+turn,119,9
20,10,0.6,500,GreedyDP+turn,126,9
20,10,0.6,100,GreedyDP+turn,147,11
20,2,0.6,1000,GreedyDP+turn,134,16
20,2,0.6,500,GreedyDP+turn,148,16
20,2,0.6,100,GreedyDP+turn,129,15
20,10,0.4,1000,GreedyDP+turn,116,9
20,10,0.4,500,GreedyDP+turn,84,11
20,10,0.4,100,GreedyDP+turn,101,13
20,2,0.4,1000,GreedyDP+turn,104,14
20,2,0.4,500,GreedyDP+turn,80,14
20,2,0.4,100,GreedyDP+turn,72,11
20,10,0.2,1000,GreedyDP+turn,107,10
20,10,0.2,500,GreedyDP+turn,38,10
20,10,0.2,100,GreedyDP+turn,47,9
20,2,0.2,1000,GreedyDP+turn,28,4
20,2,0.2,500,GreedyDP+turn,51,12
20,2,0.2,100,GreedyDP+turn,39,6
8,4,0.8,1000,GreedyDP+turn,22,3
8,4,0.8,500,GreedyDP+turn,17,3
8,4,0.8,100,GreedyDP+turn,37,2
8,2,0.8,1000,GreedyDP+turn,20,5
8,2,0.8,500,GreedyDP+turn,26,4
8,2,0.8,100,GreedyDP+turn,15,1
8,4,0.6,1000,GreedyDP+turn,0,0
8,4,0.6,500,GreedyDP+turn,4,3
8,4,0.6,100,GreedyDP+turn,9,3
8,2,0.6,1000,GreedyDP+turn,10,4
8,2,0.6,500,GreedyDP+turn,7,2
8,2,0.6,100,GreedyDP+turn,10,2
8,4,0.4,1000,GreedyDP+turn,0,1
8,4,0.4,500,GreedyDP+turn,0,1
8,4,0.4,100,GreedyDP+turn,7,3
8,2,0.4,1000,GreedyDP+turn,6,3
8,2,0.4,500,GreedyDP+turn,6,5
8,2,0.4,100,GreedyDP+turn,7,3
8,4,0.2,1000,GreedyDP+turn,5,3
8,4,0.2,500,GreedyDP+turn,0,1
8,4,0.2,100,GreedyDP+turn,0,3
8,2,0.2,1000,GreedyDP+turn,0,1
8,2,0.2,500,GreedyDP+turn,0,1
8,2,0.2,100,GreedyDP+turn,6,3
5,2,0.8,1000,GreedyDP+turn,0,0
5,2,0.8,500,GreedyDP+turn,3,2
5,2,0.8,100,GreedyDP+turn,3,2
5,2,0.8,1000,GreedyDP+turn,15,3
5,2,0.8,500,GreedyDP+turn,0,0
5,2,0.8,100,GreedyDP+turn,4,3
5,2,0.6,1000,GreedyDP+turn,3,1
5,2,0.6,500,GreedyDP+turn,0,0
5,2,0.6,100,GreedyDP+turn,0,0
5,2,0.6,1000,GreedyDP+turn,0,0
5,2,0.6,500,GreedyDP+turn,0,2
5,2,0.6,100,GreedyDP+turn,0,2
5,2,0.4,1000,GreedyDP+turn,0,0
5,2,0.4,500,GreedyDP+turn,0,0
5,2,0.4,100,GreedyDP+turn,6,2
5,2,0.4,1000,GreedyDP+turn,0,0
5,2,0.4,500,GreedyDP+turn,2,1
5,2,0.4,100,GreedyDP+turn,0,0
5,2,0.2,1000,GreedyDP+turn,0,0
5,2,0.2,500,GreedyDP+turn,0,0
5,2,0.2,100,GreedyDP+turn,0,0
5,2,0.2,1000,GreedyDP+turn,0,0
5,2,0.2,500,GreedyDP+turn,0,0
5,2,0.2,100,GreedyDP+turn,1,0
20,10,0.8,1000,GreedyDP+turn,183,12
20,10,0.8,500,GreedyDP+turn,159,12
20,10,0.8,100,GreedyDP+turn,179,12
20,2,0.8,1000,GreedyDP+turn,196,14
20,2,0.8,500,GreedyDP+turn,177,15
20,2,0.8,100,GreedyDP+turn,185,15
20,10,0.6,1000,GreedyDP+turn,177,10
20,10,0.6,500,GreedyDP+turn,142,11
20,10,0.6,100,GreedyDP+turn,131,12
20,2,0.6,1000,GreedyDP+turn,180,16
20,2,0.6,500,GreedyDP+turn,152,14
20,2,0.6,100,GreedyDP+turn,172,13
20,10,0.4,1000,GreedyDP+turn,158,11
20,10,0.4,500,GreedyDP+turn,137,9
20,10,0.4,100,GreedyDP+turn,108,11
20,2,0.4,1000,GreedyDP+turn,116,15
20,2,0.4,500,GreedyDP+turn,101,14
20,2,0.4,100,GreedyDP+turn,115,14
20,10,0.2,1000,GreedyDP+turn,13,5
20,10,0.2,500,GreedyDP+turn,11,7
20,10,0.2,100,GreedyDP+turn,58,11
20,2,0.2,1000,GreedyDP+turn,0,4
20,2,0.2,500,GreedyDP+turn,52,14
20,2,0.2,100,GreedyDP+turn,22,7
8,4,0.8,1000,GreedyDP+turn,22,4
8,4,0.8,500,GreedyDP+turn,21,3
8,4,0.8,100,GreedyDP+turn,25,5
8,2,0.8,1000,GreedyDP+turn,15,4
8,2,0.8,500,GreedyDP+turn,24,4
8,2,0.8,100,GreedyDP+turn,28,4
8,4,0.6,1000,GreedyDP+turn,20,4
8,4,0.6,500,GreedyDP+turn,20,4
8,4,0.6,100,GreedyDP+turn,17,4
8,2,0.6,1000,GreedyDP+turn,12,6
8,2,0.6,500,GreedyDP+turn,13,4
8,2,0.6,100,GreedyDP+turn,14,4
8,4,0.4,1000,GreedyDP+turn,13,4
8,4,0.4,500,GreedyDP+turn,9,3
8,4,0.4,100,GreedyDP+turn,9,4
8,2,0.4,1000,GreedyDP+turn,12,3
8,2,0.4,500,GreedyDP+turn,0,0
8,2,0.4,100,GreedyDP+turn,11,2
8,4,0.2,1000,GreedyDP+turn,3,0
8,4,0.2,500,GreedyDP+turn,6,3
8,4,0.2,100,GreedyDP+turn,3,0
8,2,0.2,1000,GreedyDP+turn,0,4
8,2,0.2,500,GreedyDP+turn,1,2
8,2,0.2,100,GreedyDP+turn,0,3
5,2,0.8,1000,GreedyDP+turn,4,3
5,2,0.8,500,GreedyDP+turn,0,2
5,2,0.8,100,GreedyDP+turn,10,2
5,2,0.8,1000,GreedyDP+turn,3,2
5,2,0.8,500,GreedyDP+turn,4,2
5,2,0.8,100,GreedyDP+turn,3,2
5,2,0.6,1000,GreedyDP+turn,0,0
5,2,0.6,500,GreedyDP+turn,0,0
5,2,0.6,100,GreedyDP+turn,1,0
5,2,0.6,1000,GreedyDP+turn,1,2
5,2,0.6,500,GreedyDP+turn,0,2
5,2,0.6,100,GreedyDP+turn,0,2
5,2,0.4,1000,GreedyDP+turn,9,1
5,2,0.4,500,GreedyDP+turn,4,2
5,2,0.4,100,GreedyDP+turn,4,3
5,2,0.4,1000,GreedyDP+turn,0,0
5,2,0.4,500,GreedyDP+turn,0,0
5,2,0.4,100,GreedyDP+turn,1,1
5,2,0.2,1000,GreedyDP+turn,0,0
5,2,0.2,500,GreedyDP+turn,0,0
5,2,0.2,100,GreedyDP+turn,1,1
5,2,0.2,1000,GreedyDP+turn,0,0
5,2,0.2,500,GreedyDP+turn,0,0
5,2,0.2,100,GreedyDP+turn,0,0
20,10,0.8,1000,GreedyDP+turn,148,10
20,10,0.8,500,GreedyDP+turn,150,10
20,10,0.8,100,GreedyDP+turn,215,9
20,2,0.8,1000,GreedyDP+turn,185,16
20,2,0.8,500,GreedyDP+turn,207,16
20,2,0.8,100,GreedyDP+turn,169,14
20,10,0.6,1000,GreedyDP+turn,169,10
20,10,0.6,500,GreedyDP+turn,156,10
20,10,0.6,100,GreedyDP+turn,156,11
20,2,0.6,1000,GreedyDP+turn,133,16
20,2,0.6,500,GreedyDP+turn,167,16
20,2,0.6,100,GreedyDP+turn,157,15
20,10,0.4,1000,GreedyDP+turn,64,11
20,10,0.4,500,GreedyDP+turn,83,10
20,10,0.4,100,GreedyDP+turn,126,12
20,2,0.4,1000,GreedyDP+turn,96,14
20,2,0.4,500,GreedyDP+turn,90,14
20,2,0.4,100,GreedyDP+turn,126,12
20,10,0.2,1000,GreedyDP+turn,15,8
20,10,0.2,500,GreedyDP+turn,9,6
20,10,0.2,100,GreedyDP+turn,28,12
20,2,0.2,1000,GreedyDP+turn,68,14
20,2,0.2,500,GreedyDP+turn,77,13
20,2,0.2,100,GreedyDP+turn,40,12
8,4,0.8,1000,GreedyDP+turn,18,5
8,4,0.8,500,GreedyDP+turn,17,3
8,4,0.8,100,GreedyDP+turn,22,3
8,2,0.8,1000,GreedyDP+turn,27,5
8,2,0.8,500,GreedyDP+turn,7,5
8,2,0.8,100,GreedyDP+turn,14,4
8,4,0.6,1000,GreedyDP+turn,0,0
8,4,0.6,500,GreedyDP+turn,16,3
8,4,0.6,100,GreedyDP+turn,13,4
8,2,0.6,1000,GreedyDP+turn,1,0
8,2,0.6,500,GreedyDP+turn,11,4
8,2,0.6,100,GreedyDP+turn,4,4
8,4,0.4,1000,GreedyDP+turn,9,4
8,4,0.4,500,GreedyDP+turn,2,1
8,4,0.4,100,GreedyDP+turn,4,2
8,2,0.4,1000,GreedyDP+turn,0,0
8,2,0.4,500,GreedyDP+turn,0,0
8,2,0.4,100,GreedyDP+turn,12,1
8,4,0.2,1000,GreedyDP+turn,2,1
8,4,0.2,500,GreedyDP+turn,0,1
8,4,0.2,100,GreedyDP+turn,1,2
8,2,0.2,1000,GreedyDP+turn,0,3
8,2,0.2,500,GreedyDP+turn,1,3
8,2,0.2,100,GreedyDP+turn,6,1
5,2,0.8,1000,GreedyDP+turn,11,3
5,2,0.8,500,GreedyDP+turn,11,2
5,2,0.8,100,GreedyDP+turn,8,2
5,2,0.8,1000,GreedyDP+turn,0,1
5,2,0.8,500,GreedyDP+turn,5,2
5,2,0.8,100,GreedyDP+turn,1,2
5,2,0.6,1000,GreedyDP+turn,1,0
5,2,0.6,500,GreedyDP+turn,0,0
5,2,0.6,100,GreedyDP+turn,0,0
5,2,0.6,1000,GreedyDP+turn,9,2
5,2,0.6,500,GreedyDP+turn,4,3
5,2,0.6,100,GreedyDP+turn,5,2
5,2,0.4,1000,GreedyDP+turn,0,0
5,2,0.4,500,GreedyDP+turn,0,0
5,2,0.4,100,GreedyDP+turn,4,0
5,2,0.4,1000,GreedyDP+turn,0,0
5,2,0.4,500,GreedyDP+turn,0,0
5,2,0.4,100,GreedyDP+turn,1,0
5,2,0.2,1000,GreedyDP+turn,0,0
5,2,0.2,500,GreedyDP+turn,0,0
5,2,0.2,100,GreedyDP+turn,1,0
5,2,0.2,1000,GreedyDP+turn,0,0
5,2,0.2,500,GreedyDP+turn,0,0
5,2,0.2,100,GreedyDP+turn,1,0
20,10,0.8,1000,GreedyDP+turn,155,12
20,10,0.8,500,GreedyDP+turn,174,11
20,10,0.8,100,GreedyDP+turn,167,10
20,2,0.8,1000,GreedyDP+turn,128,16
20,2,0.8,500,GreedyDP+turn,167,14
20,2,0.8,100,GreedyDP+turn,158,15
20,10,0.6,1000,GreedyDP+turn,149,11
20,10,0.6,500,GreedyDP+turn,159,10
20,10,0.6,100,GreedyDP+turn,152,10
20,2,0.6,1000,GreedyDP+turn,191,15
20,2,0.6,500,GreedyDP+turn,126,14
20,2,0.6,100,GreedyDP+turn,150,14
20,10,0.4,1000,GreedyDP+turn,145,10
20,10,0.4,500,GreedyDP+turn,94,11
20,10,0.4,100,GreedyDP+turn,82,9
20,2,0.4,1000,GreedyDP+turn,118,11
20,2,0.4,500,GreedyDP+turn,98,16
20,2,0.4,100,GreedyDP+turn,90,13
20,10,0.2,1000,GreedyDP+turn,58,10
20,10,0.2,500,GreedyDP+turn,55,11
20,10,0.2,100,GreedyDP+turn,38,12
20,2,0.2,1000,GreedyDP+turn,61,12
20,2,0.2,500,GreedyDP+turn,51,10
20,2,0.2,100,GreedyDP+turn,56,13
8,4,0.8,1000,GreedyDP+turn,21,3
8,4,0.8,500,GreedyDP+turn,20,3
8,4,0.8,100,GreedyDP+turn,12,0
8,2,0.8,1000,GreedyDP+turn,16,5
8,2,0.8,500,GreedyDP+turn,23,3
8,2,0.8,100,GreedyDP+turn,28,4
8,4,0.6,1000,GreedyDP+turn,19,3
8,4,0.6,500,GreedyDP+turn,30,4
8,4,0.6,100,GreedyDP+turn,20,3
8,2,0.6,1000,GreedyDP+turn,12,4
8,2,0.6,500,GreedyDP+turn,2,2
8,2,0.6,100,GreedyDP+turn,18,2
8,4,0.4,1000,GreedyDP+turn,2,0
8,4,0.4,500,GreedyDP+turn,16,2
8,4,0.4,100,GreedyDP+turn,5,0
8,2,0.4,1000,GreedyDP+turn,6,3
8,2,0.4,500,GreedyDP+turn,5,2
8,2,0.4,100,GreedyDP+turn,0,1
8,4,0.2,1000,GreedyDP+turn,0,0
8,4,0.2,500,GreedyDP+turn,0,0
8,4,0.2,100,GreedyDP+turn,0,0
8,2,0.2,1000,GreedyDP+turn,0,0
8,2,0.2,500,GreedyDP+turn,1,0
8,2,0.2,100,GreedyDP+turn,5,1
5,2,0.8,1000,GreedyDP+turn,13,2
5,2,0.8,500,GreedyDP+turn,11,2
5,2,0.8,100,GreedyDP+turn,2,2
5,2,0.8,1000,GreedyDP+turn,0,0
5,2,0.8,500,GreedyDP+turn,0,0
5,2,0.8,100,GreedyDP+turn,8,1
5,2,0.6,1000,GreedyDP+turn,0,1
5,2,0.6,500,GreedyDP+turn,9,3
5,2,0.6,100,GreedyDP+turn,6,1
5,2,0.6,1000,GreedyDP+turn,7,1
5,2,0.6,500,GreedyDP+turn,0,0
5,2,0.6,100,GreedyDP+turn,2,0
5,2,0.4,1000,GreedyDP+turn,5,2
5,2,0.4,500,GreedyDP+turn,3,0
5,2,0.4,100,GreedyDP+turn,7,2
5,2,0.4,1000,GreedyDP+turn,9,3
5,2,0.4,500,GreedyDP+turn,2,2
5,2,0.4,100,GreedyDP+turn,3,1
5,2,0.2,1000,GreedyDP+turn,0,0
5,2,0.2,500,GreedyDP+turn,0,0
5,2,0.2,100,GreedyDP+turn,0,0
5,2,0.2,1000,GreedyDP+turn,0,0
5,2,0.2,500,GreedyDP+turn,0,0
5,2,0.2,100,GreedyDP+turn,0,0
20,10,0.8,1000,GreedyDP+turn,135,10
20,10,0.8,500,GreedyDP+turn,164,12
20,10,0.8,100,GreedyDP+turn,190,10
20,2,0.8,1000,GreedyDP+turn,171,17
20,2,0.8,500,GreedyDP+turn,192,15
20,2,0.8,100,GreedyDP+turn,160,16
20,10,0.6,1000,GreedyDP+turn,171,10
20,10,0.6,500,GreedyDP+turn,166,8
20,10,0.6,100,GreedyDP+turn,159,11
20,2,0.6,1000,GreedyDP+turn,175,13
20,2,0.6,500,GreedyDP+turn,190,14
20,2,0.6,100,GreedyDP+turn,120,12
20,10,0.4,1000,GreedyDP+turn,119,8
20,10,0.4,500,GreedyDP+turn,142,9
20,10,0.4,100,GreedyDP+turn,119,10
20,2,0.4,1000,GreedyDP+turn,115,16
20,2,0.4,500,GreedyDP+turn,123,12
20,2,0.4,100,GreedyDP+turn,117,14
20,10,0.2,1000,GreedyDP+turn,37,7
20,10,0.2,500,GreedyDP+turn,23,11
20,10,0.2,100,GreedyDP+turn,48,11
20,2,0.2,1000,GreedyDP+turn,15,4
20,2,0.2,500,GreedyDP+turn,46,11
20,2,0.2,100,GreedyDP+turn,33,11
8,4,0.8,1000,GreedyDP+turn,16,5
8,4,0.8,500,GreedyDP+turn,16,2
8,4,0.8,100,GreedyDP+turn,23,2
8,2,0.8,1000,GreedyDP+turn,22,4
8,2,0.8,500,GreedyDP+turn,12,3
8,2,0.8,100,GreedyDP+turn,21,4
8,4,0.6,1000,GreedyDP+turn,26,4
8,4,0.6,500,GreedyDP+turn,10,3
8,4,0.6,100,GreedyDP+turn,16,2
8,2,0.6,1000,GreedyDP+turn,14,4
8,2,0.6,500,GreedyDP+turn,15,4
8,2,0.6,100,GreedyDP+turn,17,3
8,4,0.4,1000,GreedyDP+turn,18,3
8,4,0.4,500,GreedyDP+turn,4,1
8,4,0.4,100,GreedyDP+turn,7,2
8,2,0.4,1000,GreedyDP+turn,0,0
8,2,0.4,500,GreedyDP+turn,5,2
8,2,0.4,100,GreedyDP+turn,6,2
8,4,0.2,1000,GreedyDP+turn,1,0
8,4,0.2,500,GreedyDP+turn,2,2
8,4,0.2,100,GreedyDP+turn,4,2
8,2,0.2,1000,GreedyDP+turn,0,0
8,2,0.2,500,GreedyDP+turn,0,2
8,2,0.2,100,GreedyDP+turn,2,4
5,2,0.8,1000,GreedyDP+turn,0,1
5,2,0.8,500,GreedyDP+turn,13,3
5,2,0.8,100,GreedyDP+turn,1,1
5,2,0.8,1000,GreedyDP+turn,0,2
5,2,0.8,500,GreedyDP+turn,0,2
5,2,0.8,100,GreedyDP+turn,0,2
5,2,0.6,1000,GreedyDP+turn,3,2
5,2,0.6,500,GreedyDP+turn,4,1
5,2,0.6,100,GreedyDP+turn,10,2
5,2,0.6,1000,GreedyDP+turn,4,0
5,2,0.6,500,GreedyDP+turn,0,0
5,2,0.6,100,GreedyDP+turn,7,1
5,2,0.4,1000,GreedyDP+turn,2,1
5,2,0.4,500,GreedyDP+turn,0,2
5,2,0.4,100,GreedyDP+turn,1,2
5,2,0.4,1000,GreedyDP+turn,2,0
5,2,0.4,500,GreedyDP+turn,0,0
5,2,0.4,100,GreedyDP+turn,1,0
5,2,0.2,1000,GreedyDP+turn,0,0
5,2,0.2,500,GreedyDP+turn,0,0
5,2,0.2,100,GreedyDP+turn,1,0
5,2,0.2,1000,GreedyDP+turn,0,0
5,2,0.2,500,GreedyDP+turn,0,0
5,2,0.2,100,GreedyDP+turn,0,1
20,10,0.8,1000,GreedyDP+turn,182,10
20,10,0.8,500,GreedyDP+turn,174,12
20,10,0.8,100,GreedyDP+turn,195,12
20,2,0.8,1000,GreedyDP+turn,178,15
20,2,0.8,500,GreedyDP+turn,146,15
20,2,0.8,100,GreedyDP+turn,159,13
20,10,0.6,1000,GreedyDP+turn,204,11
20,10,0.6,500,GreedyDP+turn,182,10
20,10,0.6,100,GreedyDP+turn,161,11
20,2,0.6,1000,GreedyDP+turn,123,14
20,2,0.6,500,GreedyDP+turn,87,15
20,2,0.6,100,GreedyDP+turn,149,15
20,10,0.4,1000,GreedyDP+turn,137,9
20,10,0.4,500,GreedyDP+turn,96,13
20,10,0.4,100,GreedyDP+turn,118,12
20,2,0.4,1000,GreedyDP+turn,148,16
20,2,0.4,500,GreedyDP+turn,121,15
20,2,0.4,100,GreedyDP+turn,83,12
20,10,0.2,1000,GreedyDP+turn,17,7
20,10,0.2,500,GreedyDP+turn,43,9
20,10,0.2,100,GreedyDP+turn,28,10
20,2,0.2,1000,GreedyDP+turn,67,12
20,2,0.2,500,GreedyDP+turn,42,10
20,2,0.2,100,GreedyDP+turn,42,13
8,4,0.8,1000,GreedyDP+turn,29,4
8,4,0.8,500,GreedyDP+turn,27,5
8,4,0.8,100,GreedyDP+turn,23,3
8,2,0.8,1000,GreedyDP+turn,16,5
8,2,0.8,500,GreedyDP+turn,6,3
8,2,0.8,100,GreedyDP+turn,14,4
8,4,0.6,1000,GreedyDP+turn,7,2
8,4,0.6,500,GreedyDP+turn,17,4
8,4,0.6,100,GreedyDP+turn,17,3
8,2,0.6,1000,GreedyDP+turn,28,4
8,2,0.6,500,GreedyDP+turn,13,2
8,2,0.6,100,GreedyDP+turn,10,3
8,4,0.4,1000,GreedyDP+turn,12,3
8,4,0.4,500,GreedyDP+turn,26,3
8,4,0.4,100,GreedyDP+turn,22,3
8,2,0.4,1000,GreedyDP+turn,13,5
8,2,0.4,500,GreedyDP+turn,9,4
8,2,0.4,100,GreedyDP+turn,6,3
8,4,0.2,1000,GreedyDP+turn,0,2
8,4,0.2,500,GreedyDP+turn,0,3
8,4,0.2,100,GreedyDP+turn,4,4
8,2,0.2,1000,GreedyDP+turn,3,1
8,2,0.2,500,GreedyDP+turn,3,0
8,2,0.2,100,GreedyDP+turn,2,0
5,2,0.8,1000,GreedyDP+turn,0,1
5,2,0.8,500,GreedyDP+turn,0,0
5,2,0.8,100,GreedyDP+turn,0,0
5,2,0.8,1000,GreedyDP+turn,0,2
5,2,0.8,500,GreedyDP+turn,1,2
5,2,0.8,100,GreedyDP+turn,0,2
5,2,0.6,1000,GreedyDP+turn,0,0
5,2,0.6,500,GreedyDP+turn,4,1
5,2,0.6,100,GreedyDP+turn,4,0
5,2,0.6,1000,GreedyDP+turn,0,0
5,2,0.6,500,GreedyDP+turn,0,0
5,2,0.6,100,GreedyDP+turn,7,2
5,2,0.4,1000,GreedyDP+turn,4,1
5,2,0.4,500,GreedyDP+turn,3,2
5,2,0.4,100,GreedyDP+turn,3,1
5,2,0.4,1000,GreedyDP+turn,4,2
5,2,0.4,500,GreedyDP+turn,0,0
5,2,0.4,100,GreedyDP+turn,0,1
5,2,0.2,1000,GreedyDP+turn,1,0
5,2,0.2,500,GreedyDP+turn,0,0
5,2,0.2,100,GreedyDP+turn,0,2
5,2,0.2,1000,GreedyDP+turn,0,0
5,2,0.2,500,GreedyDP+turn,0,2
5,2,0.2,100,GreedyDP+turn,1,0
20,10,0.8,1000,GreedyDP+turn,183,10
20,10,0.8,500,GreedyDP+turn,162,10
20,10,0.8,100,GreedyDP+turn,141,12
20,2,0.8,1000,GreedyDP+turn,188,15
20,2,0.8,500,GreedyDP+turn,179,15
20,2,0.8,100,GreedyDP+turn,186,15
20,10,0.6,1000,GreedyDP+turn,170,9
20,10,0.6,500,GreedyDP+turn,131,11
20,10,0.6,100,GreedyDP+turn,105,10
20,2,0.6,1000,GreedyDP+turn,164,17
20,2,0.6,500,GreedyDP+turn,154,14
20,2,0.6,100,GreedyDP+turn,183,13
20,10,0.4,1000,GreedyDP+turn,121,10
20,10,0.4,500,GreedyDP+turn,115,10
20,10,0.4,100,GreedyDP+turn,91,12
20,2,0.4,1000,GreedyDP+turn,87,14
20,2,0.4,500,GreedyDP+turn,99,13
20,2,0.4,100,GreedyDP+turn,114,15
20,10,0.2,1000,GreedyDP+turn,28,9
20,10,0.2,500,GreedyDP+turn,22,10
20,10,0.2,100,GreedyDP+turn,47,13
20,2,0.2,1000,GreedyDP+turn,23,10
20,2,0.2,500,GreedyDP+turn,10,6
20,2,0.2,100,GreedyDP+turn,47,10
8,4,0.8,1000,GreedyDP+turn,13,3
8,4,0.8,500,GreedyDP+turn,24,3
8,4,0.8,100,GreedyDP+turn,26,3
8,2,0.8,1000,GreedyDP+turn,16,5
8,2,0.8,500,GreedyDP+turn,22,4
8,2,0.8,100,GreedyDP+turn,27,4
8,4,0.6,1000,GreedyDP+turn,14,2
8,4,0.6,500,GreedyDP+turn,6,1
8,4,0.6,100,GreedyDP+turn,9,2
8,2,0.6,1000,GreedyDP+turn,14,4
8,2,0.6,500,GreedyDP+turn,22,3
8,2,0.6,100,GreedyDP+turn,13,3
8,4,0.4,1000,GreedyDP+turn,0,2
8,4,0.4,500,GreedyDP+turn,6,4
8,4,0.4,100,GreedyDP+turn,6,4
8,2,0.4,1000,GreedyDP+turn,0,0
8,2,0.4,500,GreedyDP+turn,7,3
8,2,0.4,100,GreedyDP+turn,3,0
8,4,0.2,1000,GreedyDP+turn,0,1
8,4,0.2,500,GreedyDP+turn,4,2
8,4,0.2,100,GreedyDP+turn,4,4
8,2,0.2,1000,GreedyDP+turn,0,0
8,2,0.2,500,GreedyDP+turn,0,2
8,2,0.2,100,GreedyDP+turn,2,2
5,2,0.8,1000,GreedyDP+turn,0,2
5,2,0.8,500,GreedyDP+turn,0,2
5,2,0.8,100,GreedyDP+turn,0,2
5,2,0.8,1000,GreedyDP+turn,0,0
5,2,0.8,500,GreedyDP+turn,8,2
5,2,0.8,100,GreedyDP+turn,12,2
5,2,0.6,1000,GreedyDP+turn,0,1
5,2,0.6,500,GreedyDP+turn,2,1
5,2,0.6,100,GreedyDP+turn,3,2
5,2,0.6,1000,GreedyDP+turn,5,3
5,2,0.6,500,GreedyDP+turn,0,0
5,2,0.6,100,GreedyDP+turn,0,0
5,2,0.4,1000,GreedyDP+turn,0,2
5,2,0.4,500,GreedyDP+turn,0,2
5,2,0.4,100,GreedyDP+turn,1,2
5,2,0.4,1000,GreedyDP+turn,0,0
5,2,0.4,500,GreedyDP+turn,0,0
5,2,0.4,100,GreedyDP+turn,0,1
5,2,0.2,1000,GreedyDP+turn,0,0
5,2,0.2,500,GreedyDP+turn,0,0
5,2,0.2,100,GreedyDP+turn,0,0
5,2,0.2,1000,GreedyDP+turn,2,0
5,2,0.2,500,GreedyDP+turn,0,0
5,2,0.2,100,GreedyDP+turn,0,0
20,10,0.8,1000,GreedyDP+turn,194,12
20,10,0.8,500,GreedyDP+turn,156,12
20,10,0.8,100,GreedyDP+turn,172,12
20,2,0.8,1000,GreedyDP+turn,166,14
20,2,0.8,500,GreedyDP+turn,195,15
20,2,0.8,100,GreedyDP+turn,189,14
20,10,0.6,1000,GreedyDP+turn,162,12
20,10,0.6,500,GreedyDP+turn,150,12
20,10,0.6,100,GreedyDP+turn,188,12
20,2,0.6,1000,GreedyDP+turn,175,16
20,2,0.6,500,GreedyDP+turn,137,15
20,2,0.6,100,GreedyDP+turn,160,15
20,10,0.4,1000,GreedyDP+turn,143,12
20,10,0.4,500,GreedyDP+turn,126,12
20,10,0.4,100,GreedyDP+turn,95,11
20,2,0.4,1000,GreedyDP+turn,108,15
20,2,0.4,500,GreedyDP+turn,72,11
20,2,0.4,100,GreedyDP+turn,82,12
20,10,0.2,1000,GreedyDP+turn,32,7
20,10,0.2,500,GreedyDP+turn,10,9
20,10,0.2,100,GreedyDP+turn,39,10
20,2,0.2,1000,GreedyDP+turn,9,10
20,2,0.2,500,GreedyDP+turn,35,12
20,2,0.2,100,GreedyDP+turn,34,9
8,4,0.8,1000,GreedyDP+turn,23,3
8,4,0.8,500,GreedyDP+turn,25,2
8,4,0.8,100,GreedyDP+turn,28,2
8,2,0.8,1000,GreedyDP+turn,27,6
8,2,0.8,500,GreedyDP+turn,37,4
8,2,0.8,100,GreedyDP+turn,25,2
8,4,0.6,1000,GreedyDP+turn,15,3
8,4,0.6,500,GreedyDP+turn,4,3
8,4,0.6,100,GreedyDP+turn,13,3
8,2,0.6,1000,GreedyDP+turn,7,1
8,2,0.6,500,GreedyDP+turn,14,3
8,2,0.6,100,GreedyDP+turn,15,2
8,4,0.4,1000,GreedyDP+turn,9,3
8,4,0.4,500,GreedyDP+turn,12,3
8,4,0.4,100,GreedyDP+turn,11,4
8,2,0.4,1000,GreedyDP+turn,0,0
8,2,0.4,500,GreedyDP+turn,7,3
8,2,0.4,100,GreedyDP+turn,3,3
8,4,0.2,1000,GreedyDP+turn,0,1
8,4,0.2,500,GreedyDP+turn,0,1
8,4,0.2,100,GreedyDP+turn,2,2
8,2,0.2,1000,GreedyDP+turn,0,1
8,2,0.2,500,GreedyDP+turn,2,3
8,2,0.2,100,GreedyDP+turn,6,1
5,2,0.8,1000,GreedyDP+turn,0,1
5,2,0.8,500,GreedyDP+turn,12,2
5,2,0.8,100,GreedyDP+turn,8,2
5,2,0.8,1000,GreedyDP+turn,4,1
5,2,0.8,500,GreedyDP+turn,0,1
5,2,0.8,100,GreedyDP+turn,7,1
5,2,0.6,1000,GreedyDP+turn,0,0
5,2,0.6,500,GreedyDP+turn,0,0
5,2,0.6,100,GreedyDP+turn,4,3
5,2,0.6,1000,GreedyDP+turn,0,0
5,2,0.6,500,GreedyDP+turn,0,0
5,2,0.6,100,GreedyDP+turn,10,1
5,2,0.4,1000,GreedyDP+turn,0,1
5,2,0.4,500,GreedyDP+turn,0,0
5,2,0.4,100,GreedyDP+turn,0,0
5,2,0.4,1000,GreedyDP+turn,0,0
5,2,0.4,500,GreedyDP+turn,0,0
5,2,0.4,100,GreedyDP+turn,2,2
5,2,0.2,1000,GreedyDP+turn,0,0
5,2,0.2,500,GreedyDP+turn,1,0
5,2,0.2,100,GreedyDP+turn,1,2
5,2,0.2,1000,GreedyDP+turn,0,0
5,2,0.2,500,GreedyDP+turn,0,0
5,2,0.2,100,GreedyDP+turn,0,0
20,10,0.8,1000,GreedyDP+turn,179,8
20,10,0.8,500,GreedyDP+turn,168,10
20,10,0.8,100,GreedyDP+turn,158,11
20,2,0.8,1000,GreedyDP+turn,189,15
20,2,0.8,500,GreedyDP+turn,188,16
20,2,0.8,100,GreedyDP+turn,170,14
20,10,0.6,1000,GreedyDP+turn,204,11
20,10,0.6,500,GreedyDP+turn,125,11
20,10,0.6,100,GreedyDP+turn,180,11
20,2,0.6,1000,GreedyDP+turn,132,15
20,2,0.6,500,GreedyDP+turn,143,15
20,2,0.6,100,GreedyDP+turn,147,13
20,10,0.4,1000,GreedyDP+turn,89,7
20,10,0.4,500,GreedyDP+turn,115,9
20,10,0.4,100,GreedyDP+turn,62,10
20,2,0.4,1000,GreedyDP+turn,131,14
20,2,0.4,500,GreedyDP+turn,129,15
20,2,0.4,100,GreedyDP+turn,129,13
20,10,0.2,1000,GreedyDP+turn,52,10
20,10,0.2,500,GreedyDP+turn,43,9
20,10,0.2,100,GreedyDP+turn,39,12
20,2,0.2,1000,GreedyDP+turn,58,14
20,2,0.2,500,GreedyDP+turn,46,14
20,2,0.2,100,GreedyDP+turn,35,9
8,4,0.8,1000,GreedyDP+turn,4,3
8,4,0.8,500,GreedyDP+turn,20,4
8,4,0.8,100,GreedyDP+turn,20,4
8,2,0.8,1000,GreedyDP+turn,28,4
8,2,0.8,500,GreedyDP+turn,31,4
8,2,0.8,100,GreedyDP+turn,15,4
8,4,0.6,1000,GreedyDP+turn,23,4
8,4,0.6,500,GreedyDP+turn,17,2
8,4,0.6,100,GreedyDP+turn,18,3
8,2,0.6,1000,GreedyDP+turn,6,1
8,2,0.6,500,GreedyDP+turn,14,3
8,2,0.6,100,GreedyDP+turn,13,2
8,4,0.4,1000,GreedyDP+turn,0,1
8,4,0.4,500,GreedyDP+turn,0,1
8,4,0.4,100,GreedyDP+turn,3,1
8,2,0.4,1000,GreedyDP+turn,2,3
8,2,0.4,500,GreedyDP+turn,1,0
8,2,0.4,100,GreedyDP+turn,5,3
8,4,0.2,1000,GreedyDP+turn,1,4
8,4,0.2,500,GreedyDP+turn,0,4
8,4,0.2,100,GreedyDP+turn,2,4
8,2,0.2,1000,GreedyDP+turn,0,0
8,2,0.2,500,GreedyDP+turn,0,0
8,2,0.2,100,GreedyDP+turn,6,4
5,2,0.8,1000,GreedyDP+turn,7,2
5,2,0.8,500,GreedyDP+turn,0,0
5,2,0.8,100,GreedyDP+turn,3,0
5,2,0.8,1000,GreedyDP+turn,2,2
5,2,0.8,500,GreedyDP+turn,7,2
5,2,0.8,100,GreedyDP+turn,11,2
5,2,0.6,1000,GreedyDP+turn,0,0
5,2,0.6,500,GreedyDP+turn,0,0
5,2,0.6,100,GreedyDP+turn,0,0
5,2,0.6,1000,GreedyDP+turn,13,3
5,2,0.6,500,GreedyDP+turn,10,2
5,2,0.6,100,GreedyDP+turn,5,2
5,2,0.4,1000,GreedyDP+turn,0,0
5,2,0.4,500,GreedyDP+turn,2,2
5,2,0.4,100,GreedyDP+turn,0,0
5,2,0.4,1000,GreedyDP+turn,0,0
5,2,0.4,500,GreedyDP+turn,0,1
5,2,0.4,100,GreedyDP+turn,1,2
5,2,0.2,1000,GreedyDP+turn,0,0
5,2,0.2,500,GreedyDP+turn,2,1
5,2,0.2,100,GreedyDP+turn,2,1
5,2,0.2,1000,GreedyDP+turn,0,0
5,2,0.2,500,GreedyDP+turn,0,0
5,2,0.2,100,GreedyDP+turn,0,0
20,10,0.8,1000,GreedyDP+turn,171,12
20,10,0.8,500,GreedyDP+turn,180,11
20,10,0.8,100,GreedyDP+turn,162,12
20,2,0.8,1000,GreedyDP+turn,205,14
20,2,0.8,500,GreedyDP+turn,215,15
20,2,0.8,100,GreedyDP+turn,152,13
20,10,0.6,1000,GreedyDP+turn,108,8
20,10,0.6,500,GreedyDP+turn,149,10
20,10,0.6,100,GreedyDP+turn,144,11
20,2,0.6,1000,GreedyDP+turn,163,17
20,2,0.6,500,GreedyDP+turn,156,15
20,2,0.6,100,GreedyDP+turn,143,14
20,10,0.4,1000,GreedyDP+turn,123,10
20,10,0.4,500,GreedyDP+turn,139,10
20,10,0.4,100,GreedyDP+turn,98,11
20,2,0.4,1000,GreedyDP+turn,109,15
20,2,0.4,500,GreedyDP+turn,89,12
20,2,0.4,100,GreedyDP+turn,72,13
20,10,0.2,1000,GreedyDP+turn,9,9
20,10,0.2,500,GreedyDP+turn,37,10
20,10,0.2,100,GreedyDP+turn,27,13
20,2,0.2,1000,GreedyDP+turn,46,8
20,2,0.2,500,GreedyDP+turn,50,13
20,2,0.2,100,GreedyDP+turn,57,11
8,4,0.8,1000,GreedyDP+turn,3,2
8,4,0.8,500,GreedyDP+turn,25,3
8,4,0.8,100,GreedyDP+turn,16,3
8,2,0.8,1000,GreedyDP+turn,24,5
8,2,0.8,500,GreedyDP+turn,16,4
8,2,0.8,100,GreedyDP+turn,22,3
8,4,0.6,1000,GreedyDP+turn,12,3
8,4,0.6,500,GreedyDP+turn,20,2
8,4,0.6,100,GreedyDP+turn,11,3
8,2,0.6,1000,GreedyDP+turn,7,2
8,2,0.6,500,GreedyDP+turn,14,4
8,2,0.6,100,GreedyDP+turn,28,5
8,4,0.4,1000,GreedyDP+turn,0,0
8,4,0.4,500,GreedyDP+turn,4,4
8,4,0.4,100,GreedyDP+turn,15,4
8,2,0.4,1000,GreedyDP+turn,0,0
8,2,0.4,500,GreedyDP+turn,0,0
8,2,0.4,100,GreedyDP+turn,7,2
8,4,0.2,1000,GreedyDP+turn,0,3
8,4,0.2,500,GreedyDP+turn,0,2
8,4,0.2,100,GreedyDP+turn,1,4
8,2,0.2,1000,GreedyDP+turn,0,0
8,2,0.2,500,GreedyDP+turn,0,0
8,2,0.2,100,GreedyDP+turn,4,0
5,2,0.8,1000,GreedyDP+turn,5,0
5,2,0.8,500,GreedyDP+turn,15,1
5,2,0.8,100,GreedyDP+turn,5,0
5,2,0.8,1000,GreedyDP+turn,7,3
5,2,0.8,500,GreedyDP+turn,8,3
5,2,0.8,100,GreedyDP+turn,13,2
5,2,0.6,1000,GreedyDP+turn,0,1
5,2,0.6,500,GreedyDP+turn,0,1
5,2,0.6,100,GreedyDP+turn,4,2
5,2,0.6,1000,GreedyDP+turn,1,0
5,2,0.6,500,GreedyDP+turn,0,0
5,2,0.6,100,GreedyDP+turn,5,3
5,2,0.4,1000,GreedyDP+turn,0,2
5,2,0.4,500,GreedyDP+turn,0,0
5,2,0.4,100,GreedyDP+turn,0,1
5,2,0.4,1000,GreedyDP+turn,0,0
5,2,0.4,500,GreedyDP+turn,0,0
5,2,0.4,100,GreedyDP+turn,0,2
5,2,0.2,1000,GreedyDP+turn,0,0
5,2,0.2,500,GreedyDP+turn,0,0
5,2,0.2,100,GreedyDP+turn,3,1
5,2,0.2,1000,GreedyDP+turn,0,0
5,2,0.2,500,GreedyDP+turn,0,0
5,2,0.2,100,GreedyDP+turn,0,0
20,10,0.8,1000,GreedyDP+turn,148,10
20,10,0.8,500,GreedyDP+turn,148,11
20,10,0.8,100,GreedyDP+turn,147,11
20,2,0.8,1000,GreedyDP+turn,169,15
20,2,0.8,500,GreedyDP+turn,215,14
20,2,0.8,100,GreedyDP+turn,166,14
20,10,0.6,1000,GreedyDP+turn,167,11
20,10,0.6,500,GreedyDP+turn,144,9
20,10,0.6,100,GreedyDP+turn,141,10
20,2,0.6,1000,GreedyDP+turn,144,14
20,2,0.6,500,GreedyDP+turn,147,15
20,2,0.6,100,GreedyDP+turn,136,13
20,10,0.4,1000,GreedyDP+turn,109,8
20,10,0.4,500,GreedyDP+turn,131,11
20,10,0.4,100,GreedyDP+turn,116,12
20,2,0.4,1000,GreedyDP+turn,120,16
20,2,0.4,500,GreedyDP+turn,100,15
20,2,0.4,100,GreedyDP+turn,125,14
20,10,0.2,1000,GreedyDP+turn,44,6
20,10,0.2,500,GreedyDP+turn,61,9
20,10,0.2,100,GreedyDP+turn,63,11
20,2,0.2,1000,GreedyDP+turn,18,10
20,2,0.2,500,GreedyDP+turn,11,10
20,2,0.2,100,GreedyDP+turn,51,11
8,4,0.8,1000,GreedyDP+turn,11,4
8,4,0.8,500,GreedyDP+turn,8,1
8,4,0.8,100,GreedyDP+turn,15,4
8,2,0.8,1000,GreedyDP+turn,18,4
8,2,0.8,500,GreedyDP+turn,16,5
8,2,0.8,100,GreedyDP+turn,21,4
8,4,0.6,1000,GreedyDP+turn,15,3
8,4,0.6,500,GreedyDP+turn,6,3
8,4,0.6,100,GreedyDP+turn,5,4
8,2,0.6,1000,GreedyDP+turn,15,5
8,2,0.6,500,GreedyDP+turn,19,4
8,2,0.6,100,GreedyDP+turn,13,0
8,4,0.4,1000,GreedyDP+turn,3,1
8,4,0.4,500,GreedyDP+turn,6,4
8,4,0.4,100,GreedyDP+turn,4,2
8,2,0.4,1000,GreedyDP+turn,0,0
8,2,0.4,500,GreedyDP+turn,1,1
8,2,0.4,100,GreedyDP+turn,0,0
8,4,0.2,1000,GreedyDP+turn,0,0
8,4,0.2,500,GreedyDP+turn,1,0
8,4,0.2,100,GreedyDP+turn,0,2
8,2,0.2,1000,GreedyDP+turn,0,0
8,2,0.2,500,GreedyDP+turn,0,0
8,2,0.2,100,GreedyDP+turn,1,0
5,2,0.8,1000,GreedyDP+turn,5,3
5,2,0.8,500,GreedyDP+turn,10,1
5,2,0.8,100,GreedyDP+turn,0,2
5,2,0.8,1000,GreedyDP+turn,0,0
5,2,0.8,500,GreedyDP+turn,4,0
5,2,0.8,100,GreedyDP+turn,11,1
5,2,0.6,1000,GreedyDP+turn,0,0
5,2,0.6,500,GreedyDP+turn,4,0
5,2,0.6,100,GreedyDP+turn,2,1
5,2,0.6,1000,GreedyDP+turn,0,0
5,2,0.6,500,GreedyDP+turn,0,0
5,2,0.6,100,GreedyDP+turn,1,2
5,2,0.4,1000,GreedyDP+turn,0,0
5,2,0.4,500,GreedyDP+turn,7,1
5,2,0.4,100,GreedyDP+turn,7,2
5,2,0.4,1000,GreedyDP+turn,0,0
5,2,0.4,500,GreedyDP+turn,0,0
5,2,0.4,100,GreedyDP+turn,2,2
5,2,0.2,1000,GreedyDP+turn,0,2
5,2,0.2,500,GreedyDP+turn,0,0
5,2,0.2,100,GreedyDP+turn,2,1
5,2,0.2,1000,GreedyDP+turn,0,0
5,2,0.2,500,GreedyDP+turn,0,0
5,2,0.2,100,GreedyDP+turn,1,2
20,10,0.8,1000,GreedyDP+turn,187,11
20,10,0.8,500,GreedyDP+turn,185,11
20,10,0.8,100,GreedyDP+turn,194,11
20,2,0.8,1000,GreedyDP+turn,188,16
20,2,0.8,500,GreedyDP+turn,200,14
20,2,0.8,100,GreedyDP+turn,207,14
20,10,0.6,1000,GreedyDP+turn,149,9
20,10,0.6,500,GreedyDP+turn,145,12
20,10,0.6,100,GreedyDP+turn,169,12
20,2,0.6,1000,GreedyDP+turn,163,14
20,2,0.6,500,GreedyDP+turn,165,14
20,2,0.6,100,GreedyDP+turn,115,13
20,10,0.4,1000,GreedyDP+turn,54,10
20,10,0.4,500,GreedyDP+turn,102,9
20,10,0.4,100,GreedyDP+turn,56,12
20,2,0.4,1000,GreedyDP+turn,87,12
20,2,0.4,500,GreedyDP+turn,90,14
20,2,0.4,100,GreedyDP+turn,95,15
20,10,0.2,1000,GreedyDP+turn,18,8
20,10,0.2,500,GreedyDP+turn,49,12
20,10,0.2,100,GreedyDP+turn,65,10
20,2,0.2,1000,GreedyDP+turn,30,8
20,2,0.2,500,GreedyDP+turn,41,8
20,2,0.2,100,GreedyDP+turn,41,8
8,4,0.8,1000,GreedyDP+turn,27,4
8,4,0.8,500,GreedyDP+turn,35,2
8,4,0.8,100,GreedyDP+turn,28,2
8,2,0.8,1000,GreedyDP+turn,27,4
8,2,0.8,500,GreedyDP+turn,24,5
8,2,0.8,100,GreedyDP+turn,28,5
8,4,0.6,1000,GreedyDP+turn,25,4
8,4,0.6,500,GreedyDP+turn,16,2
8,4,0.6,100,GreedyDP+turn,24,3
8,2,0.6,1000,GreedyDP+turn,0,0
8,2,0.6,500,GreedyDP+turn,3,2
8,2,0.6,100,GreedyDP+turn,16,4
8,4,0.4,1000,GreedyDP+turn,6,3
8,4,0.4,500,GreedyDP+turn,16,3
8,4,0.4,100,GreedyDP+turn,11,2
8,2,0.4,1000,GreedyDP+turn,22,4
8,2,0.4,500,GreedyDP+turn,7,4
8,2,0.4,100,GreedyDP+turn,17,3
8,4,0.2,1000,GreedyDP+turn,4,2
8,4,0.2,500,GreedyDP+turn,6,2
8,4,0.2,100,GreedyDP+turn,1,2
8,2,0.2,1000,GreedyDP+turn,0,0
8,2,0.2,500,GreedyDP+turn,0,0
8,2,0.2,100,GreedyDP+turn,2,0
5,2,0.8,1000,GreedyDP+turn,13,1
5,2,0.8,500,GreedyDP+turn,10,2
5,2,0.8,100,GreedyDP+turn,12,1
5,2,0.8,1000,GreedyDP+turn,0,0
5,2,0.8,500,GreedyDP+turn,0,0
5,2,0.8,100,GreedyDP+turn,5,2
5,2,0.6,1000,GreedyDP+turn,8,3
5,2,0.6,500,GreedyDP+turn,1,1
5,2,0.6,100,GreedyDP+turn,4,2
5,2,0.6,1000,GreedyDP+turn,2,1
5,2,0.6,500,GreedyDP+turn,0,0
5,2,0.6,100,GreedyDP+turn,2,0
5,2,0.4,1000,GreedyDP+turn,6,2
5,2,0.4,500,GreedyDP+turn,4,2
5,2,0.4,100,GreedyDP+turn,4,2
5,2,0.4,1000,GreedyDP+turn,0,0
5,2,0.4,500,GreedyDP+turn,0,0
5,2,0.4,100,GreedyDP+turn,1,0
5,2,0.2,1000,GreedyDP+turn,0,0
5,2,0.2,500,GreedyDP+turn,0,0
5,2,0.2,100,GreedyDP+turn,2,0
5,2,0.2,1000,GreedyDP+turn,0,0
5,2,0.2,500,GreedyDP+turn,0,2
5,2,0.2,100,GreedyDP+turn,1,2
20,10,0.8,1000,GreedyDP+turn,189,12
20,10,0.8,500,GreedyDP+turn,121,12
20,10,0.8,100,GreedyDP+turn,185,10
20,2,0.8,1000,GreedyDP+turn,163,16
20,2,0.8,500,GreedyDP+turn,171,14
20,2,0.8,100,GreedyDP+turn,158,14
20,10,0.6,1000,GreedyDP+turn,151,10
20,10,0.6,500,GreedyDP+turn,127,9
20,10,0.6,100,GreedyDP+turn,120,12
20,2,0.6,1000,GreedyDP+turn,165,14
20,2,0.6,500,GreedyDP+turn,152,13
20,2,0.6,100,GreedyDP+turn,170,13
20,10,0.4,1000,GreedyDP+turn,142,10
20,10,0.4,500,GreedyDP+turn,121,12
20,10,0.4,100,GreedyDP+turn,71,14
20,2,0.4,1000,GreedyDP+turn,99,15
20,2,0.4,500,GreedyDP+turn,82,14
20,2,0.4,100,GreedyDP+turn,71,13
20,10,0.2,1000,GreedyDP+turn,17,9
20,10,0.2,500,GreedyDP+turn,43,13
20,10,0.2,100,GreedyDP+turn,46,13
20,2,0.2,1000,GreedyDP+turn,12,5
20,2,0.2,500,GreedyDP+turn,26,13
20,2,0.2,100,GreedyDP+turn,36,10
8,4,0.8,1000,GreedyDP+turn,15,2
8,4,0.8,500,GreedyDP+turn,24,4
8,4,0.8,100,GreedyDP+turn,26,2
8,2,0.8,1000,GreedyDP+turn,19,4
8,2,0.8,500,GreedyDP+turn,32,4
8,2,0.8,100,GreedyDP+turn,25,5
8,4,0.6,1000,GreedyDP+turn,23,3
8,4,0.6,500,GreedyDP+turn,16,4
8,4,0.6,100,GreedyDP+turn,15,3
8,2,0.6,1000,GreedyDP+turn,8,2
8,2,0.6,500,GreedyDP+turn,20,5
8,2,0.6,100,GreedyDP+turn,11,3
8,4,0.4,1000,GreedyDP+turn,0,1
8,4,0.4,500,GreedyDP+turn,5,1
8,4,0.4,100,GreedyDP+turn,8,2
8,2,0.4,1000,GreedyDP+turn,0,0
8,2,0.4,500,GreedyDP+turn,0,0
8,2,0.4,100,GreedyDP+turn,5,3
8,4,0.2,1000,GreedyDP+turn,0,0
8,4,0.2,500,GreedyDP+turn,3,2
8,4,0.2,100,GreedyDP+turn,7,3
8,2,0.2,1000,GreedyDP+turn,0,0
8,2,0.2,500,GreedyDP+turn,0,3
8,2,0.2,100,GreedyDP+turn,5,0
5,2,0.8,1000,GreedyDP+turn,0,0
5,2,0.8,500,GreedyDP+turn,8,2
5,2,0.8,100,GreedyDP+turn,9,2
5,2,0.8,1000,GreedyDP+turn,4,2
5,2,0.8,500,GreedyDP+turn,0,0
5,2,0.8,100,GreedyDP+turn,0,0
5,2,0.6,1000,GreedyDP+turn,0,0
5,2,0.6,500,GreedyDP+turn,0,0
5,2,0.6,100,GreedyDP+turn,1,1
5,2,0.6,1000,GreedyDP+turn,0,0
5,2,0.6,500,GreedyDP+turn,4,2
5,2,0.6,100,GreedyDP+turn,4,1
5,2,0.4,1000,GreedyDP+turn,0,1
5,2,0.4,500,GreedyDP+turn,0,2
5,2,0.4,100,GreedyDP+turn,6,2
5,2,0.4,1000,GreedyDP+turn,0,0
5,2,0.4,500,GreedyDP+turn,0,0
5,2,0.4,100,GreedyDP+turn,4,1
5,2,0.2,1000,GreedyDP+turn,0,0
5,2,0.2,500,GreedyDP+turn,1,0
5,2,0.2,100,GreedyDP+turn,1,2
5,2,0.2,1000,GreedyDP+turn,0,0
5,2,0.2,500,GreedyDP+turn,1,0
5,2,0.2,100,GreedyDP+turn,2,2
20,10,0.8,1000,GreedyDP+turn,197,11
20,10,0.8,500,GreedyDP+turn,193,11
20,10,0.8,100,GreedyDP+turn,157,10
20,2,0.8,1000,GreedyDP+turn,157,12
20,2,0.8,500,GreedyDP+turn,184,16
20,2,0.8,100,GreedyDP+turn,177,14
20,10,0.6,1000,GreedyDP+turn,130,10
20,10,0.6,500,GreedyDP+turn,150,11
20,10,0.6,100,GreedyDP+turn,162,11
20,2,0.6,1000,GreedyDP+turn,149,14
20,2,0.6,500,GreedyDP+turn,157,15
20,2,0.6,100,GreedyDP+turn,156,13
20,10,0.4,1000,GreedyDP+turn,112,12
20,10,0.4,500,GreedyDP+turn,97,11
20,10,0.4,100,GreedyDP+turn,68,11
20,2,0.4,1000,GreedyDP+turn,114,14
20,2,0.4,500,GreedyDP+turn,135,15
20,2,0.4,100,GreedyDP+turn,103,12
20,10,0.2,1000,GreedyDP+turn,33,10
20,10,0.2,500,GreedyDP+turn,33,9
20,10,0.2,100,GreedyDP+turn,38,13
20,2,0.2,1000,GreedyDP+turn,43,12
20,2,0.2,500,GreedyDP+turn,16,6
20,2,0.2,100,GreedyDP+turn,43,11
8,4,0.8,1000,GreedyDP+turn,29,4
8,4,0.8,500,GreedyDP+turn,29,3
8,4,0.8,100,GreedyDP+turn,31,3
8,2,0.8,1000,GreedyDP+turn,12,3
8,2,0.8,500,GreedyDP+turn,29,5
8,2,0.8,100,GreedyDP+turn,15,3
8,4,0.6,1000,GreedyDP+turn,8,3
8,4,0.6,500,GreedyDP+turn,6,4
8,4,0.6,100,GreedyDP+turn,10,2
8,2,0.6,1000,GreedyDP+turn,21,4
8,2,0.6,500,GreedyDP+turn,15,3
8,2,0.6,100,GreedyDP+turn,12,3
8,4,0.4,1000,GreedyDP+turn,2,0
8,4,0.4,500,GreedyDP+turn,18,3
8,4,0.4,100,GreedyDP+turn,15,2
8,2,0.4,1000,GreedyDP+turn,0,0
8,2,0.4,500,GreedyDP+turn,4,1
8,2,0.4,100,GreedyDP+turn,10,2
8,4,0.2,1000,GreedyDP+turn,0,2
8,4,0.2,500,GreedyDP+turn,2,2
8,4,0.2,100,GreedyDP+turn,3,2
8,2,0.2,1000,GreedyDP+turn,5,2
8,2,0.2,500,GreedyDP+turn,0,0
8,2,0.2,100,GreedyDP+turn,3,2
5,2,0.8,1000,GreedyDP+turn,8,2
5,2,0.8,500,GreedyDP+turn,0,1
5,2,0.8,100,GreedyDP+turn,5,2
5,2,0.8,1000,GreedyDP+turn,0,0
5,2,0.8,500,GreedyDP+turn,0,0
5,2,0.8,100,GreedyDP+turn,0,0
5,2,0.6,1000,GreedyDP+turn,2,0
5,2,0.6,500,GreedyDP+turn,4,2
5,2,0.6,100,GreedyDP+turn,5,0
5,2,0.6,1000,GreedyDP+turn,0,0
5,2,0.6,500,GreedyDP+turn,0,0
5,2,0.6,100,GreedyDP+turn,5,2
5,2,0.4,1000,GreedyDP+turn,3,2
5,2,0.4,500,GreedyDP+turn,2,2
5,2,0.4,100,GreedyDP+turn,5,2
5,2,0.4,1000,GreedyDP+turn,0,0
5,2,0.4,500,GreedyDP+turn,3,0
5,2,0.4,100,GreedyDP+turn,0,0
5,2,0.2,1000,GreedyDP+turn,0,0
5,2,0.2,500,GreedyDP+turn,2,1
5,2,0.2,100,GreedyDP+turn,1,0
5,2,0.2,1000,GreedyDP+turn,0,0
5,2,0.2,500,GreedyDP+turn,2,2
5,2,0.2,100,GreedyDP+turn,2,2
20,10,0.8,1000,GreedyDP+turn,171,10
20,10,0.8,500,GreedyDP+turn,156,11
20,10,0.8,100,GreedyDP+turn,152,10
20,2,0.8,1000,GreedyDP+turn,160,15
20,2,0.8,500,GreedyDP+turn,196,15
20,2,0.8,100,GreedyDP+turn,153,13
20,10,0.6,1000,GreedyDP+turn,176,10
20,10,0.6,500,GreedyDP+turn,177,9
20,10,0.6,100,GreedyDP+turn,119,12
20,2,0.6,1000,GreedyDP+turn,164,16
20,2,0.6,500,GreedyDP+turn,170,15
20,2,0.6,100,GreedyDP+turn,160,13
20,10,0.4,1000,GreedyDP+turn,128,10
20,10,0.4,500,GreedyDP+turn,112,13
20,10,0.4,100,GreedyDP+turn,113,12
20,2,0.4,1000,GreedyDP+turn,31,8
20,2,0.4,500,GreedyDP+turn,81,13
20,2,0.4,100,GreedyDP+turn,81,11
20,10,0.2,1000,GreedyDP+turn,30,9
20,10,0.2,500,GreedyDP+turn,30,10
20,10,0.2,100,GreedyDP+turn,46,11
20,2,0.2,1000,GreedyDP+turn,2,4
20,2,0.2,500,GreedyDP+turn,3,7
20,2,0.2,100,GreedyDP+turn,24,10
8,4,0.8,1000,GreedyDP+turn,23,4
8,4,0.8,500,GreedyDP+turn,25,4
8,4,0.8,100,GreedyDP+turn,37,4
8,2,0.8,1000,GreedyDP+turn,28,4
8,2,0.8,500,GreedyDP+turn,12,4
8,2,0.8,100,GreedyDP+turn,22,4
8,4,0.6,1000,GreedyDP+turn,6,2
8,4,0.6,500,GreedyDP+turn,6,3
8,4,0.6,100,GreedyDP+turn,20,2
8,2,0.6,1000,GreedyDP+turn,22,4
8,2,0.6,500,GreedyDP+turn,12,5
8,2,0.6,100,GreedyDP+turn,16,3
8,4,0.4,1000,GreedyDP+turn,6,2
8,4,0.4,500,GreedyDP+turn,0,0
8,4,0.4,100,GreedyDP+turn,9,2
8,2,0.4,1000,GreedyDP+turn,9,3
8,2,0.4,500,GreedyDP+turn,4,4
8,2,0.4,100,GreedyDP+turn,16,2
8,4,0.2,1000,GreedyDP+turn,0,0
8,4,0.2,500,GreedyDP+turn,0,0
8,4,0.2,100,GreedyDP+turn,2,0
8,2,0.2,1000,GreedyDP+turn,0,0
8,2,0.2,500,GreedyDP+turn,3,0
8,2,0.2,100,GreedyDP+turn,0,1
5,2,0.8,1000,GreedyDP+turn,13,3
5,2,0.8,500,GreedyDP+turn,10,1
5,2,0.8,100,GreedyDP+turn,10,1
5,2,0.8,1000,GreedyDP+turn,2,1
5,2,0.8,500,GreedyDP+turn,2,1
5,2,0.8,100,GreedyDP+turn,8,2
5,2,0.6,1000,GreedyDP+turn,0,0
5,2,0.6,500,GreedyDP+turn,0,0
5,2,0.6,100,GreedyDP+turn,9,2
5,2,0.6,1000,GreedyDP+turn,0,0
5,2,0.6,500,GreedyDP+turn,0,0
5,2,0.6,100,GreedyDP+turn,7,2
5,2,0.4,1000,GreedyDP+turn,0,0
5,2,0.4,500,GreedyDP+turn,0,0
5,2,0.4,100,GreedyDP+turn,1,2
5,2,0.4,1000,GreedyDP+turn,0,0
5,2,0.4,500,GreedyDP+turn,0,0
5,2,0.4,100,GreedyDP+turn,0,2
5,2,0.2,1000,GreedyDP+turn,0,0
5,2,0.2,500,GreedyDP+turn,0,1
5,2,0.2,100,GreedyDP+turn,0,1
5,2,0.2,1000,GreedyDP+turn,0,0
5,2,0.2,500,GreedyDP+turn,1,2
5,2,0.2,100,GreedyDP+turn,2,2
20,10,0.8,1000,GreedyDP+turn,160,10
20,10,0.8,500,GreedyDP+turn,199,11
20,10,0.8,100,GreedyDP+turn,172,11
20,2,0.8,1000,GreedyDP+turn,168,16
20,2,0.8,500,GreedyDP+turn,187,15
20,2,0.8,100,GreedyDP+turn,174,15
20,10,0.6,1000,GreedyDP+turn,145,10
20,10,0.6,500,GreedyDP+turn,137,9
20,10,0.6,100,GreedyDP+turn,137,10
20,2,0.6,1000,GreedyDP+turn,145,15
20,2,0.6,500,GreedyDP+turn,131,13
20,2,0.6,100,GreedyDP+turn,145,14
20,10,0.4,1000,GreedyDP+turn,121,10
20,10,0.4,500,GreedyDP+turn,97,10
20,10,0.4,100,GreedyDP+turn,105,14
20,2,0.4,1000,GreedyDP+turn,136,15
20,2,0.4,500,GreedyDP+turn,104,14
20,2,0.4,100,GreedyDP+turn,121,11
20,10,0.2,1000,GreedyDP+turn,40,11
20,10,0.2,500,GreedyDP+turn,48,9
20,10,0.2,100,GreedyDP+turn,40,12
20,2,0.2,1000,GreedyDP+turn,46,10
20,2,0.2,500,GreedyDP+turn,40,7
20,2,0.2,100,GreedyDP+turn,58,14
8,4,0.8,1000,GreedyDP+turn,35,4
8,4,0.8,500,GreedyDP+turn,40,4
8,4,0.8,100,GreedyDP+turn,33,3
8,2,0.8,1000,GreedyDP+turn,34,5
8,2,0.8,500,GreedyDP+turn,29,4
8,2,0.8,100,GreedyDP+turn,19,5
8,4,0.6,1000,GreedyDP+turn,11,3
8,4,0.6,500,GreedyDP+turn,28,1
8,4,0.6,100,GreedyDP+turn,21,2
8,2,0.6,1000,GreedyDP+turn,8,3
8,2,0.6,500,GreedyDP+turn,16,4
8,2,0.6,100,GreedyDP+turn,18,4
8,4,0.4,1000,GreedyDP+turn,6,1
8,4,0.4,500,GreedyDP+turn,0,0
8,4,0.4,100,GreedyDP+turn,17,3
8,2,0.4,1000,GreedyDP+turn,3,0
8,2,0.4,500,GreedyDP+turn,5,2
8,2,0.4,100,GreedyDP+turn,1,0
8,4,0.2,1000,GreedyDP+turn,3,2
8,4,0.2,500,GreedyDP+turn,0,3
8,4,0.2,100,GreedyDP+turn,0,3
8,2,0.2,1000,GreedyDP+turn,0,0
8,2,0.2,500,GreedyDP+turn,0,0
8,2,0.2,100,GreedyDP+turn,4,2
5,2,0.8,1000,GreedyDP+turn,6,3
5,2,0.8,500,GreedyDP+turn,6,1
5,2,0.8,100,GreedyDP+turn,6,1
5,2,0.8,1000,GreedyDP+turn,0,0
5,2,0.8,500,GreedyDP+turn,0,0
5,2,0.8,100,GreedyDP+turn,3,2
5,2,0.6,1000,GreedyDP+turn,3,0
5,2,0.6,500,GreedyDP+turn,7,1
5,2,0.6,100,GreedyDP+turn,4,1
5,2,0.6,1000,GreedyDP+turn,0,0
5,2,0.6,500,GreedyDP+turn,10,2
5,2,0.6,100,GreedyDP+turn,4,2
5,2,0.4,1000,GreedyDP+turn,0,0
5,2,0.4,500,GreedyDP+turn,0,0
5,2,0.4,100,GreedyDP+turn,5,0
5,2,0.4,1000,GreedyDP+turn,0,2
5,2,0.4,500,GreedyDP+turn,0,2
5,2,0.4,100,GreedyDP+turn,3,2
5,2,0.2,1000,GreedyDP+turn,0,0
5,2,0.2,500,GreedyDP+turn,1,0
5,2,0.2,100,GreedyDP+turn,1,0
5,2,0.2,1000,GreedyDP+turn,2,0
5,2,0.2,500,GreedyDP+turn,2,0
5,2,0.2,100,GreedyDP+turn,2,0
20,10,0.8,1000,GreedyDP+turn,184,11
20,10,0.8,500,GreedyDP+turn,169,11
20,10,0.8,100,GreedyDP+turn,196,12
20,2,0.8,1000,GreedyDP+turn,169,14
20,2,0.8,500,GreedyDP+turn,206,16
20,2,0.8,100,GreedyDP+turn,172,13
20,10,0.6,1000,GreedyDP+turn,168,10
20,10,0.6,500,GreedyDP+turn,154,11
20,10,0.6,100,GreedyDP+turn,166,11
20,2,0.6,1000,GreedyDP+turn,168,15
20,2,0.6,500,GreedyDP+turn,190,14
20,2,0.6,100,GreedyDP+turn,147,16
20,10,0.4,1000,GreedyDP+turn,109,10
20,10,0.4,500,GreedyDP+turn,84,8
20,10,0.4,100,GreedyDP+turn,78,12
20,2,0.4,1000,GreedyDP+turn,122,12
20,2,0.4,500,GreedyDP+turn,112,14
20,2,0.4,100,GreedyDP+turn,60,10
20,10,0.2,1000,GreedyDP+turn,59,9
20,10,0.2,500,GreedyDP+turn,47,10
20,10,0.2,100,GreedyDP+turn,40,10
20,2,0.2,1000,GreedyDP+turn,25,8
20,2,0.2,500,GreedyDP+turn,7,7
20,2,0.2,100,GreedyDP+turn,19,4
8,4,0.8,1000,GreedyDP+turn,4,1
8,4,0.8,500,GreedyDP+turn,24,4
8,4,0.8,100,GreedyDP+turn,28,4
8,2,0.8,1000,GreedyDP+turn,30,6
8,2,0.8,500,GreedyDP+turn,21,4
8,2,0.8,100,GreedyDP+turn,13,3
8,4,0.6,1000,GreedyDP+turn,0,3
8,4,0.6,500,GreedyDP+turn,8,2
8,4,0.6,100,GreedyDP+turn,28,4
8,2,0.6,1000,GreedyDP+turn,4,2
8,2,0.6,500,GreedyDP+turn,7,3
8,2,0.6,100,GreedyDP+turn,10,3
8,4,0.4,1000,GreedyDP+turn,5,0
8,4,0.4,500,GreedyDP+turn,19,5
8,4,0.4,100,GreedyDP+turn,18,4
8,2,0.4,1000,GreedyDP+turn,10,3
8,2,0.4,500,GreedyDP+turn,10,4
8,2,0.4,100,GreedyDP+turn,12,3
8,4,0.2,1000,GreedyDP+turn,1,1
8,4,0.2,500,GreedyDP+turn,4,3
8,4,0.2,100,GreedyDP+turn,5,2
8,2,0.2,1000,GreedyDP+turn,0,0
8,2,0.2,500,GreedyDP+turn,1,0
8,2,0.2,100,GreedyDP+turn,2,1
5,2,0.8,1000,GreedyDP+turn,4,2
5,2,0.8,500,GreedyDP+turn,8,0
5,2,0.8,100,GreedyDP+turn,7,0
5,2,0.8,1000,GreedyDP+turn,9,2
5,2,0.8,500,GreedyDP+turn,0,0
5,2,0.8,100,GreedyDP+turn,10,2
5,2,0.6,1000,GreedyDP+turn,6,2
5,2,0.6,500,GreedyDP+turn,9,1
5,2,0.6,100,GreedyDP+turn,3,2
5,2,0.6,1000,GreedyDP+turn,0,2
5,2,0.6,500,GreedyDP+turn,0,1
5,2,0.6,100,GreedyDP+turn,2,2
5,2,0.4,1000,GreedyDP+turn,0,0
5,2,0.4,500,GreedyDP+turn,0,0
5,2,0.4,100,GreedyDP+turn,1,0
5,2,0.4,1000,GreedyDP+turn,2,0
5,2,0.4,500,GreedyDP+turn,0,0
5,2,0.4,100,GreedyDP+turn,3,1
5,2,0.2,1000,GreedyDP+turn,0,2
5,2,0.2,500,GreedyDP+turn,0,2
5,2,0.2,100,GreedyDP+turn,3,2
5,2,0.2,1000,GreedyDP+turn,0,0
5,2,0.2,500,GreedyDP+turn,1,0
5,2,0.2,100,GreedyDP+turn,5,2
20,10,0.8,1000,GreedyDP+turn,134,11
20,10,0.8,500,GreedyDP+turn,161,9
20,10,0.8,100,GreedyDP+turn,164,10
20,2,0.8,1000,GreedyDP+turn,142,15
20,2,0.8,500,GreedyDP+turn,183,16
20,2,0.8,100,GreedyDP+turn,161,13
20,10,0.6,1000,GreedyDP+turn,195,10
20,10,0.6,500,GreedyDP+turn,150,9
20,10,0.6,100,GreedyDP+turn,137,10
20,2,0.6,1000,GreedyDP+turn,162,17
20,2,0.6,500,GreedyDP+turn,155,15
20,2,0.6,100,GreedyDP+turn,153,12
20,10,0.4,1000,GreedyDP+turn,149,9
20,10,0.4,500,GreedyDP+turn,119,9
20,10,0.4,100,GreedyDP+turn,135,9
20,2,0.4,1000,GreedyDP+turn,114,14
20,2,0.4,500,GreedyDP+turn,90,14
20,2,0.4,100,GreedyDP+turn,110,11
20,10,0.2,1000,GreedyDP+turn,57,9
20,10,0.2,500,GreedyDP+turn,45,9
20,10,0.2,100,GreedyDP+turn,42,12
20,2,0.2,1000,GreedyDP+turn,58,15
20,2,0.2,500,GreedyDP+turn,33,10
20,2,0.2,100,GreedyDP+turn,29,8
8,4,0.8,1000,GreedyDP+turn,11,2
8,4,0.8,500,GreedyDP+turn,12,2
8,4,0.8,100,GreedyDP+turn,19,2
8,2,0.8,1000,GreedyDP+turn,21,3
8,2,0.8,500,GreedyDP+turn,17,5
8,2,0.8,100,GreedyDP+turn,29,4
8,4,0.6,1000,GreedyDP+turn,11,3
8,4,0.6,500,GreedyDP+turn,13,3
8,4,0.6,100,GreedyDP+turn,8,4
8,2,0.6,1000,GreedyDP+turn,0,3
8,2,0.6,500,GreedyDP+turn,0,3
8,2,0.6,100,GreedyDP+turn,17,2
8,4,0.4,1000,GreedyDP+turn,15,3
8,4,0.4,500,GreedyDP+turn,17,4
8,4,0.4,100,GreedyDP+turn,9,3
8,2,0.4,1000,GreedyDP+turn,0,0
8,2,0.4,500,GreedyDP+turn,0,1
8,2,0.4,100,GreedyDP+turn,0,0
8,4,0.2,1000,GreedyDP+turn,2,4
8,4,0.2,500,GreedyDP+turn,3,5
8,4,0.2,100,GreedyDP+turn,1,5
8,2,0.2,1000,GreedyDP+turn,0,3
8,2,0.2,500,GreedyDP+turn,0,3
8,2,0.2,100,GreedyDP+turn,1,3
5,2,0.8,1000,GreedyDP+turn,1,0
5,2,0.8,500,GreedyDP+turn,0,0
5,2,0.8,100,GreedyDP+turn,6,2
5,2,0.8,1000,GreedyDP+turn,0,0
5,2,0.8,500,GreedyDP+turn,4,1
5,2,0.8,100,GreedyDP+turn,4,1
5,2,0.6,1000,GreedyDP+turn,0,0
5,2,0.6,500,GreedyDP+turn,0,0
5,2,0.6,100,GreedyDP+turn,0,0
5,2,0.6,1000,GreedyDP+turn,0,0
5,2,0.6,500,GreedyDP+turn,6,0
5,2,0.6,100,GreedyDP+turn,0,0
5,2,0.4,1000,GreedyDP+turn,0,0
5,2,0.4,500,GreedyDP+turn,2,0
5,2,0.4,100,GreedyDP+turn,0,0
5,2,0.4,1000,GreedyDP+turn,2,0
5,2,0.4,500,GreedyDP+turn,0,0
5,2,0.4,100,GreedyDP+turn,1,0
5,2,0.2,1000,GreedyDP+turn,0,0
5,2,0.2,500,GreedyDP+turn,0,0
5,2,0.2,100,GreedyDP+turn,1,0
5,2,0.2,1000,GreedyDP+turn,0,0
5,2,0.2,500,GreedyDP+turn,0,0
5,2,0.2,100,GreedyDP+turn,0,2
20,10,0.8,1000,GreedyDP+turn,158,10
20,10,0.8,500,GreedyDP+turn,229,8
20,10,0.8,100,GreedyDP+turn,187,11
20,2,0.8,1000,GreedyDP+turn,164,16
20,2,0.8,500,GreedyDP+turn,171,14
20,2,0.8,100,GreedyDP+turn,186,14
20,10,0.6,1000,GreedyDP+turn,134,10
20,10,0.6,500,GreedyDP+turn,144,11
20,10,0.6,100,GreedyDP+turn,118,12
20,2,0.6,1000,GreedyDP+turn,154,14
20,2,0.6,500,GreedyDP+turn,141,15
20,2,0.6,100,GreedyDP+turn,102,11
20,10,0.4,1000,GreedyDP+turn,142,11
20,10,0.4,500,GreedyDP+turn,135,11
20,10,0.4,100,GreedyDP+turn,77,12
20,2,0.4,1000,GreedyDP+turn,119,15
20,2,0.4,500,GreedyDP+turn,81,11
20,2,0.4,100,GreedyDP+turn,89,14
20,10,0.2,1000,GreedyDP+turn,15,7
20,10,0.2,500,GreedyDP+turn,34,11
20,10,0.2,100,GreedyDP+turn,44,10
20,2,0.2,1000,GreedyDP+turn,22,5
20,2,0.2,500,GreedyDP+turn,24,6
20,2,0.2,100,GreedyDP+turn,31,6
8,4,0.8,1000,GreedyDP+turn,28,2
8,4,0.8,500,GreedyDP+turn,17,4
8,4,0.8,100,GreedyDP+turn,25,4
8,2,0.8,1000,GreedyDP+turn,24,4
8,2,0.8,500,GreedyDP+turn,23,3
8,2,0.8,100,GreedyDP+turn,21,2
8,4,0.6,1000,GreedyDP+turn,12,4
8,4,0.6,500,GreedyDP+turn,16,4
8,4,0.6,100,GreedyDP+turn,6,2
8,2,0.6,1000,GreedyDP+turn,9,2
8,2,0.6,500,GreedyDP+turn,10,3
8,2,0.6,100,GreedyDP+turn,16,0
8,4,0.4,1000,GreedyDP+turn,12,2
8,4,0.4,500,GreedyDP+turn,0,2
8,4,0.4,100,GreedyDP+turn,4,4
8,2,0.4,1000,GreedyDP+turn,0,0
8,2,0.4,500,GreedyDP+turn,6,3
8,2,0.4,100,GreedyDP+turn,13,3
8,4,0.2,1000,GreedyDP+turn,2,2
8,4,0.2,500,GreedyDP+turn,0,2
8,4,0.2,100,GreedyDP+turn,2,4
8,2,0.2,1000,GreedyDP+turn,0,2
8,2,0.2,500,GreedyDP+turn,10,2
8,2,0.2,100,GreedyDP+turn,13,3
5,2,0.8,1000,GreedyDP+turn,0,0
5,2,0.8,500,GreedyDP+turn,4,1
5,2,0.8,100,GreedyDP+turn,5,2
5,2,0.8,1000,GreedyDP+turn,8,3
5,2,0.8,500,GreedyDP+turn,9,2
5,2,0.8,100,GreedyDP+turn,0,0
5,2,0.6,1000,GreedyDP+turn,0,0
5,2,0.6,500,GreedyDP+turn,0,0
5,2,0.6,100,GreedyDP+turn,3,1
5,2,0.6,1000,GreedyDP+turn,5,3
5,2,0.6,500,GreedyDP+turn,5,3
5,2,0.6,100,GreedyDP+turn,7,1
5,2,0.4,1000,GreedyDP+turn,2,2
5,2,0.4,500,GreedyDP+turn,3,2
5,2,0.4,100,GreedyDP+turn,4,1
5,2,0.4,1000,GreedyDP+turn,0,2
5,2,0.4,500,GreedyDP+turn,0,2
5,2,0.4,100,GreedyDP+turn,1,2
5,2,0.2,1000,GreedyDP+turn,0,0
5,2,0.2,500,GreedyDP+turn,0,0
5,2,0.2,100,GreedyDP+turn,0,2
5,2,0.2,1000,GreedyDP+turn,0,0
5,2,0.2,500,GreedyDP+turn,0,0
5,2,0.2,100,GreedyDP+turn,3,2
20,10,0.8,1000,GreedyDP+turn,226,12
20,10,0.8,500,GreedyDP+turn,197,13
20,10,0.8,100,GreedyDP+turn,173,10
20,2,0.8,1000,GreedyDP+turn,194,16
20,2,0.8,500,GreedyDP+turn,220,15
20,2,0.8,100,GreedyDP+turn,172,14
20,10,0.6,1000,GreedyDP+turn,139,10
20,10,0.6,500,GreedyDP+turn,150,8
20,10,0.6,100,GreedyDP+turn,147,9
20,2,0.6,1000,GreedyDP+turn,178,16
20,2,0.6,500,GreedyDP+turn,126,14
20,2,0.6,100,GreedyDP+turn,159,15
20,10,0.4,1000,GreedyDP+turn,117,9
20,10,0.4,500,GreedyDP+turn,107,10
20,10,0.4,100,GreedyDP+turn,127,12
20,2,0.4,1000,GreedyDP+turn,97,15
20,2,0.4,500,GreedyDP+turn,119,13
20,2,0.4,100,GreedyDP+turn,140,15
20,10,0.2,1000,GreedyDP+turn,15,3
20,10,0.2,500,GreedyDP+turn,19,9
20,10,0.2,100,GreedyDP+turn,36,10
20,2,0.2,1000,GreedyDP+turn,7,10
20,2,0.2,500,GreedyDP+turn,2,0
20,2,0.2,100,GreedyDP+turn,28,11
8,4,0.8,1000,GreedyDP+turn,20,4
8,4,0.8,500,GreedyDP+turn,14,4
8,4,0.8,100,GreedyDP+turn,30,3
8,2,0.8,1000,GreedyDP+turn,2,1
8,2,0.8,500,GreedyDP+turn,30,4
8,2,0.8,100,GreedyDP+turn,20,4
8,4,0.6,1000,GreedyDP+turn,9,2
8,4,0.6,500,GreedyDP+turn,25,4
8,4,0.6,100,GreedyDP+turn,7,3
8,2,0.6,1000,GreedyDP+turn,11,3
8,2,0.6,500,GreedyDP+turn,13,5
8,2,0.6,100,GreedyDP+turn,9,2
8,4,0.4,1000,GreedyDP+turn,16,4
8,4,0.4,500,GreedyDP+turn,0,2
8,4,0.4,100,GreedyDP+turn,13,3
8,2,0.4,1000,GreedyDP+turn,12,3
8,2,0.4,500,GreedyDP+turn,5,0
8,2,0.4,100,GreedyDP+turn,7,4
8,4,0.2,1000,GreedyDP+turn,0,0
8,4,0.2,500,GreedyDP+turn,2,1
8,4,0.2,100,GreedyDP+turn,5,2
8,2,0.2,1000,GreedyDP+turn,1,0
8,2,0.2,500,GreedyDP+turn,2,0
8,2,0.2,100,GreedyDP+turn,5,0
5,2,0.8,1000,GreedyDP+turn,10,2
5,2,0.8,500,GreedyDP+turn,5,3
5,2,0.8,100,GreedyDP+turn,10,2
5,2,0.8,1000,GreedyDP+turn,11,3
5,2,0.8,500,GreedyDP+turn,13,3
5,2,0.8,100,GreedyDP+turn,5,1
5,2,0.6,1000,GreedyDP+turn,4,1
5,2,0.6,500,GreedyDP+turn,0,0
5,2,0.6,100,GreedyDP+turn,0,1
5,2,0.6,1000,GreedyDP+turn,4,0
5,2,0.6,500,GreedyDP+turn,5,0
5,2,0.6,100,GreedyDP+turn,3,0
5,2,0.4,1000,GreedyDP+turn,0,0
5,2,0.4,500,GreedyDP+turn,2,1
5,2,0.4,100,GreedyDP+turn,3,1
5,2,0.4,1000,GreedyDP+turn,0,0
5,2,0.4,500,GreedyDP+turn,0,1
5,2,0.4,100,GreedyDP+turn,6,0
5,2,0.2,1000,GreedyDP+turn,0,0
5,2,0.2,500,GreedyDP+turn,0,0
5,2,0.2,100,GreedyDP+turn,2,0
5,2,0.2,1000,GreedyDP+turn,2,2
5,2,0.2,500,GreedyDP+turn,1,0
5,2,0.2,100,GreedyDP+turn,0,0
20,10,0.8,1000,GreedyDP+turn,169,11
20,10,0.8,500,GreedyDP+turn,144,10
20,10,0.8,100,GreedyDP+turn,153,9
20,2,0.8,1000,GreedyDP+turn,155,15
20,2,0.8,500,GreedyDP+turn,198,16
20,2,0.8,100,GreedyDP+turn,167,15
20,10,0.6,1000,GreedyDP+turn,164,12
20,10,0.6,500,GreedyDP+turn,126,10
20,10,0.6,100,GreedyDP+turn,148,11
20,2,0.6,1000,GreedyDP+turn,143,14
20,2,0.6,500,GreedyDP+turn,115,15
20,2,0.6,100,GreedyDP+turn,133,14
20,10,0.4,1000,GreedyDP+turn,108,11
20,10,0.4,500,GreedyDP+turn,141,10
20,10,0.4,100,GreedyDP+turn,100,13
20,2,0.4,1000,GreedyDP+turn,80,15
20,2,0.4,500,GreedyDP+turn,88,13
20,2,0.4,100,GreedyDP+turn,73,13
20,10,0.2,1000,GreedyDP+turn,7,6
20,10,0.2,500,GreedyDP+turn,28,8
20,10,0.2,100,GreedyDP+turn,38,11
20,2,0.2,1000,GreedyDP+turn,46,14
20,2,0.2,500,GreedyDP+turn,75,13
20,2,0.2,100,GreedyDP+turn,46,10
8,4,0.8,1000,GreedyDP+turn,11,3
8,4,0.8,500,GreedyDP+turn,25,4
8,4,0.8,100,GreedyDP+turn,25,4
8,2,0.8,1000,GreedyDP+turn,2,3
8,2,0.8,500,GreedyDP+turn,25,5
8,2,0.8,100,GreedyDP+turn,18,3
8,4,0.6,1000,GreedyDP+turn,25,1
8,4,0.6,500,GreedyDP+turn,28,4
8,4,0.6,100,GreedyDP+turn,7,0
8,2,0.6,1000,GreedyDP+turn,7,3
8,2,0.6,500,GreedyDP+turn,0,0
8,2,0.6,100,GreedyDP+turn,10,1
8,4,0.4,1000,GreedyDP+turn,9,3
8,4,0.4,500,GreedyDP+turn,1,0
8,4,0.4,100,GreedyDP+turn,8,1
8,2,0.4,1000,GreedyDP+turn,0,0
8,2,0.4,500,GreedyDP+turn,0,0
8,2,0.4,100,GreedyDP+turn,11,5
8,4,0.2,1000,GreedyDP+turn,0,1
8,4,0.2,500,GreedyDP+turn,0,1
8,4,0.2,100,GreedyDP+turn,3,1
8,2,0.2,1000,GreedyDP+turn,0,0
8,2,0.2,500,GreedyDP+turn,0,0
8,2,0.2,100,GreedyDP+turn,3,2
5,2,0.8,1000,GreedyDP+turn,0,0
5,2,0.8,500,GreedyDP+turn,0,0
5,2,0.8,100,GreedyDP+turn,4,0
5,2,0.8,1000,GreedyDP+turn,13,3
5,2,0.8,500,GreedyDP+turn,9,3
5,2,0.8,100,GreedyDP+turn,12,3
5,2,0.6,1000,GreedyDP+turn,0,2
5,2,0.6,500,GreedyDP+turn,0,2
5,2,0.6,100,GreedyDP+turn,10,2
5,2,0.6,1000,GreedyDP+turn,0,0
5,2,0.6,500,GreedyDP+turn,0,0
5,2,0.6,100,GreedyDP+turn,1,0
5,2,0.4,1000,GreedyDP+turn,0,0
5,2,0.4,500,GreedyDP+turn,0,0
5,2,0.4,100,GreedyDP+turn,1,0
5,2,0.4,1000,GreedyDP+turn,0,0
5,2,0.4,500,GreedyDP+turn,0,0
5,2,0.4,100,GreedyDP+turn,0,0
5,2,0.2,1000,GreedyDP+turn,0,0
5,2,0.2,500,GreedyDP+turn,0,0
5,2,0.2,100,GreedyDP+turn,1,1
5,2,0.2,1000,GreedyDP+turn,0,0
5,2,0.2,500,GreedyDP+turn,0,0
5,2,0.2,100,GreedyDP+turn,0,0
20,10,0.8,1000,GreedyDP+turn,178,11
20,10,0.8,500,GreedyDP+turn,194,11
20,10,0.8,100,GreedyDP+turn,177,10
20,2,0.8,1000,GreedyDP+turn,186,16
20,2,0.8,500,GreedyDP+turn,163,13
20,2,0.8,100,GreedyDP+turn,163,13
20,10,0.6,1000,GreedyDP+turn,167,10
20,10,0.6,500,GreedyDP+turn,113,11
20,10,0.6,100,GreedyDP+turn,138,11
20,2,0.6,1000,GreedyDP+turn,169,16
20,2,0.6,500,GreedyDP+turn,145,15
20,2,0.6,100,GreedyDP+turn,127,11
20,10,0.4,1000,GreedyDP+turn,93,12
20,10,0.4,500,GreedyDP+turn,74,11
20,10,0.4,100,GreedyDP+turn,85,13
20,2,0.4,1000,GreedyDP+turn,123,14
20,2,0.4,500,GreedyDP+turn,95,15
20,2,0.4,100,GreedyDP+turn,77,11
20,10,0.2,1000,GreedyDP+turn,0,11
20,10,0.2,500,GreedyDP+turn,16,10
20,10,0.2,100,GreedyDP+turn,31,13
20,2,0.2,1000,GreedyDP+turn,16,9
20,2,0.2,500,GreedyDP+turn,35,12
20,2,0.2,100,GreedyDP+turn,41,11
8,4,0.8,1000,GreedyDP+turn,23,3
8,4,0.8,500,GreedyDP+turn,19,3
8,4,0.8,100,GreedyDP+turn,28,3
8,2,0.8,1000,GreedyDP+turn,16,4
8,2,0.8,500,GreedyDP+turn,0,1
8,2,0.8,100,GreedyDP+turn,24,4
8,4,0.6,1000,GreedyDP+turn,15,3
8,4,0.6,500,GreedyDP+turn,8,3
8,4,0.6,100,GreedyDP+turn,13,3
8,2,0.6,1000,GreedyDP+turn,16,5
8,2,0.6,500,GreedyDP+turn,7,4
8,2,0.6,100,GreedyDP+turn,25,5
8,4,0.4,1000,GreedyDP+turn,9,3
8,4,0.4,500,GreedyDP+turn,9,5
8,4,0.4,100,GreedyDP+turn,16,3
8,2,0.4,1000,GreedyDP+turn,0,1
8,2,0.4,500,GreedyDP+turn,10,3
8,2,0.4,100,GreedyDP+turn,16,3
8,4,0.2,1000,GreedyDP+turn,10,3
8,4,0.2,500,GreedyDP+turn,0,1
8,4,0.2,100,GreedyDP+turn,2,1
8,2,0.2,1000,GreedyDP+turn,0,0
8,2,0.2,500,GreedyDP+turn,5,1
8,2,0.2,100,GreedyDP+turn,2,3
5,2,0.8,1000,GreedyDP+turn,0,0
5,2,0.8,500,GreedyDP+turn,10,3
5,2,0.8,100,GreedyDP+turn,2,0
5,2,0.8,1000,GreedyDP+turn,0,0
5,2,0.8,500,GreedyDP+turn,7,2
5,2,0.8,100,GreedyDP+turn,3,2
5,2,0.6,1000,GreedyDP+turn,0,0
5,2,0.6,500,GreedyDP+turn,0,0
5,2,0.6,100,GreedyDP+turn,0,1
5,2,0.6,1000,GreedyDP+turn,0,2
5,2,0.6,500,GreedyDP+turn,1,2
5,2,0.6,100,GreedyDP+turn,2,2
5,2,0.4,1000,GreedyDP+turn,0,0
5,2,0.4,500,GreedyDP+turn,0,0
5,2,0.4,100,GreedyDP+turn,0,0
5,2,0.4,1000,GreedyDP+turn,0,0
5,2,0.4,500,GreedyDP+turn,3,0
5,2,0.4,100,GreedyDP+turn,0,1
5,2,0.2,1000,GreedyDP+turn,0,0
5,2,0.2,500,GreedyDP+turn,0,0
5,2,0.2,100,GreedyDP+turn,0,1
5,2,0.2,1000,GreedyDP+turn,1,0
5,2,0.2,500,GreedyDP+turn,1,0
5,2,0.2,100,GreedyDP+turn,0,1
20,10,0.8,1000,GreedyDP+turn,140,9
20,10,0.8,500,GreedyDP+turn,197,9
20,10,0.8,100,GreedyDP+turn,167,11
20,2,0.8,1000,GreedyDP+turn,181,15
20,2,0.8,500,GreedyDP+turn,209,16
20,2,0.8,100,GreedyDP+turn,164,13
20,10,0.6,1000,GreedyDP+turn,183,8
20,10,0.6,500,GreedyDP+turn,160,10
20,10,0.6,100,GreedyDP+turn,155,11
20,2,0.6,1000,GreedyDP+turn,188,15
20,2,0.6,500,GreedyDP+turn,169,15
20,2,0.6,100,GreedyDP+turn,149,14
20,10,0.4,1000,GreedyDP+turn,117,11
20,10,0.4,500,GreedyDP+turn,100,10
20,10,0.4,100,GreedyDP+turn,97,12
20,2,0.4,1000,GreedyDP+turn,174,16
20,2,0.4,500,GreedyDP+turn,132,14
20,2,0.4,100,GreedyDP+turn,137,12
20,10,0.2,1000,GreedyDP+turn,38,8
20,10,0.2,500,GreedyDP+turn,56,11
20,10,0.2,100,GreedyDP+turn,50,11
20,2,0.2,1000,GreedyDP+turn,22,11
20,2,0.2,500,GreedyDP+turn,44,9
20,2,0.2,100,GreedyDP+turn,26,8
8,4,0.8,1000,GreedyDP+turn,21,4
8,4,0.8,500,GreedyDP+turn,0,3
8,4,0.8,100,GreedyDP+turn,32,3
8,2,0.8,1000,GreedyDP+turn,16,4
8,2,0.8,500,GreedyDP+turn,20,5
8,2,0.8,100,GreedyDP+turn,16,4
8,4,0.6,1000,GreedyDP+turn,23,4
8,4,0.6,500,GreedyDP+turn,19,4
8,4,0.6,100,GreedyDP+turn,18,2
8,2,0.6,1000,GreedyDP+turn,16,4
8,2,0.6,500,GreedyDP+turn,26,4
8,2,0.6,100,GreedyDP+turn,1,3
8,4,0.4,1000,GreedyDP+turn,2,5
8,4,0.4,500,GreedyDP+turn,5,4
8,4,0.4,100,GreedyDP+turn,10,4
8,2,0.4,1000,GreedyDP+turn,3,1
8,2,0.4,500,GreedyDP+turn,0,0
8,2,0.4,100,GreedyDP+turn,7,0
8,4,0.2,1000,GreedyDP+turn,0,2
8,4,0.2,500,GreedyDP+turn,3,3
8,4,0.2,100,GreedyDP+turn,5,4
8,2,0.2,1000,GreedyDP+turn,0,2
8,2,0.2,500,GreedyDP+turn,0,0
8,2,0.2,100,GreedyDP+turn,1,3
5,2,0.8,1000,GreedyDP+turn,7,1
5,2,0.8,500,GreedyDP+turn,4,1
5,2,0.8,100,GreedyDP+turn,6,1
5,2,0.8,1000,GreedyDP+turn,0,1
5,2,0.8,500,GreedyDP+turn,3,2
5,2,0.8,100,GreedyDP+turn,4,2
5,2,0.6,1000,GreedyDP+turn,0,0
5,2,0.6,500,GreedyDP+turn,0,1
5,2,0.6,100,GreedyDP+turn,5,1
5,2,0.6,1000,GreedyDP+turn,0,0
5,2,0.6,500,GreedyDP+turn,2,1
5,2,0.6,100,GreedyDP+turn,6,3
5,2,0.4,1000,GreedyDP+turn,0,0
5,2,0.4,500,GreedyDP+turn,0,0
5,2,0.4,100,GreedyDP+turn,1,0
5,2,0.4,1000,GreedyDP+turn,0,0
5,2,0.4,500,GreedyDP+turn,5,1
5,2,0.4,100,GreedyDP+turn,5,2
5,2,0.2,1000,GreedyDP+turn,0,0
5,2,0.2,500,GreedyDP+turn,1,0
5,2,0.2,100,GreedyDP+turn,0,0
5,2,0.2,1000,GreedyDP+turn,0,0
5,2,0.2,500,GreedyDP+turn,0,0
5,2,0.2,100,GreedyDP+turn,1,1
20,10,0.8,1000,GreedyDP+turn,155,11
20,10,0.8,500,GreedyDP+turn,149,12
20,10,0.8,100,GreedyDP+turn,179,11
20,2,0.8,1000,GreedyDP+turn,142,16
20,2,0.8,500,GreedyDP+turn,191,15
20,2,0.8,100,GreedyDP+turn,129,14
20,10,0.6,1000,GreedyDP+turn,150,11
20,10,0.6,500,GreedyDP+turn,152,10
20,10,0.6,100,GreedyDP+turn,156,8
20,2,0.6,1000,GreedyDP+turn,130,14
20,2,0.6,500,GreedyDP+turn,162,14
20,2,0.6,100,GreedyDP+turn,154,15
20,10,0.4,1000,GreedyDP+turn,98,10
20,10,0.4,500,GreedyDP+turn,103,10
20,10,0.4,100,GreedyDP+turn,89,11
20,2,0.4,1000,GreedyDP+turn,105,14
20,2,0.4,500,GreedyDP+turn,111,13
20,2,0.4,100,GreedyDP+turn,113,14
20,10,0.2,1000,GreedyDP+turn,15,9
20,10,0.2,500,GreedyDP+turn,19,11
20,10,0.2,100,GreedyDP+turn,36,9
20,2,0.2,1000,GreedyDP+turn,30,12
20,2,0.2,500,GreedyDP+turn,66,13
20,2,0.2,100,GreedyDP+turn,38,11
8,4,0.8,1000,GreedyDP+turn,16,4
8,4,0.8,500,GreedyDP+turn,7,3
8,4,0.8,100,GreedyDP+turn,11,2
8,2,0.8,1000,GreedyDP+turn,27,4
8,2,0.8,500,GreedyDP+turn,23,3
8,2,0.8,100,GreedyDP+turn,18,4
8,4,0.6,1000,GreedyDP+turn,5,2
8,4,0.6,500,GreedyDP+turn,28,2
8,4,0.6,100,GreedyDP+turn,26,3
8,2,0.6,1000,GreedyDP+turn,13,4
8,2,0.6,500,GreedyDP+turn,1,0
8,2,0.6,100,GreedyDP+turn,7,2
8,4,0.4,1000,GreedyDP+turn,0,3
8,4,0.4,500,GreedyDP+turn,0,2
8,4,0.4,100,GreedyDP+turn,1,4
8,2,0.4,1000,GreedyDP+turn,7,3
8,2,0.4,500,GreedyDP+turn,26,4
8,2,0.4,100,GreedyDP+turn,15,2
8,4,0.2,1000,GreedyDP+turn,0,0
8,4,0.2,500,GreedyDP+turn,1,0
8,4,0.2,100,GreedyDP+turn,1,4
8,2,0.2,1000,GreedyDP+turn,2,2
8,2,0.2,500,GreedyDP+turn,3,2
8,2,0.2,100,GreedyDP+turn,11,3
5,2,0.8,1000,GreedyDP+turn,0,0
5,2,0.8,500,GreedyDP+turn,0,0
5,2,0.8,100,GreedyDP+turn,12,2
5,2,0.8,1000,GreedyDP+turn,0,2
5,2,0.8,500,GreedyDP+turn,0,2
5,2,0.8,100,GreedyDP+turn,1,0
5,2,0.6,1000,GreedyDP+turn,6,1
5,2,0.6,500,GreedyDP+turn,3,0
5,2,0.6,100,GreedyDP+turn,6,1
5,2,0.6,1000,GreedyDP+turn,0,1
5,2,0.6,500,GreedyDP+turn,1,1
5,2,0.6,100,GreedyDP+turn,0,1
5,2,0.4,1000,GreedyDP+turn,0,1
5,2,0.4,500,GreedyDP+turn,7,1
5,2,0.4,100,GreedyDP+turn,7,2
5,2,0.4,1000,GreedyDP+turn,3,0
5,2,0.4,500,GreedyDP+turn,0,0
5,2,0.4,100,GreedyDP+turn,1,0
5,2,0.2,1000,GreedyDP+turn,0,0
5,2,0.2,500,GreedyDP+turn,0,0
5,2,0.2,100,GreedyDP+turn,0,2
5,2,0.2,1000,GreedyDP+turn,0,0
5,2,0.2,500,GreedyDP+turn,1,0
5,2,0.2,100,GreedyDP+turn,1,0
20,10,0.8,1000,GreedyDP+turn,191,12
20,10,0.8,500,GreedyDP+turn,160,12
20,10,0.8,100,GreedyDP+turn,150,11
20,2,0.8,1000,GreedyDP+turn,210,16
20,2,0.8,500,GreedyDP+turn,184,16
20,2,0.8,100,GreedyDP+turn,158,13
20,10,0.6,1000,GreedyDP+turn,179,8
20,10,0.6,500,GreedyDP+turn,187,11
20,10,0.6,100,GreedyDP+turn,133,11
20,2,0.6,1000,GreedyDP+turn,163,16
20,2,0.6,500,GreedyDP+turn,103,14
20,2,0.6,100,GreedyDP+turn,141,15
20,10,0.4,1000,GreedyDP+turn,121,8
20,10,0.4,500,GreedyDP+turn,104,10
20,10,0.4,100,GreedyDP+turn,86,11
20,2,0.4,1000,GreedyDP+turn,101,14
20,2,0.4,500,GreedyDP+turn,95,14
20,2,0.4,100,GreedyDP+turn,110,11
20,10,0.2,1000,GreedyDP+turn,18,11
20,10,0.2,500,GreedyDP+turn,35,12
20,10,0.2,100,GreedyDP+turn,36,13
20,2,0.2,1000,GreedyDP+turn,26,10
20,2,0.2,500,GreedyDP+turn,18,6
20,2,0.2,100,GreedyDP+turn,15,7
8,4,0.8,1000,GreedyDP+turn,33,3
8,4,0.8,500,GreedyDP+turn,31,3
8,4,0.8,100,GreedyDP+turn,21,5
8,2,0.8,1000,GreedyDP+turn,19,6
8,2,0.8,500,GreedyDP+turn,29,5
8,2,0.8,100,GreedyDP+turn,25,3
8,4,0.6,1000,GreedyDP+turn,24,3
8,4,0.6,500,GreedyDP+turn,27,4
8,4,0.6,100,GreedyDP+turn,8,2
8,2,0.6,1000,GreedyDP+turn,19,4
8,2,0.6,500,GreedyDP+turn,11,5
8,2,0.6,100,GreedyDP+turn,21,4
8,4,0.4,1000,GreedyDP+turn,19,4
8,4,0.4,500,GreedyDP+turn,20,3
8,4,0.4,100,GreedyDP+turn,25,3
8,2,0.4,1000,GreedyDP+turn,0,0
8,2,0.4,500,GreedyDP+turn,0,0
8,2,0.4,100,GreedyDP+turn,8,4
8,4,0.2,1000,GreedyDP+turn,6,4
8,4,0.2,500,GreedyDP+turn,0,2
8,4,0.2,100,GreedyDP+turn,1,2
8,2,0.2,1000,GreedyDP+turn,0,0
8,2,0.2,500,GreedyDP+turn,0,0
8,2,0.2,100,GreedyDP+turn,2,0
5,2,0.8,1000,GreedyDP+turn,5,2
5,2,0.8,500,GreedyDP+turn,0,0
5,2,0.8,100,GreedyDP+turn,7,1
5,2,0.8,1000,GreedyDP+turn,4,3
5,2,0.8,500,GreedyDP+turn,0,0
5,2,0.8,100,GreedyDP+turn,10,3
5,2,0.6,1000,GreedyDP+turn,5,2
5,2,0.6,500,GreedyDP+turn,0,0
5,2,0.6,100,GreedyDP+turn,0,1
5,2,0.6,1000,GreedyDP+turn,0,0
5,2,0.6,500,GreedyDP+turn,0,0
5,2,0.6,100,GreedyDP+turn,2,0
5,2,0.4,1000,GreedyDP+turn,0,0
5,2,0.4,500,GreedyDP+turn,0,2
5,2,0.4,100,GreedyDP+turn,1,2
5,2,0.4,1000,GreedyDP+turn,4,1
5,2,0.4,500,GreedyDP+turn,0,0
5,2,0.4,100,GreedyDP+turn,6,2
5,2,0.2,1000,GreedyDP+turn,0,1
5,2,0.2,500,GreedyDP+turn,2,2
5,2,0.2,100,GreedyDP+turn,2,2
5,2,0.2,1000,GreedyDP+turn,0,0
5,2,0.2,500,GreedyDP+turn,0,0
5,2,0.2,100,GreedyDP+turn,0,0
20,10,0.8,1000,GreedyDP+turn,176,10
20,10,0.8,500,GreedyDP+turn,177,11
20,10,0.8,100,GreedyDP+turn,133,11
20,2,0.8,1000,GreedyDP+turn,188,14
20,2,0.8,500,GreedyDP+turn,172,16
20,2,0.8,100,GreedyDP+turn,168,16
20,10,0.6,1000,GreedyDP+turn,111,10
20,10,0.6,500,GreedyDP+turn,111,12
20,10,0.6,100,GreedyDP+turn,151,11
20,2,0.6,1000,GreedyDP+turn,196,16
20,2,0.6,500,GreedyDP+turn,163,15
20,2,0.6,100,GreedyDP+turn,136,14
20,10,0.4,1000,GreedyDP+turn,102,10
20,10,0.4,500,GreedyDP+turn,99,12
20,10,0.4,100,GreedyDP+turn,85,11
20,2,0.4,1000,GreedyDP+turn,96,14
20,2,0.4,500,GreedyDP+turn,72,13
20,2,0.4,100,GreedyDP+turn,78,12
20,10,0.2,1000,GreedyDP+turn,28,9
20,10,0.2,500,GreedyDP+turn,48,10
20,10,0.2,100,GreedyDP+turn,32,13
20,2,0.2,1000,GreedyDP+turn,79,13
20,2,0.2,500,GreedyDP+turn,78,12
20,2,0.2,100,GreedyDP+turn,63,14
8,4,0.8,1000,GreedyDP+turn,16,2
8,4,0.8,500,GreedyDP+turn,14,4
8,4,0.8,100,GreedyDP+turn,23,3
8,2,0.8,1000,GreedyDP+turn,27,5
8,2,0.8,500,GreedyDP+turn,20,5
8,2,0.8,100,GreedyDP+turn,25,3
8,4,0.6,1000,GreedyDP+turn,23,4
8,4,0.6,500,GreedyDP+turn,13,4
8,4,0.6,100,GreedyDP+turn,23,4
8,2,0.6,1000,GreedyDP+turn,17,4
8,2,0.6,500,GreedyDP+turn,6,3
8,2,0.6,100,GreedyDP+turn,8,3
8,4,0.4,1000,GreedyDP+turn,0,1
8,4,0.4,500,GreedyDP+turn,0,0
8,4,0.4,100,GreedyDP+turn,1,1
8,2,0.4,1000,GreedyDP+turn,18,3
8,2,0.4,500,GreedyDP+turn,16,5
8,2,0.4,100,GreedyDP+turn,18,4
8,4,0.2,1000,GreedyDP+turn,1,2
8,4,0.2,500,GreedyDP+turn,2,1
8,4,0.2,100,GreedyDP+turn,2,4
8,2,0.2,1000,GreedyDP+turn,0,0
8,2,0.2,500,GreedyDP+turn,0,0
8,2,0.2,100,GreedyDP+turn,1,0
5,2,0.8,1000,GreedyDP+turn,2,0
5,2,0.8,500,GreedyDP+turn,2,0
5,2,0.8,100,GreedyDP+turn,1,0
5,2,0.8,1000,GreedyDP+turn,4,3
5,2,0.8,500,GreedyDP+turn,10,2
5,2,0.8,100,GreedyDP+turn,12,1
5,2,0.6,1000,GreedyDP+turn,2,0
5,2,0.6,500,GreedyDP+turn,1,0
5,2,0.6,100,GreedyDP+turn,1,0
5,2,0.6,1000,GreedyDP+turn,2,1
5,2,0.6,500,GreedyDP+turn,10,2
5,2,0.6,100,GreedyDP+turn,2,2
5,2,0.4,1000,GreedyDP+turn,0,0
5,2,0.4,500,GreedyDP+turn,0,0
5,2,0.4,100,GreedyDP+turn,1,0
5,2,0.4,1000,GreedyDP+turn,0,0
5,2,0.4,500,GreedyDP+turn,8,3
5,2,0.4,100,GreedyDP+turn,8,2
5,2,0.2,1000,GreedyDP+turn,0,0
5,2,0.2,500,GreedyDP+turn,0,0
5,2,0.2,100,GreedyDP+turn,0,0
5,2,0.2,1000,GreedyDP+turn,0,0
5,2,0.2,500,GreedyDP+turn,1,0
5,2,0.2,100,GreedyDP+turn,0,1
20,10,0.8,1000,GreedyDP+turn,104,10
20,10,0.8,500,GreedyDP+turn,181,12
20,10,0.8,100,GreedyDP+turn,191,11
20,2,0.8,1000,GreedyDP+turn,181,16
20,2,0.8,500,GreedyDP+turn,170,16
20,2,0.8,100,GreedyDP+turn,180,12
20,10,0.6,1000,GreedyDP+turn,186,9
20,10,0.6,500,GreedyDP+turn,146,10
20,10,0.6,100,GreedyDP+turn,143,12
20,2,0.6,1000,GreedyDP+turn,168,15
20,2,0.6,500,GreedyDP+turn,156,14
20,2,0.6,100,GreedyDP+turn,178,14
20,10,0.4,1000,GreedyDP+turn,95,10
20,10,0.4,500,GreedyDP+turn,86,10
20,10,0.4,100,GreedyDP+turn,100,13
20,2,0.4,1000,GreedyDP+turn,100,14
20,2,0.4,500,GreedyDP+turn,64,12
20,2,0.4,100,GreedyDP+turn,74,12
20,10,0.2,1000,GreedyDP+turn,11,9
20,10,0.2,500,GreedyDP+turn,14,9
20,10,0.2,100,GreedyDP+turn,36,11
20,2,0.2,1000,GreedyDP+turn,42,12
20,2,0.2,500,GreedyDP+turn,28,10
20,2,0.2,100,GreedyDP+turn,42,12
8,4,0.8,1000,GreedyDP+turn,27,4
8,4,0.8,500,GreedyDP+turn,10,3
8,4,0.8,100,GreedyDP+turn,20,2
8,2,0.8,1000,GreedyDP+turn,27,5
8,2,0.8,500,GreedyDP+turn,29,4
8,2,0.8,100,GreedyDP+turn,23,4
8,4,0.6,1000,GreedyDP+turn,31,3
8,4,0.6,500,GreedyDP+turn,10,2
8,4,0.6,100,GreedyDP+turn,19,2
8,2,0.6,1000,GreedyDP+turn,17,4
8,2,0.6,500,GreedyDP+turn,3,3
8,2,0.6,100,GreedyDP+turn,13,3
8,4,0.4,1000,GreedyDP+turn,0,0
8,4,0.4,500,GreedyDP+turn,0,2
8,4,0.4,100,GreedyDP+turn,4,4
8,2,0.4,1000,GreedyDP+turn,0,0
8,2,0.4,500,GreedyDP+turn,6,2
8,2,0.4,100,GreedyDP+turn,2,0
8,4,0.2,1000,GreedyDP+turn,0,1
8,4,0.2,500,GreedyDP+turn,2,1
8,4,0.2,100,GreedyDP+turn,0,1
8,2,0.2,1000,GreedyDP+turn,0,0
8,2,0.2,500,GreedyDP+turn,0,2
8,2,0.2,100,GreedyDP+turn,5,4
5,2,0.8,1000,GreedyDP+turn,0,0
5,2,0.8,500,GreedyDP+turn,0,0
5,2,0.8,100,GreedyDP+turn,3,2
5,2,0.8,1000,GreedyDP+turn,11,2
5,2,0.8,500,GreedyDP+turn,11,2
5,2,0.8,100,GreedyDP+turn,10,2
5,2,0.6,1000,GreedyDP+turn,0,0
5,2,0.6,500,GreedyDP+turn,0,0
5,2,0.6,100,GreedyDP+turn,2,0
5,2,0.6,1000,GreedyDP+turn,0,0
5,2,0.6,500,GreedyDP+turn,1,0
5,2,0.6,100,GreedyDP+turn,2,1
5,2,0.4,1000,GreedyDP+turn,0,0
5,2,0.4,500,GreedyDP+turn,0,0
5,2,0.4,100,GreedyDP+turn,0,2
5,2,0.4,1000,GreedyDP+turn,2,1
5,2,0.4,500,GreedyDP+turn,0,0
5,2,0.4,100,GreedyDP+turn,2,2
5,2,0.2,1000,GreedyDP+turn,0,0
5,2,0.2,500,GreedyDP+turn,0,1
5,2,0.2,100,GreedyDP+turn,1,2
5,2,0.2,1000,GreedyDP+turn,0,0
5,2,0.2,500,GreedyDP+turn,0,0
5,2,0.2,100,GreedyDP+turn,0,2
20,10,0.8,1000,GreedyDP+turn,173,11
20,10,0.8,500,GreedyDP+turn,153,10
20,10,0.8,100,GreedyDP+turn,169,10
20,2,0.8,1000,GreedyDP+turn,168,16
20,2,0.8,500,GreedyDP+turn,150,14
20,2,0.8,100,GreedyDP+turn,213,14
20,10,0.6,1000,GreedyDP+turn,135,10
20,10,0.6,500,GreedyDP+turn,163,10
20,10,0.6,100,GreedyDP+turn,154,8
20,2,0.6,1000,GreedyDP+turn,186,16
20,2,0.6,500,GreedyDP+turn,141,15
20,2,0.6,100,GreedyDP+turn,149,14
20,10,0.4,1000,GreedyDP+turn,109,11
20,10,0.4,500,GreedyDP+turn,125,10
20,10,0.4,100,GreedyDP+turn,76,11
20,2,0.4,1000,GreedyDP+turn,85,14
20,2,0.4,500,GreedyDP+turn,97,15
20,2,0.4,100,GreedyDP+turn,88,13
20,10,0.2,1000,GreedyDP+turn,19,7
20,10,0.2,500,GreedyDP+turn,32,8
20,10,0.2,100,GreedyDP+turn,48,11
20,2,0.2,1000,GreedyDP+turn,28,12
20,2,0.2,500,GreedyDP+turn,22,6
20,2,0.2,100,GreedyDP+turn,11,5
8,4,0.8,1000,GreedyDP+turn,22,4
8,4,0.8,500,GreedyDP+turn,19,3
8,4,0.8,100,GreedyDP+turn,16,4
8,2,0.8,1000,GreedyDP+turn,35,5
8,2,0.8,500,GreedyDP+turn,20,4
8,2,0.8,100,GreedyDP+turn,16,2
8,4,0.6,1000,GreedyDP+turn,13,3
8,4,0.6,500,GreedyDP+turn,19,3
8,4,0.6,100,GreedyDP+turn,17,2
8,2,0.6,1000,GreedyDP+turn,1,0
8,2,0.6,500,GreedyDP+turn,9,2
8,2,0.6,100,GreedyDP+turn,9,1
8,4,0.4,1000,GreedyDP+turn,0,0
8,4,0.4,500,GreedyDP+turn,6,2
8,4,0.4,100,GreedyDP+turn,5,3
8,2,0.4,1000,GreedyDP+turn,6,3
8,2,0.4,500,GreedyDP+turn,4,2
8,2,0.4,100,GreedyDP+turn,14,3
8,4,0.2,1000,GreedyDP+turn,0,0
8,4,0.2,500,GreedyDP+turn,1,1
8,4,0.2,100,GreedyDP+turn,3,3
8,2,0.2,1000,GreedyDP+turn,1,3
8,2,0.2,500,GreedyDP+turn,0,1
8,2,0.2,100,GreedyDP+turn,1,3
5,2,0.8,1000,GreedyDP+turn,2,0
5,2,0.8,500,GreedyDP+turn,0,0
5,2,0.8,100,GreedyDP+turn,11,2
5,2,0.8,1000,GreedyDP+turn,0,0
5,2,0.8,500,GreedyDP+turn,0,0
5,2,0.8,100,GreedyDP+turn,0,0
5,2,0.6,1000,GreedyDP+turn,0,1
5,2,0.6,500,GreedyDP+turn,0,0
5,2,0.6,100,GreedyDP+turn,0,0
5,2,0.6,1000,GreedyDP+turn,0,0
5,2,0.6,500,GreedyDP+turn,0,0
5,2,0.6,100,GreedyDP+turn,4,0
5,2,0.4,1000,GreedyDP+turn,0,2
5,2,0.4,500,GreedyDP+turn,0,2
5,2,0.4,100,GreedyDP+turn,1,2
5,2,0.4,1000,GreedyDP+turn,1,0
5,2,0.4,500,GreedyDP+turn,0,0
5,2,0.4,100,GreedyDP+turn,0,0
5,2,0.2,1000,GreedyDP+turn,0,0
5,2,0.2,500,GreedyDP+turn,0,0
5,2,0.2,100,GreedyDP+turn,2,0
5,2,0.2,1000,GreedyDP+turn,0,2
5,2,0.2,500,GreedyDP+turn,0,2
5,2,0.2,100,GreedyDP+turn,0,2
20,10,0.8,1000,GreedyDP+turn,171,11
20,10,0.8,500,GreedyDP+turn,158,11
20,10,0.8,100,GreedyDP+turn,186,11
20,2,0.8,1000,GreedyDP+turn,167,15
20,2,0.8,500,GreedyDP+turn,169,15
20,2,0.8,100,GreedyDP+turn,177,13
20,10,0.6,1000,GreedyDP+turn,147,12
20,10,0.6,500,GreedyDP+turn,181,12
20,10,0.6,100,GreedyDP+turn,163,11
20,2,0.6,1000,GreedyDP+turn,143,15
20,2,0.6,500,GreedyDP+turn,124,14
20,2,0.6,100,GreedyDP+turn,94,13
20,10,0.4,1000,GreedyDP+turn,121,10
20,10,0.4,500,GreedyDP+turn,130,10
20,10,0.4,100,GreedyDP+turn,77,11
20,2,0.4,1000,GreedyDP+turn,123,14
20,2,0.4,500,GreedyDP+turn,112,12
20,2,0.4,100,GreedyDP+turn,117,14
20,10,0.2,1000,GreedyDP+turn,30,10
20,10,0.2,500,GreedyDP+turn,55,12
20,10,0.2,100,GreedyDP+turn,34,11
20,2,0.2,1000,GreedyDP+turn,27,6
20,2,0.2,500,GreedyDP+turn,2,7
20,2,0.2,100,GreedyDP+turn,34,12
8,4,0.8,1000,GreedyDP+turn,12,4
8,4,0.8,500,GreedyDP+turn,27,4
8,4,0.8,100,GreedyDP+turn,21,4
8,2,0.8,1000,GreedyDP+turn,16,4
8,2,0.8,500,GreedyDP+turn,31,5
8,2,0.8,100,GreedyDP+turn,16,3
8,4,0.6,1000,GreedyDP+turn,13,4
8,4,0.6,500,GreedyDP+turn,24,3
8,4,0.6,100,GreedyDP+turn,18,2
8,2,0.6,1000,GreedyDP+turn,7,1
8,2,0.6,500,GreedyDP+turn,6,1
8,2,0.6,100,GreedyDP+turn,1,0
8,4,0.4,1000,GreedyDP+turn,5,1
8,4,0.4,500,GreedyDP+turn,5,2
8,4,0.4,100,GreedyDP+turn,6,0
8,2,0.4,1000,GreedyDP+turn,0,3
8,2,0.4,500,GreedyDP+turn,12,4
8,2,0.4,100,GreedyDP+turn,6,5
8,4,0.2,1000,GreedyDP+turn,0,0
8,4,0.2,500,GreedyDP+turn,0,2
8,4,0.2,100,GreedyDP+turn,4,3
8,2,0.2,1000,GreedyDP+turn,1,3
8,2,0.2,500,GreedyDP+turn,4,4
8,2,0.2,100,GreedyDP+turn,1,2
5,2,0.8,1000,GreedyDP+turn,7,1
5,2,0.8,500,GreedyDP+turn,8,1
5,2,0.8,100,GreedyDP+turn,12,2
5,2,0.8,1000,GreedyDP+turn,2,2
5,2,0.8,500,GreedyDP+turn,2,0
5,2,0.8,100,GreedyDP+turn,3,0
5,2,0.6,1000,GreedyDP+turn,0,0
5,2,0.6,500,GreedyDP+turn,2,0
5,2,0.6,100,GreedyDP+turn,0,0
5,2,0.6,1000,GreedyDP+turn,0,0
5,2,0.6,500,GreedyDP+turn,0,0
5,2,0.6,100,GreedyDP+turn,0,2
5,2,0.4,1000,GreedyDP+turn,0,0
5,2,0.4,500,GreedyDP+turn,0,2
5,2,0.4,100,GreedyDP+turn,0,0
5,2,0.4,1000,GreedyDP+turn,0,0
5,2,0.4,500,GreedyDP+turn,0,0
5,2,0.4,100,GreedyDP+turn,0,0
5,2,0.2,1000,GreedyDP+turn,0,0
5,2,0.2,500,GreedyDP+turn,0,0
5,2,0.2,100,GreedyDP+turn,0,0
5,2,0.2,1000,GreedyDP+turn,0,1
5,2,0.2,500,GreedyDP+turn,0,1
5,2,0.2,100,GreedyDP+turn,1,1
20,10,0.8,1000,GreedyDP+turn,175,9
20,10,0.8,500,GreedyDP+turn,163,11
20,10,0.8,100,GreedyDP+turn,182,12
20,2,0.8,1000,GreedyDP+turn,155,15
20,2,0.8,500,GreedyDP+turn,193,15
20,2,0.8,100,GreedyDP+turn,181,15
20,10,0.6,1000,GreedyDP+turn,120,10
20,10,0.6,500,GreedyDP+turn,123,12
20,10,0.6,100,GreedyDP+turn,177,12
20,2,0.6,1000,GreedyDP+turn,196,15
20,2,0.6,500,GreedyDP+turn,134,15
20,2,0.6,100,GreedyDP+turn,137,14
20,10,0.4,1000,GreedyDP+turn,85,10
20,10,0.4,500,GreedyDP+turn,101,11
20,10,0.4,100,GreedyDP+turn,63,11
20,2,0.4,1000,GreedyDP+turn,125,14
20,2,0.4,500,GreedyDP+turn,109,15
20,2,0.4,100,GreedyDP+turn,81,12
20,10,0.2,1000,GreedyDP+turn,42,10
20,10,0.2,500,GreedyDP+turn,48,9
20,10,0.2,100,GreedyDP+turn,31,7
20,2,0.2,1000,GreedyDP+turn,28,11
20,2,0.2,500,GreedyDP+turn,25,9
20,2,0.2,100,GreedyDP+turn,39,9
8,4,0.8,1000,GreedyDP+turn,34,4
8,4,0.8,500,GreedyDP+turn,25,3
8,4,0.8,100,GreedyDP+turn,14,3
8,2,0.8,1000,GreedyDP+turn,18,3
8,2,0.8,500,GreedyDP+turn,11,3
8,2,0.8,100,GreedyDP+turn,19,3
8,4,0.6,1000,GreedyDP+turn,15,3
8,4,0.6,500,GreedyDP+turn,19,3
8,4,0.6,100,GreedyDP+turn,33,4
8,2,0.6,1000,GreedyDP+turn,9,3
8,2,0.6,500,GreedyDP+turn,9,4
8,2,0.6,100,GreedyDP+turn,6,4
8,4,0.4,1000,GreedyDP+turn,1,0
8,4,0.4,500,GreedyDP+turn,11,2
8,4,0.4,100,GreedyDP+turn,10,2
8,2,0.4,1000,GreedyDP+turn,0,0
8,2,0.4,500,GreedyDP+turn,7,3
8,2,0.4,100,GreedyDP+turn,5,0
8,4,0.2,1000,GreedyDP+turn,0,1
8,4,0.2,500,GreedyDP+turn,0,1
8,4,0.2,100,GreedyDP+turn,0,3
8,2,0.2,1000,GreedyDP+turn,0,0
8,2,0.2,500,GreedyDP+turn,0,1
8,2,0.2,100,GreedyDP+turn,3,0
5,2,0.8,1000,GreedyDP+turn,0,0
5,2,0.8,500,GreedyDP+turn,2,2
5,2,0.8,100,GreedyDP+turn,0,0
5,2,0.8,1000,GreedyDP+turn,14,2
5,2,0.8,500,GreedyDP+turn,7,1
5,2,0.8,100,GreedyDP+turn,13,2
5,2,0.6,1000,GreedyDP+turn,6,2
5,2,0.6,500,GreedyDP+turn,0,0
5,2,0.6,100,GreedyDP+turn,0,2
5,2,0.6,1000,GreedyDP+turn,0,1
5,2,0.6,500,GreedyDP+turn,0,1
5,2,0.6,100,GreedyDP+turn,5,1
5,2,0.4,1000,GreedyDP+turn,0,0
5,2,0.4,500,GreedyDP+turn,0,0
5,2,0.4,100,GreedyDP+turn,6,2
5,2,0.4,1000,GreedyDP+turn,8,3
5,2,0.4,500,GreedyDP+turn,10,2
5,2,0.4,100,GreedyDP+turn,7,3
5,2,0.2,1000,GreedyDP+turn,0,1
5,2,0.2,500,GreedyDP+turn,0,2
5,2,0.2,100,GreedyDP+turn,1,1
5,2,0.2,1000,GreedyDP+turn,2,2
5,2,0.2,500,GreedyDP+turn,0,2
5,2,0.2,100,GreedyDP+turn,1,2
20,10,0.8,1000,GreedyDP+turn,184,9
20,10,0.8,500,GreedyDP+turn,145,10
20,10,0.8,100,GreedyDP+turn,150,12
20,2,0.8,1000,GreedyDP+turn,152,16
20,2,0.8,500,GreedyDP+turn,156,14
20,2,0.8,100,GreedyDP+turn,179,14
20,10,0.6,1000,GreedyDP+turn,153,11
20,10,0.6,500,GreedyDP+turn,173,12
20,10,0.6,100,GreedyDP+turn,164,14
20,2,0.6,1000,GreedyDP+turn,164,16
20,2,0.6,500,GreedyDP+turn,169,15
20,2,0.6,100,GreedyDP+turn,132,14
20,10,0.4,1000,GreedyDP+turn,129,9
20,10,0.4,500,GreedyDP+turn,122,10
20,10,0.4,100,GreedyDP+turn,121,11
20,2,0.4,1000,GreedyDP+turn,114,15
20,2,0.4,500,GreedyDP+turn,140,15
20,2,0.4,100,GreedyDP+turn,118,15
20,10,0.2,1000,GreedyDP+turn,59,10
20,10,0.2,500,GreedyDP+turn,16,8
20,10,0.2,100,GreedyDP+turn,60,11
20,2,0.2,1000,GreedyDP+turn,39,10
20,2,0.2,500,GreedyDP+turn,29,8
20,2,0.2,100,GreedyDP+turn,20,8
8,4,0.8,1000,GreedyDP+turn,35,4
8,4,0.8,500,GreedyDP+turn,29,4
8,4,0.8,100,GreedyDP+turn,26,4
8,2,0.8,1000,GreedyDP+turn,29,5
8,2,0.8,500,GreedyDP+turn,19,6
8,2,0.8,100,GreedyDP+turn,23,5
8,4,0.6,1000,GreedyDP+turn,5,3
8,4,0.6,500,GreedyDP+turn,10,5
8,4,0.6,100,GreedyDP+turn,6,4
8,2,0.6,1000,GreedyDP+turn,16,5
8,2,0.6,500,GreedyDP+turn,24,4
8,2,0.6,100,GreedyDP+turn,21,5
8,4,0.4,1000,GreedyDP+turn,8,1
8,4,0.4,500,GreedyDP+turn,10,3
8,4,0.4,100,GreedyDP+turn,19,3
8,2,0.4,1000,GreedyDP+turn,8,3
8,2,0.4,500,GreedyDP+turn,17,3
8,2,0.4,100,GreedyDP+turn,0,0
8,4,0.2,1000,GreedyDP+turn,1,2
8,4,0.2,500,GreedyDP+turn,0,3
8,4,0.2,100,GreedyDP+turn,0,2
8,2,0.2,1000,GreedyDP+turn,0,0
8,2,0.2,500,GreedyDP+turn,6,3
8,2,0.2,100,GreedyDP+turn,6,4
5,2,0.8,1000,GreedyDP+turn,0,0
5,2,0.8,500,GreedyDP+turn,5,0
5,2,0.8,100,GreedyDP+turn,4,0
5,2,0.8,1000,GreedyDP+turn,11,2
5,2,0.8,500,GreedyDP+turn,2,0
5,2,0.8,100,GreedyDP+turn,12,2
5,2,0.6,1000,GreedyDP+turn,0,0
5,2,0.6,500,GreedyDP+turn,4,0
5,2,0.6,100,GreedyDP+turn,4,1
5,2,0.6,1000,GreedyDP+turn,0,2
5,2,0.6,500,GreedyDP+turn,0,2
5,2,0.6,100,GreedyDP+turn,1,2
5,2,0.4,1000,GreedyDP+turn,0,0
5,2,0.4,500,GreedyDP+turn,0,0
5,2,0.4,100,GreedyDP+turn,1,0
5,2,0.4,1000,GreedyDP+turn,0,0
5,2,0.4,500,GreedyDP+turn,0,0
5,2,0.4,100,GreedyDP+turn,0,0
5,2,0.2,1000,GreedyDP+turn,1,0
5,2,0.2,500,GreedyDP+turn,0,0
5,2,0.2,100,GreedyDP+turn,0,0
5,2,0.2,1000,GreedyDP+turn,0,0
5,2,0.2,500,GreedyDP+turn,0,0
5,2,0.2,100,GreedyDP+turn,0,1
20,10,0.8,1000,GreedyDP+turn,206,13
20,10,0.8,500,GreedyDP+turn,149,12
20,10,0.8,100,GreedyDP+turn,171,11
20,2,0.8,1000,GreedyDP+turn,162,16
20,2,0.8,500,GreedyDP+turn,158,14
20,2,0.8,100,GreedyDP+turn,166,13
20,10,0.6,1000,GreedyDP+turn,151,11
20,10,0.6,500,GreedyDP+turn,157,9
20,10,0.6,100,GreedyDP+turn,140,12
20,2,0.6,1000,GreedyDP+turn,140,15
20,2,0.6,500,GreedyDP+turn,178,15
20,2,0.6,100,GreedyDP+turn,118,11
20,10,0.4,1000,GreedyDP+turn,141,9
20,10,0.4,500,GreedyDP+turn,125,12
20,10,0.4,100,GreedyDP+turn,78,12
20,2,0.4,1000,GreedyDP+turn,148,14
20,2,0.4,500,GreedyDP+turn,119,15
20,2,0.4,100,GreedyDP+turn,129,14
20,10,0.2,1000,GreedyDP+turn,26,9
20,10,0.2,500,GreedyDP+turn,27,11
20,10,0.2,100,GreedyDP+turn,23,13
20,2,0.2,1000,GreedyDP+turn,60,13
20,2,0.2,500,GreedyDP+turn,75,13
20,2,0.2,100,GreedyDP+turn,44,8
8,4,0.8,1000,GreedyDP+turn,13,2
8,4,0.8,500,GreedyDP+turn,13,4
8,4,0.8,100,GreedyDP+turn,25,3
8,2,0.8,1000,GreedyDP+turn,12,5
8,2,0.8,500,GreedyDP+turn,14,4
8,2,0.8,100,GreedyDP+turn,25,3
8,4,0.6,1000,GreedyDP+turn,12,5
8,4,0.6,500,GreedyDP+turn,1,5
8,4,0.6,100,GreedyDP+turn,17,3
8,2,0.6,1000,GreedyDP+turn,18,4
8,2,0.6,500,GreedyDP+turn,15,3
8,2,0.6,100,GreedyDP+turn,20,4
8,4,0.4,1000,GreedyDP+turn,0,1
8,4,0.4,500,GreedyDP+turn,7,2
8,4,0.4,100,GreedyDP+turn,3,1
8,2,0.4,1000,GreedyDP+turn,2,2
8,2,0.4,500,GreedyDP+turn,4,2
8,2,0.4,100,GreedyDP+turn,12,4
8,4,0.2,1000,GreedyDP+turn,2,3
8,4,0.2,500,GreedyDP+turn,2,3
8,4,0.2,100,GreedyDP+turn,5,3
8,2,0.2,1000,GreedyDP+turn,0,0
8,2,0.2,500,GreedyDP+turn,0,0
8,2,0.2,100,GreedyDP+turn,4,0
5,2,0.8,1000,GreedyDP+turn,9,2
5,2,0.8,500,GreedyDP+turn,0,0
5,2,0.8,100,GreedyDP+turn,10,1
5,2,0.8,1000,GreedyDP+turn,0,0
5,2,0.8,500,GreedyDP+turn,0,0
5,2,0.8,100,GreedyDP+turn,8,2
5,2,0.6,1000,GreedyDP+turn,0,0
5,2,0.6,500,GreedyDP+turn,0,1
5,2,0.6,100,GreedyDP+turn,0,2
5,2,0.6,1000,GreedyDP+turn,0,0
5,2,0.6,500,GreedyDP+turn,0,0
5,2,0.6,100,GreedyDP+turn,11,2
5,2,0.4,1000,GreedyDP+turn,0,0
5,2,0.4,500,GreedyDP+turn,11,2
5,2,0.4,100,GreedyDP+turn,3,2
5,2,0.4,1000,GreedyDP+turn,4,0
5,2,0.4,500,GreedyDP+turn,5,0
5,2,0.4,100,GreedyDP+turn,0,0
5,2,0.2,1000,GreedyDP+turn,1,0
5,2,0.2,500,GreedyDP+turn,0,0
5,2,0.2,100,GreedyDP+turn,2,2
5,2,0.2,1000,GreedyDP+turn,0,0
5,2,0.2,500,GreedyDP+turn,0,0
5,2,0.2,100,GreedyDP+turn,0,2
20,10,0.8,1000,GreedyDP+turn,187,11
20,10,0.8,500,GreedyDP+turn,185,10
20,10,0.8,100,GreedyDP+turn,175,10
20,2,0.8,1000,GreedyDP+turn,190,15
20,2,0.8,500,GreedyDP+turn,183,15
20,2,0.8,100,GreedyDP+turn,167,12
20,10,0.6,1000,GreedyDP+turn,156,13
20,10,0.6,500,GreedyDP+turn,130,12
20,10,0.6,100,GreedyDP+turn,169,11
20,2,0.6,1000,GreedyDP+turn,126,15
20,2,0.6,500,GreedyDP+turn,143,16
20,2,0.6,100,GreedyDP+turn,166,15
20,10,0.4,1000,GreedyDP+turn,101,11
20,10,0.4,500,GreedyDP+turn,32,9
20,10,0.4,100,GreedyDP+turn,105,12
20,2,0.4,1000,GreedyDP+turn,147,15
20,2,0.4,500,GreedyDP+turn,146,15
20,2,0.4,100,GreedyDP+turn,97,15
20,10,0.2,1000,GreedyDP+turn,36,10
20,10,0.2,500,GreedyDP+turn,49,9
20,10,0.2,100,GreedyDP+turn,22,12
20,2,0.2,1000,GreedyDP+turn,21,7
20,2,0.2,500,GreedyDP+turn,29,8
20,2,0.2,100,GreedyDP+turn,43,8
8,4,0.8,1000,GreedyDP+turn,17,2
8,4,0.8,500,GreedyDP+turn,12,3
8,4,0.8,100,GreedyDP+turn,23,4
8,2,0.8,1000,GreedyDP+turn,13,5
8,2,0.8,500,GreedyDP+turn,14,4
8,2,0.8,100,GreedyDP+turn,10,2
8,4,0.6,1000,GreedyDP+turn,20,3
8,4,0.6,500,GreedyDP+turn,23,4
8,4,0.6,100,GreedyDP+turn,23,4
8,2,0.6,1000,GreedyDP+turn,1,0
8,2,0.6,500,GreedyDP+turn,3,0
8,2,0.6,100,GreedyDP+turn,0,0
8,4,0.4,1000,GreedyDP+turn,0,0
8,4,0.4,500,GreedyDP+turn,5,0
8,4,0.4,100,GreedyDP+turn,15,3
8,2,0.4,1000,GreedyDP+turn,12,4
8,2,0.4,500,GreedyDP+turn,6,4
8,2,0.4,100,GreedyDP+turn,11,4
8,4,0.2,1000,GreedyDP+turn,0,0
8,4,0.2,500,GreedyDP+turn,3,1
8,4,0.2,100,GreedyDP+turn,4,3
8,2,0.2,1000,GreedyDP+turn,0,0
8,2,0.2,500,GreedyDP+turn,5,2
8,2,0.2,100,GreedyDP+turn,5,1
5,2,0.8,1000,GreedyDP+turn,2,2
5,2,0.8,500,GreedyDP+turn,7,2
5,2,0.8,100,GreedyDP+turn,11,2
5,2,0.8,1000,GreedyDP+turn,0,0
5,2,0.8,500,GreedyDP+turn,0,0
5,2,0.8,100,GreedyDP+turn,8,2
5,2,0.6,1000,GreedyDP+turn,0,0
5,2,0.6,500,GreedyDP+turn,3,2
5,2,0.6,100,GreedyDP+turn,9,1
5,2,0.6,1000,GreedyDP+turn,0,0
5,2,0.6,500,GreedyDP+turn,0,0
5,2,0.6,100,GreedyDP+turn,1,0
5,2,0.4,1000,GreedyDP+turn,0,0
5,2,0.4,500,GreedyDP+turn,2,0
5,2,0.4,100,GreedyDP+turn,0,0
5,2,0.4,1000,GreedyDP+turn,0,0
5,2,0.4,500,GreedyDP+turn,0,0
5,2,0.4,100,GreedyDP+turn,6,2
5,2,0.2,1000,GreedyDP+turn,0,0
5,2,0.2,500,GreedyDP+turn,3,2
5,2,0.2,100,GreedyDP+turn,4,2
5,2,0.2,1000,GreedyDP+turn,0,0
5,2,0.2,500,GreedyDP+turn,0,0
5,2,0.2,100,GreedyDP+turn,0,0
20,10,0.8,1000,GreedyDP+turn,167,10
20,10,0.8,500,GreedyDP+turn,174,10
20,10,0.8,100,GreedyDP+turn,172,11
20,2,0.8,1000,GreedyDP+turn,169,15
20,2,0.8,500,GreedyDP+turn,212,15
20,2,0.8,100,GreedyDP+turn,169,15
20,10,0.6,1000,GreedyDP+turn,145,11
20,10,0.6,500,GreedyDP+turn,150,14
20,10,0.6,100,GreedyDP+turn,134,11
20,2,0.6,1000,GreedyDP+turn,163,16
20,2,0.6,500,GreedyDP+turn,158,16
20,2,0.6,100,GreedyDP+turn,161,15
20,10,0.4,1000,GreedyDP+turn,54,10
20,10,0.4,500,GreedyDP+turn,109,12
20,10,0.4,100,GreedyDP+turn,96,12
20,2,0.4,1000,GreedyDP+turn,137,16
20,2,0.4,500,GreedyDP+turn,85,12
20,2,0.4,100,GreedyDP+turn,100,13
20,10,0.2,1000,GreedyDP+turn,24,9
20,10,0.2,500,GreedyDP+turn,24,9
20,10,0.2,100,GreedyDP+turn,39,13
20,2,0.2,1000,GreedyDP+turn,2,0
20,2,0.2,500,GreedyDP+turn,4,5
20,2,0.2,100,GreedyDP+turn,24,7
8,4,0.8,1000,GreedyDP+turn,23,3
8,4,0.8,500,GreedyDP+turn,31,4
8,4,0.8,100,GreedyDP+turn,29,5
8,2,0.8,1000,GreedyDP+turn,31,5
8,2,0.8,500,GreedyDP+turn,27,4
8,2,0.8,100,GreedyDP+turn,14,3
8,4,0.6,1000,GreedyDP+turn,10,4
8,4,0.6,500,GreedyDP+turn,10,2
8,4,0.6,100,GreedyDP+turn,13,3
8,2,0.6,1000,GreedyDP+turn,0,0
8,2,0.6,500,GreedyDP+turn,13,3
8,2,0.6,100,GreedyDP+turn,13,3
8,4,0.4,1000,GreedyDP+turn,3,2
8,4,0.4,500,GreedyDP+turn,9,2
8,4,0.4,100,GreedyDP+turn,6,1
8,2,0.4,1000,GreedyDP+turn,0,0
8,2,0.4,500,GreedyDP+turn,1,0
8,2,0.4,100,GreedyDP+turn,4,0
8,4,0.2,1000,GreedyDP+turn,2,2
8,4,0.2,500,GreedyDP+turn,1,2
8,4,0.2,100,GreedyDP+turn,1,3
8,2,0.2,1000,GreedyDP+turn,0,0
8,2,0.2,500,GreedyDP+turn,0,0
8,2,0.2,100,GreedyDP+turn,0,2
5,2,0.8,1000,GreedyDP+turn,0,1
5,2,0.8,500,GreedyDP+turn,1,1
5,2,0.8,100,GreedyDP+turn,8,1
5,2,0.8,1000,GreedyDP+turn,0,2
5,2,0.8,500,GreedyDP+turn,6,1
5,2,0.8,100,GreedyDP+turn,3,0
5,2,0.6,1000,GreedyDP+turn,0,0
5,2,0.6,500,GreedyDP+turn,5,2
5,2,0.6,100,GreedyDP+turn,6,0
5,2,0.6,1000,GreedyDP+turn,4,1
5,2,0.6,500,GreedyDP+turn,9,2
5,2,0.6,100,GreedyDP+turn,9,1
5,2,0.4,1000,GreedyDP+turn,0,0
5,2,0.4,500,GreedyDP+turn,2,1
5,2,0.4,100,GreedyDP+turn,0,2
5,2,0.4,1000,GreedyDP+turn,0,0
5,2,0.4,500,GreedyDP+turn,2,1
5,2,0.4,100,GreedyDP+turn,3,0
5,2,0.2,1000,GreedyDP+turn,0,0
5,2,0.2,500,GreedyDP+turn,0,0
5,2,0.2,100,GreedyDP+turn,0,0
5,2,0.2,1000,GreedyDP+turn,0,0
5,2,0.2,500,GreedyDP+turn,0,2
5,2,0.2,100,GreedyDP+turn,0,0
20,10,0.8,1000,GreedyDP+turn,175,11
20,10,0.8,500,GreedyDP+turn,164,12
20,10,0.8,100,GreedyDP+turn,146,11
20,2,0.8,1000,GreedyDP+turn,161,16
20,2,0.8,500,GreedyDP+turn,181,15
20,2,0.8,100,GreedyDP+turn,194,13
20,10,0.6,1000,GreedyDP+turn,137,10
20,10,0.6,500,GreedyDP+turn,148,12
20,10,0.6,100,GreedyDP+turn,162,11
20,2,0.6,1000,GreedyDP+turn,140,16
20,2,0.6,500,GreedyDP+turn,161,15
20,2,0.6,100,GreedyDP+turn,152,15
20,10,0.4,1000,GreedyDP+turn,140,11
20,10,0.4,500,GreedyDP+turn,145,11
20,10,0.4,100,GreedyDP+turn,96,11
20,2,0.4,1000,GreedyDP+turn,104,15
20,2,0.4,500,GreedyDP+turn,97,15
20,2,0.4,100,GreedyDP+turn,87,15
20,10,0.2,1000,GreedyDP+turn,49,8
20,10,0.2,500,GreedyDP+turn,47,10
20,10,0.2,100,GreedyDP+turn,57,9
20,2,0.2,1000,GreedyDP+turn,23,7
20,2,0.2,500,GreedyDP+turn,9,2
20,2,0.2,100,GreedyDP+turn,31,8
8,4,0.8,1000,GreedyDP+turn,36,4
8,4,0.8,500,GreedyDP+turn,19,3
8,4,0.8,100,GreedyDP+turn,32,3
8,2,0.8,1000,GreedyDP+turn,14,4
8,2,0.8,500,GreedyDP+turn,2,0
8,2,0.8,100,GreedyDP+turn,16,4
8,4,0.6,1000,GreedyDP+turn,21,3
8,4,0.6,500,GreedyDP+turn,25,4
8,4,0.6,100,GreedyDP+turn,22,4
8,2,0.6,1000,GreedyDP+turn,31,5
8,2,0.6,500,GreedyDP+turn,18,3
8,2,0.6,100,GreedyDP+turn,22,4
8,4,0.4,1000,GreedyDP+turn,0,1
8,4,0.4,500,GreedyDP+turn,0,2
8,4,0.4,100,GreedyDP+turn,3,3
8,2,0.4,1000,GreedyDP+turn,0,0
8,2,0.4,500,GreedyDP+turn,0,0
8,2,0.4,100,GreedyDP+turn,3,0
8,4,0.2,1000,GreedyDP+turn,0,0
8,4,0.2,500,GreedyDP+turn,0,0
8,4,0.2,100,GreedyDP+turn,2,2
8,2,0.2,1000,GreedyDP+turn,0,0
8,2,0.2,500,GreedyDP+turn,0,0
8,2,0.2,100,GreedyDP+turn,3,0
5,2,0.8,1000,GreedyDP+turn,10,2
5,2,0.8,500,GreedyDP+turn,14,2
5,2,0.8,100,GreedyDP+turn,8,2
5,2,0.8,1000,GreedyDP+turn,8,2
5,2,0.8,500,GreedyDP+turn,7,2
5,2,0.8,100,GreedyDP+turn,4,0
5,2,0.6,1000,GreedyDP+turn,0,2
5,2,0.6,500,GreedyDP+turn,0,2
5,2,0.6,100,GreedyDP+turn,2,2
5,2,0.6,1000,GreedyDP+turn,0,0
5,2,0.6,500,GreedyDP+turn,4,0
5,2,0.6,100,GreedyDP+turn,3,0
5,2,0.4,1000,GreedyDP+turn,0,0
5,2,0.4,500,GreedyDP+turn,0,0
5,2,0.4,100,GreedyDP+turn,5,1
5,2,0.4,1000,GreedyDP+turn,0,0
5,2,0.4,500,GreedyDP+turn,2,0
5,2,0.4,100,GreedyDP+turn,3,0
5,2,0.2,1000,GreedyDP+turn,0,1
5,2,0.2,500,GreedyDP+turn,0,1
5,2,0.2,100,GreedyDP+turn,2,2
5,2,0.2,1000,GreedyDP+turn,0,0
5,2,0.2,500,GreedyDP+turn,0,2
5,2,0.2,100,GreedyDP+turn,7,2
20,10,0.8,1000,GreedyDP,145,10
20,10,0.8,500,GreedyDP,197,9
20,10,0.8,100,GreedyDP,186,12
20,2,0.8,1000,GreedyDP,202,15
20,2,0.8,500,GreedyDP,170,15
20,2,0.8,100,GreedyDP,185,12
20,10,0.6,1000,GreedyDP,179,10
20,10,0.6,500,GreedyDP,151,10
20,10,0.6,100,GreedyDP,139,12
20,2,0.6,1000,GreedyDP,116,15
20,2,0.6,500,GreedyDP,141,16
20,2,0.6,100,GreedyDP,145,13
20,10,0.4,1000,GreedyDP,131,11
20,10,0.4,500,GreedyDP,127,10
20,10,0.4,100,GreedyDP,102,13
20,2,0.4,1000,GreedyDP,116,13
20,2,0.4,500,GreedyDP,110,16
20,2,0.4,100,GreedyDP,98,13
20,10,0.2,1000,GreedyDP,33,11
20,10,0.2,500,GreedyDP,51,9
20,10,0.2,100,GreedyDP,59,12
20,2,0.2,1000,GreedyDP,29,13
20,2,0.2,500,GreedyDP,28,13
20,2,0.2,100,GreedyDP,35,12
8,4,0.8,1000,GreedyDP,27,5
8,4,0.8,500,GreedyDP,28,5
8,4,0.8,100,GreedyDP,35,4
8,2,0.8,1000,GreedyDP,36,6
8,2,0.8,500,GreedyDP,20,5
8,2,0.8,100,GreedyDP,23,4
8,4,0.6,1000,GreedyDP,21,4
8,4,0.6,500,GreedyDP,13,4
8,4,0.6,100,GreedyDP,10,3
8,2,0.6,1000,GreedyDP,8,4
8,2,0.6,500,GreedyDP,20,3
8,2,0.6,100,GreedyDP,13,3
8,4,0.4,1000,GreedyDP,10,4
8,4,0.4,500,GreedyDP,12,4
8,4,0.4,100,GreedyDP,8,4
8,2,0.4,1000,GreedyDP,1,0
8,2,0.4,500,GreedyDP,0,0
8,2,0.4,100,GreedyDP,4,2
8,4,0.2,1000,GreedyDP,2,0
8,4,0.2,500,GreedyDP,1,0
8,4,0.2,100,GreedyDP,3,2
8,2,0.2,1000,GreedyDP,2,4
8,2,0.2,500,GreedyDP,2,3
8,2,0.2,100,GreedyDP,0,4
5,2,0.8,1000,GreedyDP,13,3
5,2,0.8,500,GreedyDP,6,1
5,2,0.8,100,GreedyDP,7,1
5,2,0.8,1000,GreedyDP,2,2
5,2,0.8,500,GreedyDP,2,2
5,2,0.8,100,GreedyDP,11,2
5,2,0.6,1000,GreedyDP,0,1
5,2,0.6,500,GreedyDP,0,0
5,2,0.6,100,GreedyDP,0,0
5,2,0.6,1000,GreedyDP,3,0
5,2,0.6,500,GreedyDP,0,0
5,2,0.6,100,GreedyDP,5,1
5,2,0.4,1000,GreedyDP,2,0
5,2,0.4,500,GreedyDP,0,0
5,2,0.4,100,GreedyDP,4,0
5,2,0.4,1000,GreedyDP,0,0
5,2,0.4,500,GreedyDP,0,0
5,2,0.4,100,GreedyDP,0,0
5,2,0.2,1000,GreedyDP,2,0
5,2,0.2,500,GreedyDP,0,0
5,2,0.2,100,GreedyDP,1,0
5,2,0.2,1000,GreedyDP,0,0
5,2,0.2,500,GreedyDP,0,0
5,2,0.2,100,GreedyDP,5,2
20,10,0.8,1000,GreedyDP,216,10
20,10,0.8,500,GreedyDP,215,11
20,10,0.8,100,GreedyDP,186,12
20,2,0.8,1000,GreedyDP,176,17
20,2,0.8,500,GreedyDP,158,13
20,2,0.8,100,GreedyDP,185,14
20,10,0.6,1000,GreedyDP,157,11
20,10,0.6,500,GreedyDP,131,10
20,10,0.6,100,GreedyDP,148,12
20,2,0.6,1000,GreedyDP,183,17
20,2,0.6,500,GreedyDP,156,15
20,2,0.6,100,GreedyDP,165,13
20,10,0.4,1000,GreedyDP,98,9
20,10,0.4,500,GreedyDP,130,12
20,10,0.4,100,GreedyDP,89,9
20,2,0.4,1000,GreedyDP,115,14
20,2,0.4,500,GreedyDP,134,15
20,2,0.4,100,GreedyDP,88,13
20,10,0.2,1000,GreedyDP,26,9
20,10,0.2,500,GreedyDP,31,10
20,10,0.2,100,GreedyDP,26,13
20,2,0.2,1000,GreedyDP,45,11
20,2,0.2,500,GreedyDP,33,10
20,2,0.2,100,GreedyDP,37,13
8,4,0.8,1000,GreedyDP,16,3
8,4,0.8,500,GreedyDP,18,4
8,4,0.8,100,GreedyDP,14,3
8,2,0.8,1000,GreedyDP,27,4
8,2,0.8,500,GreedyDP,18,4
8,2,0.8,100,GreedyDP,27,5
8,4,0.6,1000,GreedyDP,15,3
8,4,0.6,500,GreedyDP,16,4
8,4,0.6,100,GreedyDP,16,4
8,2,0.6,1000,GreedyDP,11,3
8,2,0.6,500,GreedyDP,14,2
8,2,0.6,100,GreedyDP,18,4
8,4,0.4,1000,GreedyDP,13,4
8,4,0.4,500,GreedyDP,6,3
8,4,0.4,100,GreedyDP,8,1
8,2,0.4,1000,GreedyDP,4,3
8,2,0.4,500,GreedyDP,7,4
8,2,0.4,100,GreedyDP,16,4
8,4,0.2,1000,GreedyDP,10,3
8,4,0.2,500,GreedyDP,17,3
8,4,0.2,100,GreedyDP,11,4
8,2,0.2,1000,GreedyDP,6,3
8,2,0.2,500,GreedyDP,6,3
8,2,0.2,100,GreedyDP,14,4
5,2,0.8,1000,GreedyDP,9,3
5,2,0.8,500,GreedyDP,7,2
5,2,0.8,100,GreedyDP,4,1
5,2,0.8,1000,GreedyDP,13,2
5,2,0.8,500,GreedyDP,11,1
5,2,0.8,100,GreedyDP,7,1
5,2,0.6,1000,GreedyDP,9,2
5,2,0.6,500,GreedyDP,5,2
5,2,0.6,100,GreedyDP,7,3
5,2,0.6,1000,GreedyDP,10,3
5,2,0.6,500,GreedyDP,6,2
5,2,0.6,100,GreedyDP,7,2
5,2,0.4,1000,GreedyDP,5,1
5,2,0.4,500,GreedyDP,3,1
5,2,0.4,100,GreedyDP,3,1
5,2,0.4,1000,GreedyDP,0,0
5,2,0.4,500,GreedyDP,0,0
5,2,0.4,100,GreedyDP,1,1
5,2,0.2,1000,GreedyDP,0,0
5,2,0.2,500,GreedyDP,0,0
5,2,0.2,100,GreedyDP,1,0
5,2,0.2,1000,GreedyDP,0,0
5,2,0.2,500,GreedyDP,0,0
5,2,0.2,100,GreedyDP,2,0
20,10,0.8,1000,GreedyDP,137,12
20,10,0.8,500,GreedyDP,156,10
20,10,0.8,100,GreedyDP,150,12
20,2,0.8,1000,GreedyDP,182,17
20,2,0.8,500,GreedyDP,145,16
20,2,0.8,100,GreedyDP,182,14
20,10,0.6,1000,GreedyDP,125,10
20,10,0.6,500,GreedyDP,156,11
20,10,0.6,100,GreedyDP,158,10
20,2,0.6,1000,GreedyDP,117,15
20,2,0.6,500,GreedyDP,177,15
20,2,0.6,100,GreedyDP,136,13
20,10,0.4,1000,GreedyDP,138,10
20,10,0.4,500,GreedyDP,112,10
20,10,0.4,100,GreedyDP,91,12
20,2,0.4,1000,GreedyDP,120,13
20,2,0.4,500,GreedyDP,80,14
20,2,0.4,100,GreedyDP,117,12
20,10,0.2,1000,GreedyDP,15,7
20,10,0.2,500,GreedyDP,7,7
20,10,0.2,100,GreedyDP,18,9
20,2,0.2,1000,GreedyDP,29,12
20,2,0.2,500,GreedyDP,65,14
20,2,0.2,100,GreedyDP,32,9
8,4,0.8,1000,GreedyDP,11,4
8,4,0.8,500,GreedyDP,27,4
8,4,0.8,100,GreedyDP,24,2
8,2,0.8,1000,GreedyDP,19,5
8,2,0.8,500,GreedyDP,25,4
8,2,0.8,100,GreedyDP,26,5
8,4,0.6,1000,GreedyDP,14,3
8,4,0.6,500,GreedyDP,20,3
8,4,0.6,100,GreedyDP,14,2
8,2,0.6,1000,GreedyDP,7,4
8,2,0.6,500,GreedyDP,14,4
8,2,0.6,100,GreedyDP,18,5
8,4,0.4,1000,GreedyDP,13,3
8,4,0.4,500,GreedyDP,6,2
8,4,0.4,100,GreedyDP,14,4
8,2,0.4,1000,GreedyDP,18,3
8,2,0.4,500,GreedyDP,3,2
8,2,0.4,100,GreedyDP,6,3
8,4,0.2,1000,GreedyDP,0,0
8,4,0.2,500,GreedyDP,2,0
8,4,0.2,100,GreedyDP,2,2
8,2,0.2,1000,GreedyDP,8,3
8,2,0.2,500,GreedyDP,8,3
8,2,0.2,100,GreedyDP,9,2
5,2,0.8,1000,GreedyDP,4,2
5,2,0.8,500,GreedyDP,6,1
5,2,0.8,100,GreedyDP,3,2
5,2,0.8,1000,GreedyDP,2,1
5,2,0.8,500,GreedyDP,8,2
5,2,0.8,100,GreedyDP,10,2
5,2,0.6,1000,GreedyDP,10,2
5,2,0.6,500,GreedyDP,11,2
5,2,0.6,100,GreedyDP,11,3
5,2,0.6,1000,GreedyDP,8,2
5,2,0.6,500,GreedyDP,10,1
5,2,0.6,100,GreedyDP,7,1
5,2,0.4,1000,GreedyDP,8,2
5,2,0.4,500,GreedyDP,9,2
5,2,0.4,100,GreedyDP,8,1
5,2,0.4,1000,GreedyDP,0,0
5,2,0.4,500,GreedyDP,0,0
5,2,0.4,100,GreedyDP,3,2
5,2,0.2,1000,GreedyDP,0,1
5,2,0.2,500,GreedyDP,1,1
5,2,0.2,100,GreedyDP,0,1
5,2,0.2,1000,GreedyDP,1,2
5,2,0.2,500,GreedyDP,0,2
5,2,0.2,100,GreedyDP,1,2
20,10,0.8,1000,GreedyDP,169,10
20,10,0.8,500,GreedyDP,198,11
20,10,0.8,100,GreedyDP,134,12
20,2,0.8,1000,GreedyDP,122,15
20,2,0.8,500,GreedyDP,127,14
20,2,0.8,100,GreedyDP,181,15
20,10,0.6,1000,GreedyDP,148,12
20,10,0.6,500,GreedyDP,165,12
20,10,0.6,100,GreedyDP,123,13
20,2,0.6,1000,GreedyDP,186,16
20,2,0.6,500,GreedyDP,162,15
20,2,0.6,100,GreedyDP,135,15
20,10,0.4,1000,GreedyDP,118,10
20,10,0.4,500,GreedyDP,67,9
20,10,0.4,100,GreedyDP,103,13
20,2,0.4,1000,GreedyDP,161,15
20,2,0.4,500,GreedyDP,116,16
20,2,0.4,100,GreedyDP,127,13
20,10,0.2,1000,GreedyDP,14,8
20,10,0.2,500,GreedyDP,10,9
20,10,0.2,100,GreedyDP,19,12
20,2,0.2,1000,GreedyDP,15,10
20,2,0.2,500,GreedyDP,33,12
20,2,0.2,100,GreedyDP,33,12
8,4,0.8,1000,GreedyDP,22,4
8,4,0.8,500,GreedyDP,17,2
8,4,0.8,100,GreedyDP,28,4
8,2,0.8,1000,GreedyDP,22,6
8,2,0.8,500,GreedyDP,33,4
8,2,0.8,100,GreedyDP,26,3
8,4,0.6,1000,GreedyDP,19,4
8,4,0.6,500,GreedyDP,16,4
8,4,0.6,100,GreedyDP,19,4
8,2,0.6,1000,GreedyDP,16,4
8,2,0.6,500,GreedyDP,12,5
8,2,0.6,100,GreedyDP,9,3
8,4,0.4,1000,GreedyDP,2,3
8,4,0.4,500,GreedyDP,1,4
8,4,0.4,100,GreedyDP,3,3
8,2,0.4,1000,GreedyDP,7,3
8,2,0.4,500,GreedyDP,0,0
8,2,0.4,100,GreedyDP,4,2
8,4,0.2,1000,GreedyDP,7,2
8,4,0.2,500,GreedyDP,3,2
8,4,0.2,100,GreedyDP,12,2
8,2,0.2,1000,GreedyDP,6,4
8,2,0.2,500,GreedyDP,0,0
8,2,0.2,100,GreedyDP,8,4
5,2,0.8,1000,GreedyDP,2,2
5,2,0.8,500,GreedyDP,4,3
5,2,0.8,100,GreedyDP,2,1
5,2,0.8,1000,GreedyDP,10,1
5,2,0.8,500,GreedyDP,5,1
5,2,0.8,100,GreedyDP,6,1
5,2,0.6,1000,GreedyDP,1,0
5,2,0.6,500,GreedyDP,0,0
5,2,0.6,100,GreedyDP,1,1
5,2,0.6,1000,GreedyDP,2,2
5,2,0.6,500,GreedyDP,0,0
5,2,0.6,100,GreedyDP,2,2
5,2,0.4,1000,GreedyDP,7,2
5,2,0.4,500,GreedyDP,2,0
5,2,0.4,100,GreedyDP,1,0
5,2,0.4,1000,GreedyDP,2,1
5,2,0.4,500,GreedyDP,2,2
5,2,0.4,100,GreedyDP,2,1
5,2,0.2,1000,GreedyDP,0,0
5,2,0.2,500,GreedyDP,0,0
5,2,0.2,100,GreedyDP,0,0
5,2,0.2,1000,GreedyDP,0,0
5,2,0.2,500,GreedyDP,0,0
5,2,0.2,100,GreedyDP,0,0
20,10,0.8,1000,GreedyDP,199,10
20,10,0.8,500,GreedyDP,146,11
20,10,0.8,100,GreedyDP,183,10
20,2,0.8,1000,GreedyDP,204,15
20,2,0.8,500,GreedyDP,177,16
20,2,0.8,100,GreedyDP,187,13
20,10,0.6,1000,GreedyDP,142,10
20,10,0.6,500,GreedyDP,150,10
20,10,0.6,100,GreedyDP,136,11
20,2,0.6,1000,GreedyDP,148,15
20,2,0.6,500,GreedyDP,140,16
20,2,0.6,100,GreedyDP,154,14
20,10,0.4,1000,GreedyDP,155,10
20,10,0.4,500,GreedyDP,116,11
20,10,0.4,100,GreedyDP,135,11
20,2,0.4,1000,GreedyDP,134,16
20,2,0.4,500,GreedyDP,114,16
20,2,0.4,100,GreedyDP,101,15
20,10,0.2,1000,GreedyDP,53,10
20,10,0.2,500,GreedyDP,53,11
20,10,0.2,100,GreedyDP,45,12
20,2,0.2,1000,GreedyDP,52,13
20,2,0.2,500,GreedyDP,21,10
20,2,0.2,100,GreedyDP,45,12
8,4,0.8,1000,GreedyDP,32,2
8,4,0.8,500,GreedyDP,29,4
8,4,0.8,100,GreedyDP,16,3
8,2,0.8,1000,GreedyDP,24,4
8,2,0.8,500,GreedyDP,21,4
8,2,0.8,100,GreedyDP,13,4
8,4,0.6,1000,GreedyDP,36,4
8,4,0.6,500,GreedyDP,12,2
8,4,0.6,100,GreedyDP,17,3
8,2,0.6,1000,GreedyDP,0,0
8,2,0.6,500,GreedyDP,12,3
8,2,0.6,100,GreedyDP,12,3
8,4,0.4,1000,GreedyDP,0,0
8,4,0.4,500,GreedyDP,0,0
8,4,0.4,100,GreedyDP,18,3
8,2,0.4,1000,GreedyDP,19,3
8,2,0.4,500,GreedyDP,22,4
8,2,0.4,100,GreedyDP,17,4
8,4,0.2,1000,GreedyDP,0,1
8,4,0.2,500,GreedyDP,0,1
8,4,0.2,100,GreedyDP,6,2
8,2,0.2,1000,GreedyDP,0,2
8,2,0.2,500,GreedyDP,0,2
8,2,0.2,100,GreedyDP,2,2
5,2,0.8,1000,GreedyDP,5,2
5,2,0.8,500,GreedyDP,4,1
5,2,0.8,100,GreedyDP,3,1
5,2,0.8,1000,GreedyDP,6,0
5,2,0.8,500,GreedyDP,0,1
5,2,0.8,100,GreedyDP,5,1
5,2,0.6,1000,GreedyDP,4,2
5,2,0.6,500,GreedyDP,2,2
5,2,0.6,100,GreedyDP,5,2
5,2,0.6,1000,GreedyDP,13,2
5,2,0.6,500,GreedyDP,0,2
5,2,0.6,100,GreedyDP,11,2
5,2,0.4,1000,GreedyDP,5,3
5,2,0.4,500,GreedyDP,3,1
5,2,0.4,100,GreedyDP,3,1
5,2,0.4,1000,GreedyDP,0,0
5,2,0.4,500,GreedyDP,3,1
5,2,0.4,100,GreedyDP,3,2
5,2,0.2,1000,GreedyDP,0,0
5,2,0.2,500,GreedyDP,0,0
5,2,0.2,100,GreedyDP,0,0
5,2,0.2,1000,GreedyDP,0,0
5,2,0.2,500,GreedyDP,1,0
5,2,0.2,100,GreedyDP,0,1
20,10,0.8,1000,GreedyDP,181,11
20,10,0.8,500,GreedyDP,148,12
20,10,0.8,100,GreedyDP,185,11
20,2,0.8,1000,GreedyDP,199,17
20,2,0.8,500,GreedyDP,173,16
20,2,0.8,100,GreedyDP,175,14
20,10,0.6,1000,GreedyDP,181,11
20,10,0.6,500,GreedyDP,134,12
20,10,0.6,100,GreedyDP,130,12
20,2,0.6,1000,GreedyDP,195,15
20,2,0.6,500,GreedyDP,185,16
20,2,0.6,100,GreedyDP,170,13
20,10,0.4,1000,GreedyDP,144,10
20,10,0.4,500,GreedyDP,124,10
20,10,0.4,100,GreedyDP,96,11
20,2,0.4,1000,GreedyDP,138,15
20,2,0.4,500,GreedyDP,102,14
20,2,0.4,100,GreedyDP,96,12
20,10,0.2,1000,GreedyDP,35,9
20,10,0.2,500,GreedyDP,40,10
20,10,0.2,100,GreedyDP,64,11
20,2,0.2,1000,GreedyDP,39,13
20,2,0.2,500,GreedyDP,62,15
20,2,0.2,100,GreedyDP,26,7
8,4,0.8,1000,GreedyDP,20,4
8,4,0.8,500,GreedyDP,21,3
8,4,0.8,100,GreedyDP,26,3
8,2,0.8,1000,GreedyDP,19,5
8,2,0.8,500,GreedyDP,39,5
8,2,0.8,100,GreedyDP,29,4
8,4,0.6,1000,GreedyDP,24,3
8,4,0.6,500,GreedyDP,19,4
8,4,0.6,100,GreedyDP,21,3
8,2,0.6,1000,GreedyDP,17,5
8,2,0.6,500,GreedyDP,18,5
8,2,0.6,100,GreedyDP,18,3
8,4,0.4,1000,GreedyDP,15,3
8,4,0.4,500,GreedyDP,7,3
8,4,0.4,100,GreedyDP,10,4
8,2,0.4,1000,GreedyDP,12,3
8,2,0.4,500,GreedyDP,4,2
8,2,0.4,100,GreedyDP,9,2
8,4,0.2,1000,GreedyDP,3,0
8,4,0.2,500,GreedyDP,6,3
8,4,0.2,100,GreedyDP,10,2
8,2,0.2,1000,GreedyDP,0,4
8,2,0.2,500,GreedyDP,1,2
8,2,0.2,100,GreedyDP,0,3
5,2,0.8,1000,GreedyDP,5,3
5,2,0.8,500,GreedyDP,10,3
5,2,0.8,100,GreedyDP,10,2
5,2,0.8,1000,GreedyDP,3,2
5,2,0.8,500,GreedyDP,4,2
5,2,0.8,100,GreedyDP,3,2
5,2,0.6,1000,GreedyDP,9,2
5,2,0.6,500,GreedyDP,10,1
5,2,0.6,100,GreedyDP,3,1
5,2,0.6,1000,GreedyDP,3,1
5,2,0.6,500,GreedyDP,2,2
5,2,0.6,100,GreedyDP,0,2
5,2,0.4,1000,GreedyDP,9,3
5,2,0.4,500,GreedyDP,13,2
5,2,0.4,100,GreedyDP,4,3
5,2,0.4,1000,GreedyDP,0,0
5,2,0.4,500,GreedyDP,0,0
5,2,0.4,100,GreedyDP,1,1
5,2,0.2,1000,GreedyDP,0,0
5,2,0.2,500,GreedyDP,0,0
5,2,0.2,100,GreedyDP,1,1
5,2,0.2,1000,GreedyDP,0,0
5,2,0.2,500,GreedyDP,0,0
5,2,0.2,100,GreedyDP,0,0
20,10,0.8,1000,GreedyDP,234,9
20,10,0.8,500,GreedyDP,147,11
20,10,0.8,100,GreedyDP,211,10
20,2,0.8,1000,GreedyDP,211,15
20,2,0.8,500,GreedyDP,219,15
20,2,0.8,100,GreedyDP,167,14
20,10,0.6,1000,GreedyDP,173,9
20,10,0.6,500,GreedyDP,184,9
20,10,0.6,100,GreedyDP,159,12
20,2,0.6,1000,GreedyDP,138,17
20,2,0.6,500,GreedyDP,169,16
20,2,0.6,100,GreedyDP,158,15
20,10,0.4,1000,GreedyDP,69,11
20,10,0.4,500,GreedyDP,101,8
20,10,0.4,100,GreedyDP,122,9
20,2,0.4,1000,GreedyDP,94,16
20,2,0.4,500,GreedyDP,107,16
20,2,0.4,100,GreedyDP,122,13
20,10,0.2,1000,GreedyDP,32,11
20,10,0.2,500,GreedyDP,23,12
20,10,0.2,100,GreedyDP,28,12
20,2,0.2,1000,GreedyDP,66,14
20,2,0.2,500,GreedyDP,82,12
20,2,0.2,100,GreedyDP,42,11
8,4,0.8,1000,GreedyDP,19,4
8,4,0.8,500,GreedyDP,32,3
8,4,0.8,100,GreedyDP,22,3
8,2,0.8,1000,GreedyDP,26,6
8,2,0.8,500,GreedyDP,16,5
8,2,0.8,100,GreedyDP,14,4
8,4,0.6,1000,GreedyDP,7,2
8,4,0.6,500,GreedyDP,12,2
8,4,0.6,100,GreedyDP,17,2
8,2,0.6,1000,GreedyDP,1,0
8,2,0.6,500,GreedyDP,17,4
8,2,0.6,100,GreedyDP,0,3
8,4,0.4,1000,GreedyDP,13,3
8,4,0.4,500,GreedyDP,4,1
8,4,0.4,100,GreedyDP,7,3
8,2,0.4,1000,GreedyDP,0,0
8,2,0.4,500,GreedyDP,3,2
8,2,0.4,100,GreedyDP,7,0
8,4,0.2,1000,GreedyDP,3,2
8,4,0.2,500,GreedyDP,1,1
8,4,0.2,100,GreedyDP,1,2
8,2,0.2,1000,GreedyDP,3,2
8,2,0.2,500,GreedyDP,1,3
8,2,0.2,100,GreedyDP,6,1
5,2,0.8,1000,GreedyDP,0,0
5,2,0.8,500,GreedyDP,11,2
5,2,0.8,100,GreedyDP,9,1
5,2,0.8,1000,GreedyDP,2,2
5,2,0.8,500,GreedyDP,3,1
5,2,0.8,100,GreedyDP,1,2
5,2,0.6,1000,GreedyDP,6,2
5,2,0.6,500,GreedyDP,0,0
5,2,0.6,100,GreedyDP,5,2
5,2,0.6,1000,GreedyDP,9,2
5,2,0.6,500,GreedyDP,6,3
5,2,0.6,100,GreedyDP,5,2
5,2,0.4,1000,GreedyDP,0,0
5,2,0.4,500,GreedyDP,0,0
5,2,0.4,100,GreedyDP,0,0
5,2,0.4,1000,GreedyDP,0,0
5,2,0.4,500,GreedyDP,0,0
5,2,0.4,100,GreedyDP,1,0
5,2,0.2,1000,GreedyDP,0,0
5,2,0.2,500,GreedyDP,0,0
5,2,0.2,100,GreedyDP,1,0
5,2,0.2,1000,GreedyDP,0,0
5,2,0.2,500,GreedyDP,0,0
5,2,0.2,100,GreedyDP,1,0
20,10,0.8,1000,GreedyDP,201,10
20,10,0.8,500,GreedyDP,179,10
20,10,0.8,100,GreedyDP,132,12
20,2,0.8,1000,GreedyDP,177,14
20,2,0.8,500,GreedyDP,195,15
20,2,0.8,100,GreedyDP,178,14
20,10,0.6,1000,GreedyDP,154,10
20,10,0.6,500,GreedyDP,133,10
20,10,0.6,100,GreedyDP,116,11
20,2,0.6,1000,GreedyDP,133,17
20,2,0.6,500,GreedyDP,153,15
20,2,0.6,100,GreedyDP,150,13
20,10,0.4,1000,GreedyDP,129,9
20,10,0.4,500,GreedyDP,89,11
20,10,0.4,100,GreedyDP,100,11
20,2,0.4,1000,GreedyDP,108,16
20,2,0.4,500,GreedyDP,82,15
20,2,0.4,100,GreedyDP,80,13
20,10,0.2,1000,GreedyDP,117,10
20,10,0.2,500,GreedyDP,47,9
20,10,0.2,100,GreedyDP,54,12
20,2,0.2,1000,GreedyDP,35,7
20,2,0.2,500,GreedyDP,55,13
20,2,0.2,100,GreedyDP,41,11
8,4,0.8,1000,GreedyDP,23,3
8,4,0.8,500,GreedyDP,17,3
8,4,0.8,100,GreedyDP,24,3
8,2,0.8,1000,GreedyDP,32,4
8,2,0.8,500,GreedyDP,26,4
8,2,0.8,100,GreedyDP,16,1
8,4,0.6,1000,GreedyDP,0,0
8,4,0.6,500,GreedyDP,4,3
8,4,0.6,100,GreedyDP,9,3
8,2,0.6,1000,GreedyDP,13,3
8,2,0.6,500,GreedyDP,21,5
8,2,0.6,100,GreedyDP,10,2
8,4,0.4,1000,GreedyDP,8,3
8,4,0.4,500,GreedyDP,11,4
8,4,0.4,100,GreedyDP,6,3
8,2,0.4,1000,GreedyDP,6,3
8,2,0.4,500,GreedyDP,6,5
8,2,0.4,100,GreedyDP,7,3
8,4,0.2,1000,GreedyDP,8,4
8,4,0.2,500,GreedyDP,3,3
8,4,0.2,100,GreedyDP,0,3
8,2,0.2,1000,GreedyDP,0,1
8,2,0.2,500,GreedyDP,2,3
8,2,0.2,100,GreedyDP,6,3
5,2,0.8,1000,GreedyDP,7,2
5,2,0.8,500,GreedyDP,0,0
5,2,0.8,100,GreedyDP,3,2
5,2,0.8,1000,GreedyDP,15,3
5,2,0.8,500,GreedyDP,8,2
5,2,0.8,100,GreedyDP,4,3
5,2,0.6,1000,GreedyDP,2,2
5,2,0.6,500,GreedyDP,2,1
5,2,0.6,100,GreedyDP,0,0
5,2,0.6,1000,GreedyDP,0,0
5,2,0.6,500,GreedyDP,0,2
5,2,0.6,100,GreedyDP,2,2
5,2,0.4,1000,GreedyDP,0,0
5,2,0.4,500,GreedyDP,8,3
5,2,0.4,100,GreedyDP,7,2
5,2,0.4,1000,GreedyDP,0,0
5,2,0.4,500,GreedyDP,2,1
5,2,0.4,100,GreedyDP,2,1
5,2,0.2,1000,GreedyDP,0,0
5,2,0.2,500,GreedyDP,0,0
5,2,0.2,100,GreedyDP,0,0
5,2,0.2,1000,GreedyDP,0,0
5,2,0.2,500,GreedyDP,0,0
5,2,0.2,100,GreedyDP,1,0
20,10,0.8,1000,GreedyDP,188,9
20,10,0.8,500,GreedyDP,169,11
20,10,0.8,100,GreedyDP,168,10
20,2,0.8,1000,GreedyDP,130,15
20,2,0.8,500,GreedyDP,176,16
20,2,0.8,100,GreedyDP,173,14
20,10,0.6,1000,GreedyDP,150,11
20,10,0.6,500,GreedyDP,160,11
20,10,0.6,100,GreedyDP,151,10
20,2,0.6,1000,GreedyDP,204,16
20,2,0.6,500,GreedyDP,122,15
20,2,0.6,100,GreedyDP,152,16
20,10,0.4,1000,GreedyDP,121,11
20,10,0.4,500,GreedyDP,92,13
20,10,0.4,100,GreedyDP,94,10
20,2,0.4,1000,GreedyDP,120,11
20,2,0.4,500,GreedyDP,91,14
20,2,0.4,100,GreedyDP,77,11
20,10,0.2,1000,GreedyDP,60,10
20,10,0.2,500,GreedyDP,65,10
20,10,0.2,100,GreedyDP,40,11
20,2,0.2,1000,GreedyDP,69,14
20,2,0.2,500,GreedyDP,55,12
20,2,0.2,100,GreedyDP,54,14
8,4,0.8,1000,GreedyDP,22,4
8,4,0.8,500,GreedyDP,22,4
8,4,0.8,100,GreedyDP,14,1
8,2,0.8,1000,GreedyDP,24,5
8,2,0.8,500,GreedyDP,25,4
8,2,0.8,100,GreedyDP,32,4
8,4,0.6,1000,GreedyDP,18,3
8,4,0.6,500,GreedyDP,28,4
8,4,0.6,100,GreedyDP,20,3
8,2,0.6,1000,GreedyDP,14,5
8,2,0.6,500,GreedyDP,12,5
8,2,0.6,100,GreedyDP,5,2
8,4,0.4,1000,GreedyDP,7,4
8,4,0.4,500,GreedyDP,17,4
8,4,0.4,100,GreedyDP,5,0
8,2,0.4,1000,GreedyDP,6,3
8,2,0.4,500,GreedyDP,5,2
8,2,0.4,100,GreedyDP,9,4
8,4,0.2,1000,GreedyDP,4,2
8,4,0.2,500,GreedyDP,0,0
8,4,0.2,100,GreedyDP,2,2
8,2,0.2,1000,GreedyDP,2,2
8,2,0.2,500,GreedyDP,1,0
8,2,0.2,100,GreedyDP,5,1
5,2,0.8,1000,GreedyDP,11,1
5,2,0.8,500,GreedyDP,6,3
5,2,0.8,100,GreedyDP,2,2
5,2,0.8,1000,GreedyDP,10,2
5,2,0.8,500,GreedyDP,9,2
5,2,0.8,100,GreedyDP,8,1
5,2,0.6,1000,GreedyDP,4,1
5,2,0.6,500,GreedyDP,6,2
5,2,0.6,100,GreedyDP,6,1
5,2,0.6,1000,GreedyDP,7,1
5,2,0.6,500,GreedyDP,0,0
5,2,0.6,100,GreedyDP,8,2
5,2,0.4,1000,GreedyDP,5,2
5,2,0.4,500,GreedyDP,4,1
5,2,0.4,100,GreedyDP,5,1
5,2,0.4,1000,GreedyDP,7,3
5,2,0.4,500,GreedyDP,0,0
5,2,0.4,100,GreedyDP,1,1
5,2,0.2,1000,GreedyDP,0,0
5,2,0.2,500,GreedyDP,0,0
5,2,0.2,100,GreedyDP,0,0
5,2,0.2,1000,GreedyDP,0,0
5,2,0.2,500,GreedyDP,0,0
5,2,0.2,100,GreedyDP,0,0
20,10,0.8,1000,GreedyDP,189,8
20,10,0.8,500,GreedyDP,187,11
20,10,0.8,100,GreedyDP,187,11
20,2,0.8,1000,GreedyDP,176,16
20,2,0.8,500,GreedyDP,190,15
20,2,0.8,100,GreedyDP,162,16
20,10,0.6,1000,GreedyDP,172,10
20,10,0.6,500,GreedyDP,166,9
20,10,0.6,100,GreedyDP,166,11
20,2,0.6,1000,GreedyDP,165,15
20,2,0.6,500,GreedyDP,195,13
20,2,0.6,100,GreedyDP,116,12
20,10,0.4,1000,GreedyDP,133,7
20,10,0.4,500,GreedyDP,142,9
20,10,0.4,100,GreedyDP,119,10
20,2,0.4,1000,GreedyDP,124,15
20,2,0.4,500,GreedyDP,130,12
20,2,0.4,100,GreedyDP,124,15
20,10,0.2,1000,GreedyDP,68,11
20,10,0.2,500,GreedyDP,40,11
20,10,0.2,100,GreedyDP,52,10
20,2,0.2,1000,GreedyDP,13,4
20,2,0.2,500,GreedyDP,55,13
20,2,0.2,100,GreedyDP,48,10
8,4,0.8,1000,GreedyDP,14,4
8,4,0.8,500,GreedyDP,8,3
8,4,0.8,100,GreedyDP,16,3
8,2,0.8,1000,GreedyDP,28,6
8,2,0.8,500,GreedyDP,21,5
8,2,0.8,100,GreedyDP,23,4
8,4,0.6,1000,GreedyDP,27,4
8,4,0.6,500,GreedyDP,16,2
8,4,0.6,100,GreedyDP,22,2
8,2,0.6,1000,GreedyDP,14,4
8,2,0.6,500,GreedyDP,19,5
8,2,0.6,100,GreedyDP,30,4
8,4,0.4,1000,GreedyDP,13,4
8,4,0.4,500,GreedyDP,12,3
8,4,0.4,100,GreedyDP,7,2
8,2,0.4,1000,GreedyDP,7,2
8,2,0.4,500,GreedyDP,13,3
8,2,0.4,100,GreedyDP,13,5
8,4,0.2,1000,GreedyDP,1,0
8,4,0.2,500,GreedyDP,2,2
8,4,0.2,100,GreedyDP,4,2
8,2,0.2,1000,GreedyDP,2,1
8,2,0.2,500,GreedyDP,2,2
8,2,0.2,100,GreedyDP,2,4
5,2,0.8,1000,GreedyDP,3,1
5,2,0.8,500,GreedyDP,11,1
5,2,0.8,100,GreedyDP,12,2
5,2,0.8,1000,GreedyDP,1,2
5,2,0.8,500,GreedyDP,2,1
5,2,0.8,100,GreedyDP,2,1
5,2,0.6,1000,GreedyDP,5,1
5,2,0.6,500,GreedyDP,4,1
5,2,0.6,100,GreedyDP,6,2
5,2,0.6,1000,GreedyDP,4,0
5,2,0.6,500,GreedyDP,0,0
5,2,0.6,100,GreedyDP,7,1
5,2,0.4,1000,GreedyDP,2,1
5,2,0.4,500,GreedyDP,7,1
5,2,0.4,100,GreedyDP,1,2
5,2,0.4,1000,GreedyDP,4,1
5,2,0.4,500,GreedyDP,6,1
5,2,0.4,100,GreedyDP,1,0
5,2,0.2,1000,GreedyDP,0,0
5,2,0.2,500,GreedyDP,0,0
5,2,0.2,100,GreedyDP,1,0
5,2,0.2,1000,GreedyDP,0,0
5,2,0.2,500,GreedyDP,0,0
5,2,0.2,100,GreedyDP,0,1
20,10,0.8,1000,GreedyDP,179,9
20,10,0.8,500,GreedyDP,163,9
20,10,0.8,100,GreedyDP,181,11
20,2,0.8,1000,GreedyDP,201,16
20,2,0.8,500,GreedyDP,152,14
20,2,0.8,100,GreedyDP,174,14
20,10,0.6,1000,GreedyDP,143,12
20,10,0.6,500,GreedyDP,131,11
20,10,0.6,100,GreedyDP,102,11
20,2,0.6,1000,GreedyDP,161,13
20,2,0.6,500,GreedyDP,156,14
20,2,0.6,100,GreedyDP,141,16
20,10,0.4,1000,GreedyDP,121,12
20,10,0.4,500,GreedyDP,105,11
20,10,0.4,100,GreedyDP,91,12
20,2,0.4,1000,GreedyDP,84,13
20,2,0.4,500,GreedyDP,105,14
20,2,0.4,100,GreedyDP,127,14
20,10,0.2,1000,GreedyDP,48,10
20,10,0.2,500,GreedyDP,56,9
20,10,0.2,100,GreedyDP,48,13
20,2,0.2,1000,GreedyDP,37,13
20,2,0.2,500,GreedyDP,34,11
20,2,0.2,100,GreedyDP,51,13
8,4,0.8,1000,GreedyDP,13,3
8,4,0.8,500,GreedyDP,31,3
8,4,0.8,100,GreedyDP,22,4
8,2,0.8,1000,GreedyDP,16,5
8,2,0.8,500,GreedyDP,28,5
8,2,0.8,100,GreedyDP,24,5
8,4,0.6,1000,GreedyDP,12,3
8,4,0.6,500,GreedyDP,6,1
8,4,0.6,100,GreedyDP,9,2
8,2,0.6,1000,GreedyDP,28,5
8,2,0.6,500,GreedyDP,19,4
8,2,0.6,100,GreedyDP,18,4
8,4,0.4,1000,GreedyDP,2,2
8,4,0.4,500,GreedyDP,12,4
8,4,0.4,100,GreedyDP,10,3
8,2,0.4,1000,GreedyDP,6,3
8,2,0.4,500,GreedyDP,7,3
8,2,0.4,100,GreedyDP,6,0
8,4,0.2,1000,GreedyDP,2,1
8,4,0.2,500,GreedyDP,4,2
8,4,0.2,100,GreedyDP,4,4
8,2,0.2,1000,GreedyDP,14,5
8,2,0.2,500,GreedyDP,5,2
8,2,0.2,100,GreedyDP,4,2
5,2,0.8,1000,GreedyDP,6,3
5,2,0.8,500,GreedyDP,9,3
5,2,0.8,100,GreedyDP,13,2
5,2,0.8,1000,GreedyDP,10,2
5,2,0.8,500,GreedyDP,8,2
5,2,0.8,100,GreedyDP,12,2
5,2,0.6,1000,GreedyDP,1,2
5,2,0.6,500,GreedyDP,2,1
5,2,0.6,100,GreedyDP,3,2
5,2,0.6,1000,GreedyDP,5,3
5,2,0.6,500,GreedyDP,2,3
5,2,0.6,100,GreedyDP,6,3
5,2,0.4,1000,GreedyDP,0,2
5,2,0.4,500,GreedyDP,1,2
5,2,0.4,100,GreedyDP,1,2
5,2,0.4,1000,GreedyDP,0,0
5,2,0.4,500,GreedyDP,0,0
5,2,0.4,100,GreedyDP,0,1
5,2,0.2,1000,GreedyDP,0,0
5,2,0.2,500,GreedyDP,0,0
5,2,0.2,100,GreedyDP,0,0
5,2,0.2,1000,GreedyDP,2,0
5,2,0.2,500,GreedyDP,0,0
5,2,0.2,100,GreedyDP,0,0
20,10,0.8,1000,GreedyDP,188,11
20,10,0.8,500,GreedyDP,167,10
20,10,0.8,100,GreedyDP,201,12
20,2,0.8,1000,GreedyDP,146,16
20,2,0.8,500,GreedyDP,172,15
20,2,0.8,100,GreedyDP,162,13
20,10,0.6,1000,GreedyDP,199,11
20,10,0.6,500,GreedyDP,184,10
20,10,0.6,100,GreedyDP,169,11
20,2,0.6,1000,GreedyDP,115,14
20,2,0.6,500,GreedyDP,94,14
20,2,0.6,100,GreedyDP,146,14
20,10,0.4,1000,GreedyDP,139,9
20,10,0.4,500,GreedyDP,140,11
20,10,0.4,100,GreedyDP,118,11
20,2,0.4,1000,GreedyDP,152,15
20,2,0.4,500,GreedyDP,123,15
20,2,0.4,100,GreedyDP,95,11
20,10,0.2,1000,GreedyDP,31,9
20,10,0.2,500,GreedyDP,50,8
20,10,0.2,100,GreedyDP,45,13
20,2,0.2,1000,GreedyDP,72,11
20,2,0.2,500,GreedyDP,49,13
20,2,0.2,100,GreedyDP,43,12
8,4,0.8,1000,GreedyDP,33,4
8,4,0.8,500,GreedyDP,23,3
8,4,0.8,100,GreedyDP,27,3
8,2,0.8,1000,GreedyDP,16,5
8,2,0.8,500,GreedyDP,33,4
8,2,0.8,100,GreedyDP,27,5
8,4,0.6,1000,GreedyDP,9,3
8,4,0.6,500,GreedyDP,19,3
8,4,0.6,100,GreedyDP,23,3
8,2,0.6,1000,GreedyDP,32,5
8,2,0.6,500,GreedyDP,13,2
8,2,0.6,100,GreedyDP,23,4
8,4,0.4,1000,GreedyDP,14,3
8,4,0.4,500,GreedyDP,21,2
8,4,0.4,100,GreedyDP,25,3
8,2,0.4,1000,GreedyDP,16,5
8,2,0.4,500,GreedyDP,9,4
8,2,0.4,100,GreedyDP,6,3
8,4,0.2,1000,GreedyDP,6,3
8,4,0.2,500,GreedyDP,0,3
8,4,0.2,100,GreedyDP,4,4
8,2,0.2,1000,GreedyDP,7,2
8,2,0.2,500,GreedyDP,7,3
8,2,0.2,100,GreedyDP,8,2
5,2,0.8,1000,GreedyDP,0,1
5,2,0.8,500,GreedyDP,0,0
5,2,0.8,100,GreedyDP,7,1
5,2,0.8,1000,GreedyDP,0,2
5,2,0.8,500,GreedyDP,1,2
5,2,0.8,100,GreedyDP,0,2
5,2,0.6,1000,GreedyDP,0,0
5,2,0.6,500,GreedyDP,11,1
5,2,0.6,100,GreedyDP,4,0
5,2,0.6,1000,GreedyDP,9,3
5,2,0.6,500,GreedyDP,7,1
5,2,0.6,100,GreedyDP,7,2
5,2,0.4,1000,GreedyDP,4,1
5,2,0.4,500,GreedyDP,0,2
5,2,0.4,100,GreedyDP,3,1
5,2,0.4,1000,GreedyDP,4,2
5,2,0.4,500,GreedyDP,0,0
5,2,0.4,100,GreedyDP,0,1
5,2,0.2,1000,GreedyDP,1,0
5,2,0.2,500,GreedyDP,0,0
5,2,0.2,100,GreedyDP,0,2
5,2,0.2,1000,GreedyDP,0,0
5,2,0.2,500,GreedyDP,0,2
5,2,0.2,100,GreedyDP,1,0
20,10,0.8,1000,GreedyDP,169,9
20,10,0.8,500,GreedyDP,176,10
20,10,0.8,100,GreedyDP,159,11
20,2,0.8,1000,GreedyDP,187,16
20,2,0.8,500,GreedyDP,186,16
20,2,0.8,100,GreedyDP,151,13
20,10,0.6,1000,GreedyDP,145,12
20,10,0.6,500,GreedyDP,114,11
20,10,0.6,100,GreedyDP,180,11
20,2,0.6,1000,GreedyDP,205,17
20,2,0.6,500,GreedyDP,150,14
20,2,0.6,100,GreedyDP,149,13
20,10,0.4,1000,GreedyDP,104,9
20,10,0.4,500,GreedyDP,110,10
20,10,0.4,100,GreedyDP,66,10
20,2,0.4,1000,GreedyDP,148,13
20,2,0.4,500,GreedyDP,150,15
20,2,0.4,100,GreedyDP,124,13
20,10,0.2,1000,GreedyDP,55,10
20,10,0.2,500,GreedyDP,41,10
20,10,0.2,100,GreedyDP,41,12
20,2,0.2,1000,GreedyDP,66,15
20,2,0.2,500,GreedyDP,51,14
20,2,0.2,100,GreedyDP,35,8
8,4,0.8,1000,GreedyDP,12,3
8,4,0.8,500,GreedyDP,34,3
8,4,0.8,100,GreedyDP,32,4
8,2,0.8,1000,GreedyDP,30,5
8,2,0.8,500,GreedyDP,34,5
8,2,0.8,100,GreedyDP,34,4
8,4,0.6,1000,GreedyDP,22,4
8,4,0.6,500,GreedyDP,19,2
8,4,0.6,100,GreedyDP,18,3
8,2,0.6,1000,GreedyDP,12,4
8,2,0.6,500,GreedyDP,18,4
8,2,0.6,100,GreedyDP,17,2
8,4,0.4,1000,GreedyDP,0,1
8,4,0.4,500,GreedyDP,0,1
8,4,0.4,100,GreedyDP,3,1
8,2,0.4,1000,GreedyDP,8,2
8,2,0.4,500,GreedyDP,7,4
8,2,0.4,100,GreedyDP,7,4
8,4,0.2,1000,GreedyDP,1,4
8,4,0.2,500,GreedyDP,0,4
8,4,0.2,100,GreedyDP,2,4
8,2,0.2,1000,GreedyDP,0,0
8,2,0.2,500,GreedyDP,0,0
8,2,0.2,100,GreedyDP,7,2
5,2,0.8,1000,GreedyDP,9,2
5,2,0.8,500,GreedyDP,0,0
5,2,0.8,100,GreedyDP,2,1
5,2,0.8,1000,GreedyDP,4,3
5,2,0.8,500,GreedyDP,6,2
5,2,0.8,100,GreedyDP,11,2
5,2,0.6,1000,GreedyDP,0,0
5,2,0.6,500,GreedyDP,0,0
5,2,0.6,100,GreedyDP,4,0
5,2,0.6,1000,GreedyDP,6,2
5,2,0.6,500,GreedyDP,12,2
5,2,0.6,100,GreedyDP,5,2
5,2,0.4,1000,GreedyDP,2,2
5,2,0.4,500,GreedyDP,2,2
5,2,0.4,100,GreedyDP,0,0
5,2,0.4,1000,GreedyDP,0,0
5,2,0.4,500,GreedyDP,5,3
5,2,0.4,100,GreedyDP,1,2
5,2,0.2,1000,GreedyDP,2,1
5,2,0.2,500,GreedyDP,2,1
5,2,0.2,100,GreedyDP,2,1
5,2,0.2,1000,GreedyDP,0,0
5,2,0.2,500,GreedyDP,0,0
5,2,0.2,100,GreedyDP,0,0
20,10,0.8,1000,GreedyDP,160,12
20,10,0.8,500,GreedyDP,154,12
20,10,0.8,100,GreedyDP,176,12
20,2,0.8,1000,GreedyDP,180,16
20,2,0.8,500,GreedyDP,154,16
20,2,0.8,100,GreedyDP,168,13
20,10,0.6,1000,GreedyDP,168,10
20,10,0.6,500,GreedyDP,176,12
20,10,0.6,100,GreedyDP,146,12
20,2,0.6,1000,GreedyDP,135,16
20,2,0.6,500,GreedyDP,125,15
20,2,0.6,100,GreedyDP,159,15
20,10,0.4,1000,GreedyDP,151,13
20,10,0.4,500,GreedyDP,109,12
20,10,0.4,100,GreedyDP,95,11
20,2,0.4,1000,GreedyDP,112,15
20,2,0.4,500,GreedyDP,77,9
20,2,0.4,100,GreedyDP,128,15
20,10,0.2,1000,GreedyDP,42,8
20,10,0.2,500,GreedyDP,35,11
20,10,0.2,100,GreedyDP,35,11
20,2,0.2,1000,GreedyDP,22,12
20,2,0.2,500,GreedyDP,53,12
20,2,0.2,100,GreedyDP,36,13
8,4,0.8,1000,GreedyDP,28,3
8,4,0.8,500,GreedyDP,25,2
8,4,0.8,100,GreedyDP,30,0
8,2,0.8,1000,GreedyDP,26,5
8,2,0.8,500,GreedyDP,22,4
8,2,0.8,100,GreedyDP,34,5
8,4,0.6,1000,GreedyDP,27,3
8,4,0.6,500,GreedyDP,13,3
8,4,0.6,100,GreedyDP,10,3
8,2,0.6,1000,GreedyDP,17,4
8,2,0.6,500,GreedyDP,17,3
8,2,0.6,100,GreedyDP,13,2
8,4,0.4,1000,GreedyDP,12,3
8,4,0.4,500,GreedyDP,12,3
8,4,0.4,100,GreedyDP,11,4
8,2,0.4,1000,GreedyDP,12,4
8,2,0.4,500,GreedyDP,8,2
8,2,0.4,100,GreedyDP,5,2
8,4,0.2,1000,GreedyDP,5,3
8,4,0.2,500,GreedyDP,2,1
8,4,0.2,100,GreedyDP,8,3
8,2,0.2,1000,GreedyDP,0,1
8,2,0.2,500,GreedyDP,2,3
8,2,0.2,100,GreedyDP,6,1
5,2,0.8,1000,GreedyDP,7,3
5,2,0.8,500,GreedyDP,12,2
5,2,0.8,100,GreedyDP,8,2
5,2,0.8,1000,GreedyDP,2,2
5,2,0.8,500,GreedyDP,10,2
5,2,0.8,100,GreedyDP,7,1
5,2,0.6,1000,GreedyDP,10,2
5,2,0.6,500,GreedyDP,10,2
5,2,0.6,100,GreedyDP,4,1
5,2,0.6,1000,GreedyDP,0,0
5,2,0.6,500,GreedyDP,6,2
5,2,0.6,100,GreedyDP,10,1
5,2,0.4,1000,GreedyDP,0,1
5,2,0.4,500,GreedyDP,0,0
5,2,0.4,100,GreedyDP,0,0
5,2,0.4,1000,GreedyDP,0,0
5,2,0.4,500,GreedyDP,0,0
5,2,0.4,100,GreedyDP,2,2
5,2,0.2,1000,GreedyDP,0,0
5,2,0.2,500,GreedyDP,1,0
5,2,0.2,100,GreedyDP,1,2
5,2,0.2,1000,GreedyDP,0,0
5,2,0.2,500,GreedyDP,0,0
5,2,0.2,100,GreedyDP,0,0
20,10,0.8,1000,GreedyDP,116,9
20,10,0.8,500,GreedyDP,186,9
20,10,0.8,100,GreedyDP,149,11
20,2,0.8,1000,GreedyDP,177,16
20,2,0.8,500,GreedyDP,220,15
20,2,0.8,100,GreedyDP,175,14
20,10,0.6,1000,GreedyDP,166,10
20,10,0.6,500,GreedyDP,165,11
20,10,0.6,100,GreedyDP,142,12
20,2,0.6,1000,GreedyDP,145,14
20,2,0.6,500,GreedyDP,147,15
20,2,0.6,100,GreedyDP,149,14
20,10,0.4,1000,GreedyDP,107,8
20,10,0.4,500,GreedyDP,141,10
20,10,0.4,100,GreedyDP,120,10
20,2,0.4,1000,GreedyDP,132,15
20,2,0.4,500,GreedyDP,100,15
20,2,0.4,100,GreedyDP,126,13
20,10,0.2,1000,GreedyDP,49,6
20,10,0.2,500,GreedyDP,63,9
20,10,0.2,100,GreedyDP,65,12
20,2,0.2,1000,GreedyDP,52,15
20,2,0.2,500,GreedyDP,37,14
20,2,0.2,100,GreedyDP,42,13
8,4,0.8,1000,GreedyDP,17,3
8,4,0.8,500,GreedyDP,12,3
8,4,0.8,100,GreedyDP,14,4
8,2,0.8,1000,GreedyDP,18,4
8,2,0.8,500,GreedyDP,19,5
8,2,0.8,100,GreedyDP,13,3
8,4,0.6,1000,GreedyDP,15,3
8,4,0.6,500,GreedyDP,6,3
8,4,0.6,100,GreedyDP,12,4
8,2,0.6,1000,GreedyDP,15,5
8,2,0.6,500,GreedyDP,20,5
8,2,0.6,100,GreedyDP,16,0
8,4,0.4,1000,GreedyDP,14,3
8,4,0.4,500,GreedyDP,4,3
8,4,0.4,100,GreedyDP,8,2
8,2,0.4,1000,GreedyDP,2,2
8,2,0.4,500,GreedyDP,7,3
8,2,0.4,100,GreedyDP,3,0
8,4,0.2,1000,GreedyDP,0,0
8,4,0.2,500,GreedyDP,1,0
8,4,0.2,100,GreedyDP,0,2
8,2,0.2,1000,GreedyDP,3,2
8,2,0.2,500,GreedyDP,5,2
8,2,0.2,100,GreedyDP,7,4
5,2,0.8,1000,GreedyDP,5,3
5,2,0.8,500,GreedyDP,10,1
5,2,0.8,100,GreedyDP,0,2
5,2,0.8,1000,GreedyDP,0,0
5,2,0.8,500,GreedyDP,0,0
5,2,0.8,100,GreedyDP,11,1
5,2,0.6,1000,GreedyDP,2,0
5,2,0.6,500,GreedyDP,0,0
5,2,0.6,100,GreedyDP,3,1
5,2,0.6,1000,GreedyDP,0,0
5,2,0.6,500,GreedyDP,2,2
5,2,0.6,100,GreedyDP,7,1
5,2,0.4,1000,GreedyDP,0,0
5,2,0.4,500,GreedyDP,7,1
5,2,0.4,100,GreedyDP,2,0
5,2,0.4,1000,GreedyDP,5,2
5,2,0.4,500,GreedyDP,0,0
5,2,0.4,100,GreedyDP,2,2
5,2,0.2,1000,GreedyDP,0,2
5,2,0.2,500,GreedyDP,0,0
5,2,0.2,100,GreedyDP,2,1
5,2,0.2,1000,GreedyDP,0,0
5,2,0.2,500,GreedyDP,0,0
5,2,0.2,100,GreedyDP,1,2
20,10,0.8,1000,GreedyDP,172,12
20,10,0.8,500,GreedyDP,173,11
20,10,0.8,100,GreedyDP,159,12
20,2,0.8,1000,GreedyDP,160,17
20,2,0.8,500,GreedyDP,162,15
20,2,0.8,100,GreedyDP,156,13
20,10,0.6,1000,GreedyDP,160,12
20,10,0.6,500,GreedyDP,155,10
20,10,0.6,100,GreedyDP,150,11
20,2,0.6,1000,GreedyDP,164,15
20,2,0.6,500,GreedyDP,176,14
20,2,0.6,100,GreedyDP,143,14
20,10,0.4,1000,GreedyDP,140,10
20,10,0.4,500,GreedyDP,136,10
20,10,0.4,100,GreedyDP,107,10
20,2,0.4,1000,GreedyDP,115,15
20,2,0.4,500,GreedyDP,87,14
20,2,0.4,100,GreedyDP,82,13
20,10,0.2,1000,GreedyDP,25,9
20,10,0.2,500,GreedyDP,41,12
20,10,0.2,100,GreedyDP,42,9
20,2,0.2,1000,GreedyDP,53,13
20,2,0.2,500,GreedyDP,62,14
20,2,0.2,100,GreedyDP,59,11
8,4,0.8,1000,GreedyDP,6,2
8,4,0.8,500,GreedyDP,31,3
8,4,0.8,100,GreedyDP,9,3
8,2,0.8,1000,GreedyDP,17,4
8,2,0.8,500,GreedyDP,10,3
8,2,0.8,100,GreedyDP,22,3
8,4,0.6,1000,GreedyDP,16,5
8,4,0.6,500,GreedyDP,24,4
8,4,0.6,100,GreedyDP,17,3
8,2,0.6,1000,GreedyDP,21,5
8,2,0.6,500,GreedyDP,15,4
8,2,0.6,100,GreedyDP,26,5
8,4,0.4,1000,GreedyDP,1,1
8,4,0.4,500,GreedyDP,11,4
8,4,0.4,100,GreedyDP,12,3
8,2,0.4,1000,GreedyDP,0,0
8,2,0.4,500,GreedyDP,0,0
8,2,0.4,100,GreedyDP,3,1
8,4,0.2,1000,GreedyDP,0,3
8,4,0.2,500,GreedyDP,0,2
8,4,0.2,100,GreedyDP,6,4
8,2,0.2,1000,GreedyDP,2,3
8,2,0.2,500,GreedyDP,5,3
8,2,0.2,100,GreedyDP,4,0
5,2,0.8,1000,GreedyDP,10,3
5,2,0.8,500,GreedyDP,13,3
5,2,0.8,100,GreedyDP,7,1
5,2,0.8,1000,GreedyDP,7,3
5,2,0.8,500,GreedyDP,10,3
5,2,0.8,100,GreedyDP,8,2
5,2,0.6,1000,GreedyDP,0,1
5,2,0.6,500,GreedyDP,0,1
5,2,0.6,100,GreedyDP,2,1
5,2,0.6,1000,GreedyDP,10,2
5,2,0.6,500,GreedyDP,5,2
5,2,0.6,100,GreedyDP,5,3
5,2,0.4,1000,GreedyDP,0,2
5,2,0.4,500,GreedyDP,9,2
5,2,0.4,100,GreedyDP,0,1
5,2,0.4,1000,GreedyDP,0,0
5,2,0.4,500,GreedyDP,0,0
5,2,0.4,100,GreedyDP,0,2
5,2,0.2,1000,GreedyDP,0,0
5,2,0.2,500,GreedyDP,0,0
5,2,0.2,100,GreedyDP,3,1
5,2,0.2,1000,GreedyDP,0,0
5,2,0.2,500,GreedyDP,0,0
5,2,0.2,100,GreedyDP,0,0
20,10,0.8,1000,GreedyDP,189,11
20,10,0.8,500,GreedyDP,182,11
20,10,0.8,100,GreedyDP,131,12
20,2,0.8,1000,GreedyDP,171,15
20,2,0.8,500,GreedyDP,200,14
20,2,0.8,100,GreedyDP,163,16
20,10,0.6,1000,GreedyDP,148,11
20,10,0.6,500,GreedyDP,141,11
20,10,0.6,100,GreedyDP,129,12
20,2,0.6,1000,GreedyDP,167,15
20,2,0.6,500,GreedyDP,167,15
20,2,0.6,100,GreedyDP,114,14
20,10,0.4,1000,GreedyDP,59,9
20,10,0.4,500,GreedyDP,98,9
20,10,0.4,100,GreedyDP,60,11
20,2,0.4,1000,GreedyDP,93,13
20,2,0.4,500,GreedyDP,137,16
20,2,0.4,100,GreedyDP,117,13
20,10,0.2,1000,GreedyDP,22,8
20,10,0.2,500,GreedyDP,92,8
20,10,0.2,100,GreedyDP,75,13
20,2,0.2,1000,GreedyDP,55,13
20,2,0.2,500,GreedyDP,61,14
20,2,0.2,100,GreedyDP,41,11
8,4,0.8,1000,GreedyDP,18,3
8,4,0.8,500,GreedyDP,23,4
8,4,0.8,100,GreedyDP,28,2
8,2,0.8,1000,GreedyDP,25,4
8,2,0.8,500,GreedyDP,28,6
8,2,0.8,100,GreedyDP,25,5
8,4,0.6,1000,GreedyDP,25,4
8,4,0.6,500,GreedyDP,20,4
8,4,0.6,100,GreedyDP,22,5
8,2,0.6,1000,GreedyDP,12,5
8,2,0.6,500,GreedyDP,8,5
8,2,0.6,100,GreedyDP,21,4
8,4,0.4,1000,GreedyDP,10,2
8,4,0.4,500,GreedyDP,19,3
8,4,0.4,100,GreedyDP,13,2
8,2,0.4,1000,GreedyDP,16,4
8,2,0.4,500,GreedyDP,7,4
8,2,0.4,100,GreedyDP,15,3
8,4,0.2,1000,GreedyDP,4,2
8,4,0.2,500,GreedyDP,7,3
8,4,0.2,100,GreedyDP,1,2
8,2,0.2,1000,GreedyDP,0,0
8,2,0.2,500,GreedyDP,0,0
8,2,0.2,100,GreedyDP,5,2
5,2,0.8,1000,GreedyDP,10,3
5,2,0.8,500,GreedyDP,6,2
5,2,0.8,100,GreedyDP,13,2
5,2,0.8,1000,GreedyDP,11,2
5,2,0.8,500,GreedyDP,5,2
5,2,0.8,100,GreedyDP,7,2
5,2,0.6,1000,GreedyDP,8,3
5,2,0.6,500,GreedyDP,2,1
5,2,0.6,100,GreedyDP,8,2
5,2,0.6,1000,GreedyDP,2,1
5,2,0.6,500,GreedyDP,0,0
5,2,0.6,100,GreedyDP,2,0
5,2,0.4,1000,GreedyDP,6,2
5,2,0.4,500,GreedyDP,4,2
5,2,0.4,100,GreedyDP,4,2
5,2,0.4,1000,GreedyDP,0,0
5,2,0.4,500,GreedyDP,0,0
5,2,0.4,100,GreedyDP,4,2
5,2,0.2,1000,GreedyDP,0,0
5,2,0.2,500,GreedyDP,0,0
5,2,0.2,100,GreedyDP,2,0
5,2,0.2,1000,GreedyDP,0,0
5,2,0.2,500,GreedyDP,0,2
5,2,0.2,100,GreedyDP,1,2
20,10,0.8,1000,GreedyDP,210,12
20,10,0.8,500,GreedyDP,125,11
20,10,0.8,100,GreedyDP,180,10
20,2,0.8,1000,GreedyDP,167,15
20,2,0.8,500,GreedyDP,189,16
20,2,0.8,100,GreedyDP,160,16
20,10,0.6,1000,GreedyDP,160,10
20,10,0.6,500,GreedyDP,133,9
20,10,0.6,100,GreedyDP,120,12
20,2,0.6,1000,GreedyDP,166,13
20,2,0.6,500,GreedyDP,171,15
20,2,0.6,100,GreedyDP,138,14
20,10,0.4,1000,GreedyDP,135,11
20,10,0.4,500,GreedyDP,135,9
20,10,0.4,100,GreedyDP,71,14
20,2,0.4,1000,GreedyDP,123,17
20,2,0.4,500,GreedyDP,94,14
20,2,0.4,100,GreedyDP,72,14
20,10,0.2,1000,GreedyDP,36,11
20,10,0.2,500,GreedyDP,47,11
20,10,0.2,100,GreedyDP,45,12
20,2,0.2,1000,GreedyDP,24,9
20,2,0.2,500,GreedyDP,26,12
20,2,0.2,100,GreedyDP,33,11
8,4,0.8,1000,GreedyDP,17,3
8,4,0.8,500,GreedyDP,22,3
8,4,0.8,100,GreedyDP,27,2
8,2,0.8,1000,GreedyDP,23,5
8,2,0.8,500,GreedyDP,31,6
8,2,0.8,100,GreedyDP,22,5
8,4,0.6,1000,GreedyDP,22,3
8,4,0.6,500,GreedyDP,9,3
8,4,0.6,100,GreedyDP,15,3
8,2,0.6,1000,GreedyDP,16,4
8,2,0.6,500,GreedyDP,13,3
8,2,0.6,100,GreedyDP,10,1
8,4,0.4,1000,GreedyDP,0,1
8,4,0.4,500,GreedyDP,10,2
8,4,0.4,100,GreedyDP,10,3
8,2,0.4,1000,GreedyDP,0,0
8,2,0.4,500,GreedyDP,8,2
8,2,0.4,100,GreedyDP,14,4
8,4,0.2,1000,GreedyDP,0,0
8,4,0.2,500,GreedyDP,0,0
8,4,0.2,100,GreedyDP,8,4
8,2,0.2,1000,GreedyDP,0,0
8,2,0.2,500,GreedyDP,6,2
8,2,0.2,100,GreedyDP,5,0
5,2,0.8,1000,GreedyDP,8,2
5,2,0.8,500,GreedyDP,8,2
5,2,0.8,100,GreedyDP,9,2
5,2,0.8,1000,GreedyDP,4,2
5,2,0.8,500,GreedyDP,4,2
5,2,0.8,100,GreedyDP,0,0
5,2,0.6,1000,GreedyDP,0,0
5,2,0.6,500,GreedyDP,0,0
5,2,0.6,100,GreedyDP,1,1
5,2,0.6,1000,GreedyDP,0,0
5,2,0.6,500,GreedyDP,4,2
5,2,0.6,100,GreedyDP,4,1
5,2,0.4,1000,GreedyDP,0,1
5,2,0.4,500,GreedyDP,8,3
5,2,0.4,100,GreedyDP,7,2
5,2,0.4,1000,GreedyDP,1,1
5,2,0.4,500,GreedyDP,4,1
5,2,0.4,100,GreedyDP,4,1
5,2,0.2,1000,GreedyDP,0,0
5,2,0.2,500,GreedyDP,1,0
5,2,0.2,100,GreedyDP,1,2
5,2,0.2,1000,GreedyDP,7,2
5,2,0.2,500,GreedyDP,1,0
5,2,0.2,100,GreedyDP,2,2
20,10,0.8,1000,GreedyDP,230,12
20,10,0.8,500,GreedyDP,199,11
20,10,0.8,100,GreedyDP,161,12
20,2,0.8,1000,GreedyDP,186,15
20,2,0.8,500,GreedyDP,189,16
20,2,0.8,100,GreedyDP,179,14
20,10,0.6,1000,GreedyDP,127,9
20,10,0.6,500,GreedyDP,131,10
20,10,0.6,100,GreedyDP,160,11
20,2,0.6,1000,GreedyDP,159,13
20,2,0.6,500,GreedyDP,176,14
20,2,0.6,100,GreedyDP,155,13
20,10,0.4,1000,GreedyDP,124,11
20,10,0.4,500,GreedyDP,111,10
20,10,0.4,100,GreedyDP,67,10
20,2,0.4,1000,GreedyDP,102,15
20,2,0.4,500,GreedyDP,134,15
20,2,0.4,100,GreedyDP,81,14
20,10,0.2,1000,GreedyDP,36,9
20,10,0.2,500,GreedyDP,35,8
20,10,0.2,100,GreedyDP,32,11
20,2,0.2,1000,GreedyDP,51,13
20,2,0.2,500,GreedyDP,21,8
20,2,0.2,100,GreedyDP,50,12
8,4,0.8,1000,GreedyDP,32,3
8,4,0.8,500,GreedyDP,29,4
8,4,0.8,100,GreedyDP,29,2
8,2,0.8,1000,GreedyDP,10,2
8,2,0.8,500,GreedyDP,29,6
8,2,0.8,100,GreedyDP,17,3
8,4,0.6,1000,GreedyDP,14,4
8,4,0.6,500,GreedyDP,15,4
8,4,0.6,100,GreedyDP,9,4
8,2,0.6,1000,GreedyDP,19,4
8,2,0.6,500,GreedyDP,20,4
8,2,0.6,100,GreedyDP,16,4
8,4,0.4,1000,GreedyDP,12,3
8,4,0.4,500,GreedyDP,18,3
8,4,0.4,100,GreedyDP,25,4
8,2,0.4,1000,GreedyDP,9,2
8,2,0.4,500,GreedyDP,7,1
8,2,0.4,100,GreedyDP,10,2
8,4,0.2,1000,GreedyDP,0,2
8,4,0.2,500,GreedyDP,2,2
8,4,0.2,100,GreedyDP,3,2
8,2,0.2,1000,GreedyDP,5,3
8,2,0.2,500,GreedyDP,2,1
8,2,0.2,100,GreedyDP,3,2
5,2,0.8,1000,GreedyDP,6,2
5,2,0.8,500,GreedyDP,5,2
5,2,0.8,100,GreedyDP,5,2
5,2,0.8,1000,GreedyDP,7,2
5,2,0.8,500,GreedyDP,3,2
5,2,0.8,100,GreedyDP,5,2
5,2,0.6,1000,GreedyDP,2,0
5,2,0.6,500,GreedyDP,5,1
5,2,0.6,100,GreedyDP,5,0
5,2,0.6,1000,GreedyDP,0,0
5,2,0.6,500,GreedyDP,5,2
5,2,0.6,100,GreedyDP,7,0
5,2,0.4,1000,GreedyDP,3,2
5,2,0.4,500,GreedyDP,3,2
5,2,0.4,100,GreedyDP,5,2
5,2,0.4,1000,GreedyDP,0,0
5,2,0.4,500,GreedyDP,3,0
5,2,0.4,100,GreedyDP,0,0
5,2,0.2,1000,GreedyDP,0,0
5,2,0.2,500,GreedyDP,2,1
5,2,0.2,100,GreedyDP,1,0
5,2,0.2,1000,GreedyDP,0,0
5,2,0.2,500,GreedyDP,2,2
5,2,0.2,100,GreedyDP,2,2
20,10,0.8,1000,GreedyDP,185,10
20,10,0.8,500,GreedyDP,159,11
20,10,0.8,100,GreedyDP,160,9
20,2,0.8,1000,GreedyDP,181,13
20,2,0.8,500,GreedyDP,189,14
20,2,0.8,100,GreedyDP,154,13
20,10,0.6,1000,GreedyDP,147,11
20,10,0.6,500,GreedyDP,151,9
20,10,0.6,100,GreedyDP,170,12
20,2,0.6,1000,GreedyDP,191,16
20,2,0.6,500,GreedyDP,171,15
20,2,0.6,100,GreedyDP,147,16
20,10,0.4,1000,GreedyDP,135,10
20,10,0.4,500,GreedyDP,100,10
20,10,0.4,100,GreedyDP,82,11
20,2,0.4,1000,GreedyDP,121,11
20,2,0.4,500,GreedyDP,127,14
20,2,0.4,100,GreedyDP,60,10
20,10,0.2,1000,GreedyDP,70,11
20,10,0.2,500,GreedyDP,64,10
20,10,0.2,100,GreedyDP,40,9
20,2,0.2,1000,GreedyDP,48,10
20,2,0.2,500,GreedyDP,15,8
20,2,0.2,100,GreedyDP,19,4
8,4,0.8,1000,GreedyDP,12,3
8,4,0.8,500,GreedyDP,22,3
8,4,0.8,100,GreedyDP,28,4
8,2,0.8,1000,GreedyDP,22,3
8,2,0.8,500,GreedyDP,29,4
8,2,0.8,100,GreedyDP,14,2
8,4,0.6,1000,GreedyDP,12,1
8,4,0.6,500,GreedyDP,18,4
8,4,0.6,100,GreedyDP,10,3
8,2,0.6,1000,GreedyDP,17,2
8,2,0.6,500,GreedyDP,15,3
8,2,0.6,100,GreedyDP,11,3
8,4,0.4,1000,GreedyDP,14,4
8,4,0.4,500,GreedyDP,13,4
8,4,0.4,100,GreedyDP,16,4
8,2,0.4,1000,GreedyDP,13,4
8,2,0.4,500,GreedyDP,19,5
8,2,0.4,100,GreedyDP,19,4
8,4,0.2,1000,GreedyDP,1,1
8,4,0.2,500,GreedyDP,4,3
8,4,0.2,100,GreedyDP,5,2
8,2,0.2,1000,GreedyDP,0,0
8,2,0.2,500,GreedyDP,1,0
8,2,0.2,100,GreedyDP,2,1
5,2,0.8,1000,GreedyDP,8,1
5,2,0.8,500,GreedyDP,9,2
5,2,0.8,100,GreedyDP,3,0
5,2,0.8,1000,GreedyDP,9,2
5,2,0.8,500,GreedyDP,8,3
5,2,0.8,100,GreedyDP,10,2
5,2,0.6,1000,GreedyDP,6,2
5,2,0.6,500,GreedyDP,8,2
5,2,0.6,100,GreedyDP,3,2
5,2,0.6,1000,GreedyDP,0,2
5,2,0.6,500,GreedyDP,0,1
5,2,0.6,100,GreedyDP,2,2
5,2,0.4,1000,GreedyDP,0,0
5,2,0.4,500,GreedyDP,0,0
5,2,0.4,100,GreedyDP,1,0
5,2,0.4,1000,GreedyDP,2,0
5,2,0.4,500,GreedyDP,0,0
5,2,0.4,100,GreedyDP,2,0
5,2,0.2,1000,GreedyDP,0,2
5,2,0.2,500,GreedyDP,0,2
5,2,0.2,100,GreedyDP,3,2
5,2,0.2,1000,GreedyDP,0,0
5,2,0.2,500,GreedyDP,4,2
5,2,0.2,100,GreedyDP,5,2
20,10,0.8,1000,GreedyDP,138,11
20,10,0.8,500,GreedyDP,161,11
20,10,0.8,100,GreedyDP,149,9
20,2,0.8,1000,GreedyDP,170,16
20,2,0.8,500,GreedyDP,201,16
20,2,0.8,100,GreedyDP,150,14
20,10,0.6,1000,GreedyDP,162,8
20,10,0.6,500,GreedyDP,175,11
20,10,0.6,100,GreedyDP,116,12
20,2,0.6,1000,GreedyDP,161,16
20,2,0.6,500,GreedyDP,158,16
20,2,0.6,100,GreedyDP,167,13
20,10,0.4,1000,GreedyDP,138,12
20,10,0.4,500,GreedyDP,119,12
20,10,0.4,100,GreedyDP,114,12
20,2,0.4,1000,GreedyDP,59,8
20,2,0.4,500,GreedyDP,67,11
20,2,0.4,100,GreedyDP,82,13
20,10,0.2,1000,GreedyDP,37,8
20,10,0.2,500,GreedyDP,34,9
20,10,0.2,100,GreedyDP,56,11
20,2,0.2,1000,GreedyDP,2,4
20,2,0.2,500,GreedyDP,15,6
20,2,0.2,100,GreedyDP,26,10
8,4,0.8,1000,GreedyDP,23,3
8,4,0.8,500,GreedyDP,23,4
8,4,0.8,100,GreedyDP,37,4
8,2,0.8,1000,GreedyDP,29,4
8,2,0.8,500,GreedyDP,24,5
8,2,0.8,100,GreedyDP,24,3
8,4,0.6,1000,GreedyDP,16,3
8,4,0.6,500,GreedyDP,11,3
8,4,0.6,100,GreedyDP,10,3
8,2,0.6,1000,GreedyDP,25,5
8,2,0.6,500,GreedyDP,12,5
8,2,0.6,100,GreedyDP,21,3
8,4,0.4,1000,GreedyDP,10,4
8,4,0.4,500,GreedyDP,9,3
8,4,0.4,100,GreedyDP,9,2
8,2,0.4,1000,GreedyDP,13,4
8,2,0.4,500,GreedyDP,12,5
8,2,0.4,100,GreedyDP,16,2
8,4,0.2,1000,GreedyDP,0,0
8,4,0.2,500,GreedyDP,4,2
8,4,0.2,100,GreedyDP,2,0
8,2,0.2,1000,GreedyDP,0,0
8,2,0.2,500,GreedyDP,3,0
8,2,0.2,100,GreedyDP,0,1
5,2,0.8,1000,GreedyDP,10,2
5,2,0.8,500,GreedyDP,5,2
5,2,0.8,100,GreedyDP,10,1
5,2,0.8,1000,GreedyDP,8,2
5,2,0.8,500,GreedyDP,2,1
5,2,0.8,100,GreedyDP,2,1
5,2,0.6,1000,GreedyDP,3,2
5,2,0.6,500,GreedyDP,8,2
5,2,0.6,100,GreedyDP,9,2
5,2,0.6,1000,GreedyDP,7,2
5,2,0.6,500,GreedyDP,0,0
5,2,0.6,100,GreedyDP,7,2
5,2,0.4,1000,GreedyDP,0,0
5,2,0.4,500,GreedyDP,0,0
5,2,0.4,100,GreedyDP,1,2
5,2,0.4,1000,GreedyDP,0,0
5,2,0.4,500,GreedyDP,0,0
5,2,0.4,100,GreedyDP,4,2
5,2,0.2,1000,GreedyDP,0,0
5,2,0.2,500,GreedyDP,0,1
5,2,0.2,100,GreedyDP,0,1
5,2,0.2,1000,GreedyDP,0,0
5,2,0.2,500,GreedyDP,1,2
5,2,0.2,100,GreedyDP,2,2
20,10,0.8,1000,GreedyDP,158,9
20,10,0.8,500,GreedyDP,213,9
20,10,0.8,100,GreedyDP,172,9
20,2,0.8,1000,GreedyDP,158,15
20,2,0.8,500,GreedyDP,190,16
20,2,0.8,100,GreedyDP,143,15
20,10,0.6,1000,GreedyDP,149,11
20,10,0.6,500,GreedyDP,128,8
20,10,0.6,100,GreedyDP,136,11
20,2,0.6,1000,GreedyDP,140,14
20,2,0.6,500,GreedyDP,126,16
20,2,0.6,100,GreedyDP,131,15
20,10,0.4,1000,GreedyDP,134,10
20,10,0.4,500,GreedyDP,96,11
20,10,0.4,100,GreedyDP,109,13
20,2,0.4,1000,GreedyDP,110,16
20,2,0.4,500,GreedyDP,110,16
20,2,0.4,100,GreedyDP,130,13
20,10,0.2,1000,GreedyDP,64,11
20,10,0.2,500,GreedyDP,59,11
20,10,0.2,100,GreedyDP,45,12
20,2,0.2,1000,GreedyDP,78,13
20,2,0.2,500,GreedyDP,40,7
20,2,0.2,100,GreedyDP,58,14
8,4,0.8,1000,GreedyDP,18,4
8,4,0.8,500,GreedyDP,40,4
8,4,0.8,100,GreedyDP,28,3
8,2,0.8,1000,GreedyDP,29,5
8,2,0.8,500,GreedyDP,28,4
8,2,0.8,100,GreedyDP,21,4
8,4,0.6,1000,GreedyDP,26,2
8,4,0.6,500,GreedyDP,18,3
8,4,0.6,100,GreedyDP,22,3
8,2,0.6,1000,GreedyDP,14,5
8,2,0.6,500,GreedyDP,11,5
8,2,0.6,100,GreedyDP,24,4
8,4,0.4,1000,GreedyDP,9,2
8,4,0.4,500,GreedyDP,17,3
8,4,0.4,100,GreedyDP,17,3
8,2,0.4,1000,GreedyDP,8,3
8,2,0.4,500,GreedyDP,10,3
8,2,0.4,100,GreedyDP,11,3
8,4,0.2,1000,GreedyDP,8,4
8,4,0.2,500,GreedyDP,4,3
8,4,0.2,100,GreedyDP,0,3
8,2,0.2,1000,GreedyDP,0,0
8,2,0.2,500,GreedyDP,4,4
8,2,0.2,100,GreedyDP,2,0
5,2,0.8,1000,GreedyDP,8,2
5,2,0.8,500,GreedyDP,8,2
5,2,0.8,100,GreedyDP,7,2
5,2,0.8,1000,GreedyDP,0,0
5,2,0.8,500,GreedyDP,0,0
5,2,0.8,100,GreedyDP,3,2
5,2,0.6,1000,GreedyDP,3,0
5,2,0.6,500,GreedyDP,9,3
5,2,0.6,100,GreedyDP,4,1
5,2,0.6,1000,GreedyDP,4,2
5,2,0.6,500,GreedyDP,7,2
5,2,0.6,100,GreedyDP,4,2
5,2,0.4,1000,GreedyDP,2,1
5,2,0.4,500,GreedyDP,5,2
5,2,0.4,100,GreedyDP,5,0
5,2,0.4,1000,GreedyDP,0,2
5,2,0.4,500,GreedyDP,0,2
5,2,0.4,100,GreedyDP,3,2
5,2,0.2,1000,GreedyDP,0,0
5,2,0.2,500,GreedyDP,1,0
5,2,0.2,100,GreedyDP,1,0
5,2,0.2,1000,GreedyDP,2,0
5,2,0.2,500,GreedyDP,2,0
5,2,0.2,100,GreedyDP,2,0
20,10,0.8,1000,GreedyDP,161,10
20,10,0.8,500,GreedyDP,168,11
20,10,0.8,100,GreedyDP,197,11
20,2,0.8,1000,GreedyDP,206,16
20,2,0.8,500,GreedyDP,199,14
20,2,0.8,100,GreedyDP,172,14
20,10,0.6,1000,GreedyDP,200,10
20,10,0.6,500,GreedyDP,171,12
20,10,0.6,100,GreedyDP,126,12
20,2,0.6,1000,GreedyDP,159,16
20,2,0.6,500,GreedyDP,179,15
20,2,0.6,100,GreedyDP,143,11
20,10,0.4,1000,GreedyDP,160,11
20,10,0.4,500,GreedyDP,133,9
20,10,0.4,100,GreedyDP,134,9
20,2,0.4,1000,GreedyDP,123,16
20,2,0.4,500,GreedyDP,88,15
20,2,0.4,100,GreedyDP,116,11
20,10,0.2,1000,GreedyDP,79,10
20,10,0.2,500,GreedyDP,52,9
20,10,0.2,100,GreedyDP,53,12
20,2,0.2,1000,GreedyDP,69,15
20,2,0.2,500,GreedyDP,50,14
20,2,0.2,100,GreedyDP,56,13
8,4,0.8,1000,GreedyDP,7,0
8,4,0.8,500,GreedyDP,26,4
8,4,0.8,100,GreedyDP,15,1
8,2,0.8,1000,GreedyDP,26,5
8,2,0.8,500,GreedyDP,21,5
8,2,0.8,100,GreedyDP,29,4
8,4,0.6,1000,GreedyDP,11,3
8,4,0.6,500,GreedyDP,13,3
8,4,0.6,100,GreedyDP,14,4
8,2,0.6,1000,GreedyDP,8,4
8,2,0.6,500,GreedyDP,16,6
8,2,0.6,100,GreedyDP,13,5
8,4,0.4,1000,GreedyDP,11,2
8,4,0.4,500,GreedyDP,17,4
8,4,0.4,100,GreedyDP,20,5
8,2,0.4,1000,GreedyDP,0,0
8,2,0.4,500,GreedyDP,0,1
8,2,0.4,100,GreedyDP,1,2
8,4,0.2,1000,GreedyDP,2,4
8,4,0.2,500,GreedyDP,3,5
8,4,0.2,100,GreedyDP,1,5
8,2,0.2,1000,GreedyDP,0,3
8,2,0.2,500,GreedyDP,0,3
8,2,0.2,100,GreedyDP,1,3
5,2,0.8,1000,GreedyDP,1,0
5,2,0.8,500,GreedyDP,5,3
5,2,0.8,100,GreedyDP,6,2
5,2,0.8,1000,GreedyDP,8,3
5,2,0.8,500,GreedyDP,8,2
5,2,0.8,100,GreedyDP,9,2
5,2,0.6,1000,GreedyDP,0,0
5,2,0.6,500,GreedyDP,0,0
5,2,0.6,100,GreedyDP,0,0
5,2,0.6,1000,GreedyDP,0,0
5,2,0.6,500,GreedyDP,4,0
5,2,0.6,100,GreedyDP,0,0
5,2,0.4,1000,GreedyDP,9,2
5,2,0.4,500,GreedyDP,4,2
5,2,0.4,100,GreedyDP,0,0
5,2,0.4,1000,GreedyDP,2,0
5,2,0.4,500,GreedyDP,0,0
5,2,0.4,100,GreedyDP,1,0
5,2,0.2,1000,GreedyDP,0,0
5,2,0.2,500,GreedyDP,0,0
5,2,0.2,100,GreedyDP,1,0
5,2,0.2,1000,GreedyDP,0,0
5,2,0.2,500,GreedyDP,0,0
5,2,0.2,100,GreedyDP,0,2
20,10,0.8,1000,GreedyDP,163,10
20,10,0.8,500,GreedyDP,114,10
20,10,0.8,100,GreedyDP,161,12
20,2,0.8,1000,GreedyDP,164,14
20,2,0.8,500,GreedyDP,174,15
20,2,0.8,100,GreedyDP,170,16
20,10,0.6,1000,GreedyDP,136,11
20,10,0.6,500,GreedyDP,164,9
20,10,0.6,100,GreedyDP,119,11
20,2,0.6,1000,GreedyDP,153,15
20,2,0.6,500,GreedyDP,145,15
20,2,0.6,100,GreedyDP,106,14
20,10,0.4,1000,GreedyDP,151,11
20,10,0.4,500,GreedyDP,136,11
20,10,0.4,100,GreedyDP,86,12
20,2,0.4,1000,GreedyDP,127,15
20,2,0.4,500,GreedyDP,108,13
20,2,0.4,100,GreedyDP,96,14
20,10,0.2,1000,GreedyDP,26,12
20,10,0.2,500,GreedyDP,39,9
20,10,0.2,100,GreedyDP,36,11
20,2,0.2,1000,GreedyDP,51,11
20,2,0.2,500,GreedyDP,49,10
20,2,0.2,100,GreedyDP,31,7
8,4,0.8,1000,GreedyDP,23,4
8,4,0.8,500,GreedyDP,19,3
8,4,0.8,100,GreedyDP,25,4
8,2,0.8,1000,GreedyDP,23,4
8,2,0.8,500,GreedyDP,25,4
8,2,0.8,100,GreedyDP,25,1
8,4,0.6,1000,GreedyDP,14,3
8,4,0.6,500,GreedyDP,26,4
8,4,0.6,100,GreedyDP,6,2
8,2,0.6,1000,GreedyDP,11,3
8,2,0.6,500,GreedyDP,14,3
8,2,0.6,100,GreedyDP,18,2
8,4,0.4,1000,GreedyDP,19,4
8,4,0.4,500,GreedyDP,11,4
8,4,0.4,100,GreedyDP,4,4
8,2,0.4,1000,GreedyDP,2,2
8,2,0.4,500,GreedyDP,6,3
8,2,0.4,100,GreedyDP,7,4
8,4,0.2,1000,GreedyDP,2,2
8,4,0.2,500,GreedyDP,2,3
8,4,0.2,100,GreedyDP,2,4
8,2,0.2,1000,GreedyDP,5,3
8,2,0.2,500,GreedyDP,10,2
8,2,0.2,100,GreedyDP,13,3
5,2,0.8,1000,GreedyDP,11,2
5,2,0.8,500,GreedyDP,4,1
5,2,0.8,100,GreedyDP,5,2
5,2,0.8,1000,GreedyDP,11,2
5,2,0.8,500,GreedyDP,9,2
5,2,0.8,100,GreedyDP,0,0
5,2,0.6,1000,GreedyDP,3,2
5,2,0.6,500,GreedyDP,2,2
5,2,0.6,100,GreedyDP,5,0
5,2,0.6,1000,GreedyDP,8,3
5,2,0.6,500,GreedyDP,5,3
5,2,0.6,100,GreedyDP,7,1
5,2,0.4,1000,GreedyDP,2,2
5,2,0.4,500,GreedyDP,3,2
5,2,0.4,100,GreedyDP,4,1
5,2,0.4,1000,GreedyDP,0,2
5,2,0.4,500,GreedyDP,0,2
5,2,0.4,100,GreedyDP,1,2
5,2,0.2,1000,GreedyDP,0,0
5,2,0.2,500,GreedyDP,0,0
5,2,0.2,100,GreedyDP,0,2
5,2,0.2,1000,GreedyDP,0,0
5,2,0.2,500,GreedyDP,0,0
5,2,0.2,100,GreedyDP,3,2
20,10,0.8,1000,GreedyDP,240,11
20,10,0.8,500,GreedyDP,187,10
20,10,0.8,100,GreedyDP,166,11
20,2,0.8,1000,GreedyDP,185,15
20,2,0.8,500,GreedyDP,184,14
20,2,0.8,100,GreedyDP,181,15
20,10,0.6,1000,GreedyDP,157,11
20,10,0.6,500,GreedyDP,144,9
20,10,0.6,100,GreedyDP,145,12
20,2,0.6,1000,GreedyDP,147,15
20,2,0.6,500,GreedyDP,132,14
20,2,0.6,100,GreedyDP,161,15
20,10,0.4,1000,GreedyDP,157,10
20,10,0.4,500,GreedyDP,116,11
20,10,0.4,100,GreedyDP,130,12
20,2,0.4,1000,GreedyDP,111,16
20,2,0.4,500,GreedyDP,88,14
20,2,0.4,100,GreedyDP,86,14
20,10,0.2,1000,GreedyDP,15,3
20,10,0.2,500,GreedyDP,39,11
20,10,0.2,100,GreedyDP,33,9
20,2,0.2,1000,GreedyDP,19,9
20,2,0.2,500,GreedyDP,7,6
20,2,0.2,100,GreedyDP,26,10
8,4,0.8,1000,GreedyDP,23,4
8,4,0.8,500,GreedyDP,28,4
8,4,0.8,100,GreedyDP,28,3
8,2,0.8,1000,GreedyDP,10,3
8,2,0.8,500,GreedyDP,32,5
8,2,0.8,100,GreedyDP,20,4
8,4,0.6,1000,GreedyDP,13,3
8,4,0.6,500,GreedyDP,23,4
8,4,0.6,100,GreedyDP,10,4
8,2,0.6,1000,GreedyDP,17,4
8,2,0.6,500,GreedyDP,20,5
8,2,0.6,100,GreedyDP,8,2
8,4,0.4,1000,GreedyDP,9,2
8,4,0.4,500,GreedyDP,16,4
8,4,0.4,100,GreedyDP,16,4
8,2,0.4,1000,GreedyDP,16,5
8,2,0.4,500,GreedyDP,16,5
8,2,0.4,100,GreedyDP,5,2
8,4,0.2,1000,GreedyDP,5,2
8,4,0.2,500,GreedyDP,0,1
8,4,0.2,100,GreedyDP,3,2
8,2,0.2,1000,GreedyDP,1,0
8,2,0.2,500,GreedyDP,2,0
8,2,0.2,100,GreedyDP,7,0
5,2,0.8,1000,GreedyDP,11,2
5,2,0.8,500,GreedyDP,9,2
5,2,0.8,100,GreedyDP,12,2
5,2,0.8,1000,GreedyDP,9,3
5,2,0.8,500,GreedyDP,11,3
5,2,0.8,100,GreedyDP,3,1
5,2,0.6,1000,GreedyDP,4,1
5,2,0.6,500,GreedyDP,0,0
5,2,0.6,100,GreedyDP,0,1
5,2,0.6,1000,GreedyDP,4,0
5,2,0.6,500,GreedyDP,9,1
5,2,0.6,100,GreedyDP,3,0
5,2,0.4,1000,GreedyDP,6,2
5,2,0.4,500,GreedyDP,2,1
5,2,0.4,100,GreedyDP,3,1
5,2,0.4,1000,GreedyDP,7,1
5,2,0.4,500,GreedyDP,3,1
5,2,0.4,100,GreedyDP,9,2
5,2,0.2,1000,GreedyDP,0,0
5,2,0.2,500,GreedyDP,0,0
5,2,0.2,100,GreedyDP,2,0
5,2,0.2,1000,GreedyDP,2,2
5,2,0.2,500,GreedyDP,1,0
5,2,0.2,100,GreedyDP,0,0
20,10,0.8,1000,GreedyDP,180,10
20,10,0.8,500,GreedyDP,188,11
20,10,0.8,100,GreedyDP,182,10
20,2,0.8,1000,GreedyDP,213,16
20,2,0.8,500,GreedyDP,153,15
20,2,0.8,100,GreedyDP,165,13
20,10,0.6,1000,GreedyDP,141,10
20,10,0.6,500,GreedyDP,130,11
20,10,0.6,100,GreedyDP,137,11
20,2,0.6,1000,GreedyDP,162,15
20,2,0.6,500,GreedyDP,151,16
20,2,0.6,100,GreedyDP,129,12
20,10,0.4,1000,GreedyDP,94,11
20,10,0.4,500,GreedyDP,91,10
20,10,0.4,100,GreedyDP,85,13
20,2,0.4,1000,GreedyDP,123,14
20,2,0.4,500,GreedyDP,101,15
20,2,0.4,100,GreedyDP,84,13
20,10,0.2,1000,GreedyDP,19,11
20,10,0.2,500,GreedyDP,22,11
20,10,0.2,100,GreedyDP,31,12
20,2,0.2,1000,GreedyDP,16,9
20,2,0.2,500,GreedyDP,38,11
20,2,0.2,100,GreedyDP,41,12
8,4,0.8,1000,GreedyDP,24,5
8,4,0.8,500,GreedyDP,20,3
8,4,0.8,100,GreedyDP,30,3
8,2,0.8,1000,GreedyDP,10,5
8,2,0.8,500,GreedyDP,16,5
8,2,0.8,100,GreedyDP,27,4
8,4,0.6,1000,GreedyDP,19,3
8,4,0.6,500,GreedyDP,3,3
8,4,0.6,100,GreedyDP,11,4
8,2,0.6,1000,GreedyDP,16,5
8,2,0.6,500,GreedyDP,7,4
8,2,0.6,100,GreedyDP,17,5
8,4,0.4,1000,GreedyDP,16,5
8,4,0.4,500,GreedyDP,12,3
8,4,0.4,100,GreedyDP,9,2
8,2,0.4,1000,GreedyDP,10,4
8,2,0.4,500,GreedyDP,21,4
8,2,0.4,100,GreedyDP,18,5
8,4,0.2,1000,GreedyDP,6,2
8,4,0.2,500,GreedyDP,4,3
8,4,0.2,100,GreedyDP,2,1
8,2,0.2,1000,GreedyDP,0,0
8,2,0.2,500,GreedyDP,5,1
8,2,0.2,100,GreedyDP,2,3
5,2,0.8,1000,GreedyDP,8,3
5,2,0.8,500,GreedyDP,1,0
5,2,0.8,100,GreedyDP,11,3
5,2,0.8,1000,GreedyDP,9,2
5,2,0.8,500,GreedyDP,11,3
5,2,0.8,100,GreedyDP,3,2
5,2,0.6,1000,GreedyDP,0,0
5,2,0.6,500,GreedyDP,0,0
5,2,0.6,100,GreedyDP,0,1
5,2,0.6,1000,GreedyDP,6,2
5,2,0.6,500,GreedyDP,1,2
5,2,0.6,100,GreedyDP,2,2
5,2,0.4,1000,GreedyDP,0,0
5,2,0.4,500,GreedyDP,0,0
5,2,0.4,100,GreedyDP,0,0
5,2,0.4,1000,GreedyDP,0,0
5,2,0.4,500,GreedyDP,3,0
5,2,0.4,100,GreedyDP,0,1
5,2,0.2,1000,GreedyDP,0,0
5,2,0.2,500,GreedyDP,0,0
5,2,0.2,100,GreedyDP,0,1
5,2,0.2,1000,GreedyDP,1,0
5,2,0.2,500,GreedyDP,1,0
5,2,0.2,100,GreedyDP,0,1
20,10,0.8,1000,GreedyDP,168,10
20,10,0.8,500,GreedyDP,153,10
20,10,0.8,100,GreedyDP,154,8
20,2,0.8,1000,GreedyDP,171,16
20,2,0.8,500,GreedyDP,185,15
20,2,0.8,100,GreedyDP,177,16
20,10,0.6,1000,GreedyDP,169,11
20,10,0.6,500,GreedyDP,163,11
20,10,0.6,100,GreedyDP,143,12
20,2,0.6,1000,GreedyDP,153,15
20,2,0.6,500,GreedyDP,114,15
20,2,0.6,100,GreedyDP,132,13
20,10,0.4,1000,GreedyDP,110,12
20,10,0.4,500,GreedyDP,147,11
20,10,0.4,100,GreedyDP,106,12
20,2,0.4,1000,GreedyDP,93,15
20,2,0.4,500,GreedyDP,92,14
20,2,0.4,100,GreedyDP,66,13
20,10,0.2,1000,GreedyDP,15,9
20,10,0.2,500,GreedyDP,25,10
20,10,0.2,100,GreedyDP,42,12
20,2,0.2,1000,GreedyDP,59,14
20,2,0.2,500,GreedyDP,80,11
20,2,0.2,100,GreedyDP,48,12
8,4,0.8,1000,GreedyDP,13,4
8,4,0.8,500,GreedyDP,26,4
8,4,0.8,100,GreedyDP,27,3
8,2,0.8,1000,GreedyDP,3,4
8,2,0.8,500,GreedyDP,23,4
8,2,0.8,100,GreedyDP,23,3
8,4,0.6,1000,GreedyDP,22,1
8,4,0.6,500,GreedyDP,21,3
8,4,0.6,100,GreedyDP,6,3
8,2,0.6,1000,GreedyDP,14,3
8,2,0.6,500,GreedyDP,22,4
8,2,0.6,100,GreedyDP,15,4
8,4,0.4,1000,GreedyDP,6,2
8,4,0.4,500,GreedyDP,4,0
8,4,0.4,100,GreedyDP,3,1
8,2,0.4,1000,GreedyDP,0,0
8,2,0.4,500,GreedyDP,0,0
8,2,0.4,100,GreedyDP,12,4
8,4,0.2,1000,GreedyDP,0,1
8,4,0.2,500,GreedyDP,0,1
8,4,0.2,100,GreedyDP,5,2
8,2,0.2,1000,GreedyDP,0,0
8,2,0.2,500,GreedyDP,0,0
8,2,0.2,100,GreedyDP,3,2
5,2,0.8,1000,GreedyDP,2,2
5,2,0.8,500,GreedyDP,4,1
5,2,0.8,100,GreedyDP,7,2
5,2,0.8,1000,GreedyDP,10,3
5,2,0.8,500,GreedyDP,3,1
5,2,0.8,100,GreedyDP,12,3
5,2,0.6,1000,GreedyDP,0,2
5,2,0.6,500,GreedyDP,0,2
5,2,0.6,100,GreedyDP,10,2
5,2,0.6,1000,GreedyDP,0,0
5,2,0.6,500,GreedyDP,0,0
5,2,0.6,100,GreedyDP,1,0
5,2,0.4,1000,GreedyDP,0,0
5,2,0.4,500,GreedyDP,0,0
5,2,0.4,100,GreedyDP,1,0
5,2,0.4,1000,GreedyDP,0,0
5,2,0.4,500,GreedyDP,0,0
5,2,0.4,100,GreedyDP,0,0
5,2,0.2,1000,GreedyDP,0,0
5,2,0.2,500,GreedyDP,0,0
5,2,0.2,100,GreedyDP,1,1
5,2,0.2,1000,GreedyDP,0,0
5,2,0.2,500,GreedyDP,0,0
5,2,0.2,100,GreedyDP,0,0
20,10,0.8,1000,GreedyDP,145,9
20,10,0.8,500,GreedyDP,176,10
20,10,0.8,100,GreedyDP,166,10
20,2,0.8,1000,GreedyDP,199,16
20,2,0.8,500,GreedyDP,147,15
20,2,0.8,100,GreedyDP,170,14
20,10,0.6,1000,GreedyDP,194,10
20,10,0.6,500,GreedyDP,147,8
20,10,0.6,100,GreedyDP,159,9
20,2,0.6,1000,GreedyDP,158,16
20,2,0.6,500,GreedyDP,139,14
20,2,0.6,100,GreedyDP,134,15
20,10,0.4,1000,GreedyDP,124,11
20,10,0.4,500,GreedyDP,97,11
20,10,0.4,100,GreedyDP,112,12
20,2,0.4,1000,GreedyDP,171,17
20,2,0.4,500,GreedyDP,132,14
20,2,0.4,100,GreedyDP,138,12
20,10,0.2,1000,GreedyDP,41,6
20,10,0.2,500,GreedyDP,69,10
20,10,0.2,100,GreedyDP,52,10
20,2,0.2,1000,GreedyDP,27,13
20,2,0.2,500,GreedyDP,51,9
20,2,0.2,100,GreedyDP,34,10
8,4,0.8,1000,GreedyDP,22,4
8,4,0.8,500,GreedyDP,2,2
8,4,0.8,100,GreedyDP,21,4
8,2,0.8,1000,GreedyDP,12,4
8,2,0.8,500,GreedyDP,20,5
8,2,0.8,100,GreedyDP,20,5
8,4,0.6,1000,GreedyDP,15,4
8,4,0.6,500,GreedyDP,19,4
8,4,0.6,100,GreedyDP,23,5
8,2,0.6,1000,GreedyDP,16,4
8,2,0.6,500,GreedyDP,14,5
8,2,0.6,100,GreedyDP,3,2
8,4,0.4,1000,GreedyDP,0,3
8,4,0.4,500,GreedyDP,5,4
8,4,0.4,100,GreedyDP,15,2
8,2,0.4,1000,GreedyDP,5,1
8,2,0.4,500,GreedyDP,5,2
8,2,0.4,100,GreedyDP,15,4
8,4,0.2,1000,GreedyDP,0,2
8,4,0.2,500,GreedyDP,3,3
8,4,0.2,100,GreedyDP,5,4
8,2,0.2,1000,GreedyDP,2,1
8,2,0.2,500,GreedyDP,0,0
8,2,0.2,100,GreedyDP,1,3
5,2,0.8,1000,GreedyDP,3,1
5,2,0.8,500,GreedyDP,6,3
5,2,0.8,100,GreedyDP,6,1
5,2,0.8,1000,GreedyDP,6,2
5,2,0.8,500,GreedyDP,5,2
5,2,0.8,100,GreedyDP,4,2
5,2,0.6,1000,GreedyDP,6,1
5,2,0.6,500,GreedyDP,9,2
5,2,0.6,100,GreedyDP,5,1
5,2,0.6,1000,GreedyDP,6,3
5,2,0.6,500,GreedyDP,2,1
5,2,0.6,100,GreedyDP,5,3
5,2,0.4,1000,GreedyDP,0,0
5,2,0.4,500,GreedyDP,0,0
5,2,0.4,100,GreedyDP,1,0
5,2,0.4,1000,GreedyDP,1,2
5,2,0.4,500,GreedyDP,5,1
5,2,0.4,100,GreedyDP,5,2
5,2,0.2,1000,GreedyDP,0,0
5,2,0.2,500,GreedyDP,1,0
5,2,0.2,100,GreedyDP,0,0
5,2,0.2,1000,GreedyDP,0,0
5,2,0.2,500,GreedyDP,0,0
5,2,0.2,100,GreedyDP,1,1
20,10,0.8,1000,GreedyDP,157,11
20,10,0.8,500,GreedyDP,150,12
20,10,0.8,100,GreedyDP,180,11
20,2,0.8,1000,GreedyDP,201,14
20,2,0.8,500,GreedyDP,159,15
20,2,0.8,100,GreedyDP,177,16
20,10,0.6,1000,GreedyDP,149,10
20,10,0.6,500,GreedyDP,160,11
20,10,0.6,100,GreedyDP,134,11
20,2,0.6,1000,GreedyDP,148,16
20,2,0.6,500,GreedyDP,164,15
20,2,0.6,100,GreedyDP,161,15
20,10,0.4,1000,GreedyDP,104,10
20,10,0.4,500,GreedyDP,86,13
20,10,0.4,100,GreedyDP,87,10
20,2,0.4,1000,GreedyDP,131,15
20,2,0.4,500,GreedyDP,117,16
20,2,0.4,100,GreedyDP,115,14
20,10,0.2,1000,GreedyDP,20,10
20,10,0.2,500,GreedyDP,23,8
20,10,0.2,100,GreedyDP,36,9
20,2,0.2,1000,GreedyDP,42,13
20,2,0.2,500,GreedyDP,69,14
20,2,0.2,100,GreedyDP,41,13
8,4,0.8,1000,GreedyDP,15,3
8,4,0.8,500,GreedyDP,22,2
8,4,0.8,100,GreedyDP,21,3
8,2,0.8,1000,GreedyDP,27,5
8,2,0.8,500,GreedyDP,24,5
8,2,0.8,100,GreedyDP,17,3
8,4,0.6,1000,GreedyDP,30,3
8,4,0.6,500,GreedyDP,25,2
8,4,0.6,100,GreedyDP,26,3
8,2,0.6,1000,GreedyDP,12,4
8,2,0.6,500,GreedyDP,3,1
8,2,0.6,100,GreedyDP,7,2
8,4,0.4,1000,GreedyDP,1,4
8,4,0.4,500,GreedyDP,10,3
8,4,0.4,100,GreedyDP,1,4
8,2,0.4,1000,GreedyDP,9,5
8,2,0.4,500,GreedyDP,32,5
8,2,0.4,100,GreedyDP,17,3
8,4,0.2,1000,GreedyDP,6,5
8,4,0.2,500,GreedyDP,7,3
8,4,0.2,100,GreedyDP,1,4
8,2,0.2,1000,GreedyDP,8,2
8,2,0.2,500,GreedyDP,9,6
8,2,0.2,100,GreedyDP,15,5
5,2,0.8,1000,GreedyDP,3,2
5,2,0.8,500,GreedyDP,3,2
5,2,0.8,100,GreedyDP,11,2
5,2,0.8,1000,GreedyDP,0,2
5,2,0.8,500,GreedyDP,0,2
5,2,0.8,100,GreedyDP,3,1
5,2,0.6,1000,GreedyDP,6,1
5,2,0.6,500,GreedyDP,3,0
5,2,0.6,100,GreedyDP,6,1
5,2,0.6,1000,GreedyDP,0,1
5,2,0.6,500,GreedyDP,1,1
5,2,0.6,100,GreedyDP,3,2
5,2,0.4,1000,GreedyDP,0,1
5,2,0.4,500,GreedyDP,7,1
5,2,0.4,100,GreedyDP,7,2
5,2,0.4,1000,GreedyDP,10,2
5,2,0.4,500,GreedyDP,0,0
5,2,0.4,100,GreedyDP,10,2
5,2,0.2,1000,GreedyDP,0,0
5,2,0.2,500,GreedyDP,0,0
5,2,0.2,100,GreedyDP,0,2
5,2,0.2,1000,GreedyDP,0,0
5,2,0.2,500,GreedyDP,1,0
5,2,0.2,100,GreedyDP,1,0
20,10,0.8,1000,GreedyDP,164,11
20,10,0.8,500,GreedyDP,157,12
20,10,0.8,100,GreedyDP,147,11
20,2,0.8,1000,GreedyDP,210,16
20,2,0.8,500,GreedyDP,193,15
20,2,0.8,100,GreedyDP,149,14
20,10,0.6,1000,GreedyDP,197,10
20,10,0.6,500,GreedyDP,171,10
20,10,0.6,100,GreedyDP,136,11
20,2,0.6,1000,GreedyDP,167,16
20,2,0.6,500,GreedyDP,103,15
20,2,0.6,100,GreedyDP,135,15
20,10,0.4,1000,GreedyDP,137,11
20,10,0.4,500,GreedyDP,108,12
20,10,0.4,100,GreedyDP,86,11
20,2,0.4,1000,GreedyDP,111,15
20,2,0.4,500,GreedyDP,111,14
20,2,0.4,100,GreedyDP,124,15
20,10,0.2,1000,GreedyDP,55,12
20,10,0.2,500,GreedyDP,42,11
20,10,0.2,100,GreedyDP,38,13
20,2,0.2,1000,GreedyDP,27,9
20,2,0.2,500,GreedyDP,25,7
20,2,0.2,100,GreedyDP,51,11
8,4,0.8,1000,GreedyDP,33,3
8,4,0.8,500,GreedyDP,31,3
8,4,0.8,100,GreedyDP,18,3
8,2,0.8,1000,GreedyDP,32,5
8,2,0.8,500,GreedyDP,27,5
8,2,0.8,100,GreedyDP,25,3
8,4,0.6,1000,GreedyDP,24,3
8,4,0.6,500,GreedyDP,19,4
8,4,0.6,100,GreedyDP,10,2
8,2,0.6,1000,GreedyDP,18,6
8,2,0.6,500,GreedyDP,23,4
8,2,0.6,100,GreedyDP,23,5
8,4,0.4,1000,GreedyDP,18,5
8,4,0.4,500,GreedyDP,30,3
8,4,0.4,100,GreedyDP,26,4
8,2,0.4,1000,GreedyDP,1,2
8,2,0.4,500,GreedyDP,3,2
8,2,0.4,100,GreedyDP,2,3
8,4,0.2,1000,GreedyDP,6,4
8,4,0.2,500,GreedyDP,0,2
8,4,0.2,100,GreedyDP,1,2
8,2,0.2,1000,GreedyDP,0,0
8,2,0.2,500,GreedyDP,0,0
8,2,0.2,100,GreedyDP,2,0
5,2,0.8,1000,GreedyDP,8,2
5,2,0.8,500,GreedyDP,8,2
5,2,0.8,100,GreedyDP,8,2
5,2,0.8,1000,GreedyDP,4,3
5,2,0.8,500,GreedyDP,2,1
5,2,0.8,100,GreedyDP,6,2
5,2,0.6,1000,GreedyDP,5,2
5,2,0.6,500,GreedyDP,0,0
5,2,0.6,100,GreedyDP,0,1
5,2,0.6,1000,GreedyDP,12,3
5,2,0.6,500,GreedyDP,0,0
5,2,0.6,100,GreedyDP,4,2
5,2,0.4,1000,GreedyDP,0,0
5,2,0.4,500,GreedyDP,0,2
5,2,0.4,100,GreedyDP,1,2
5,2,0.4,1000,GreedyDP,4,1
5,2,0.4,500,GreedyDP,5,2
5,2,0.4,100,GreedyDP,6,2
5,2,0.2,1000,GreedyDP,2,1
5,2,0.2,500,GreedyDP,2,2
5,2,0.2,100,GreedyDP,2,2
5,2,0.2,1000,GreedyDP,0,0
5,2,0.2,500,GreedyDP,0,0
5,2,0.2,100,GreedyDP,0,0
20,10,0.8,1000,GreedyDP,195,11
20,10,0.8,500,GreedyDP,177,11
20,10,0.8,100,GreedyDP,153,10
20,2,0.8,1000,GreedyDP,196,15
20,2,0.8,500,GreedyDP,167,15
20,2,0.8,100,GreedyDP,161,15
20,10,0.6,1000,GreedyDP,129,12
20,10,0.6,500,GreedyDP,133,11
20,10,0.6,100,GreedyDP,151,11
20,2,0.6,1000,GreedyDP,195,16
20,2,0.6,500,GreedyDP,171,16
20,2,0.6,100,GreedyDP,135,12
20,10,0.4,1000,GreedyDP,107,10
20,10,0.4,500,GreedyDP,110,10
20,10,0.4,100,GreedyDP,85,10
20,2,0.4,1000,GreedyDP,95,16
20,2,0.4,500,GreedyDP,88,14
20,2,0.4,100,GreedyDP,81,12
20,10,0.2,1000,GreedyDP,39,10
20,10,0.2,500,GreedyDP,51,9
20,10,0.2,100,GreedyDP,37,13
20,2,0.2,1000,GreedyDP,87,12
20,2,0.2,500,GreedyDP,81,15
20,2,0.2,100,GreedyDP,68,12
8,4,0.8,1000,GreedyDP,20,4
8,4,0.8,500,GreedyDP,28,4
8,4,0.8,100,GreedyDP,19,5
8,2,0.8,1000,GreedyDP,25,5
8,2,0.8,500,GreedyDP,25,5
8,2,0.8,100,GreedyDP,23,4
8,4,0.6,1000,GreedyDP,24,5
8,4,0.6,500,GreedyDP,9,3
8,4,0.6,100,GreedyDP,24,3
8,2,0.6,1000,GreedyDP,34,5
8,2,0.6,500,GreedyDP,13,4
8,2,0.6,100,GreedyDP,8,3
8,4,0.4,1000,GreedyDP,4,1
8,4,0.4,500,GreedyDP,4,1
8,4,0.4,100,GreedyDP,1,1
8,2,0.4,1000,GreedyDP,21,5
8,2,0.4,500,GreedyDP,21,4
8,2,0.4,100,GreedyDP,26,5
8,4,0.2,1000,GreedyDP,2,2
8,4,0.2,500,GreedyDP,2,1
8,4,0.2,100,GreedyDP,4,3
8,2,0.2,1000,GreedyDP,0,0
8,2,0.2,500,GreedyDP,0,0
8,2,0.2,100,GreedyDP,1,0
5,2,0.8,1000,GreedyDP,0,0
5,2,0.8,500,GreedyDP,0,0
5,2,0.8,100,GreedyDP,1,0
5,2,0.8,1000,GreedyDP,10,2
5,2,0.8,500,GreedyDP,10,2
5,2,0.8,100,GreedyDP,8,2
5,2,0.6,1000,GreedyDP,2,0
5,2,0.6,500,GreedyDP,1,0
5,2,0.6,100,GreedyDP,1,0
5,2,0.6,1000,GreedyDP,0,0
5,2,0.6,500,GreedyDP,2,1
5,2,0.6,100,GreedyDP,8,3
5,2,0.4,1000,GreedyDP,0,0
5,2,0.4,500,GreedyDP,0,0
5,2,0.4,100,GreedyDP,1,0
5,2,0.4,1000,GreedyDP,0,0
5,2,0.4,500,GreedyDP,7,2
5,2,0.4,100,GreedyDP,6,1
5,2,0.2,1000,GreedyDP,1,1
5,2,0.2,500,GreedyDP,0,0
5,2,0.2,100,GreedyDP,0,0
5,2,0.2,1000,GreedyDP,0,0
5,2,0.2,500,GreedyDP,1,0
5,2,0.2,100,GreedyDP,0,1
20,10,0.8,1000,GreedyDP,104,10
20,10,0.8,500,GreedyDP,181,11
20,10,0.8,100,GreedyDP,191,11
20,2,0.8,1000,GreedyDP,189,16
20,2,0.8,500,GreedyDP,205,16
20,2,0.8,100,GreedyDP,180,12
20,10,0.6,1000,GreedyDP,179,8
20,10,0.6,500,GreedyDP,171,11
20,10,0.6,100,GreedyDP,141,11
20,2,0.6,1000,GreedyDP,181,16
20,2,0.6,500,GreedyDP,157,14
20,2,0.6,100,GreedyDP,153,14
20,10,0.4,1000,GreedyDP,104,11
20,10,0.4,500,GreedyDP,97,10
20,10,0.4,100,GreedyDP,103,12
20,2,0.4,1000,GreedyDP,99,15
20,2,0.4,500,GreedyDP,64,12
20,2,0.4,100,GreedyDP,98,12
20,10,0.2,1000,GreedyDP,26,10
20,10,0.2,500,GreedyDP,21,11
20,10,0.2,100,GreedyDP,36,11
20,2,0.2,1000,GreedyDP,47,14
20,2,0.2,500,GreedyDP,46,10
20,2,0.2,100,GreedyDP,43,10
8,4,0.8,1000,GreedyDP,17,5
8,4,0.8,500,GreedyDP,12,4
8,4,0.8,100,GreedyDP,28,4
8,2,0.8,1000,GreedyDP,30,4
8,2,0.8,500,GreedyDP,27,4
8,2,0.8,100,GreedyDP,26,4
8,4,0.6,1000,GreedyDP,24,3
8,4,0.6,500,GreedyDP,13,3
8,4,0.6,100,GreedyDP,19,2
8,2,0.6,1000,GreedyDP,19,4
8,2,0.6,500,GreedyDP,8,2
8,2,0.6,100,GreedyDP,19,3
8,4,0.4,1000,GreedyDP,0,0
8,4,0.4,500,GreedyDP,2,1
8,4,0.4,100,GreedyDP,4,4
8,2,0.4,1000,GreedyDP,0,0
8,2,0.4,500,GreedyDP,8,2
8,2,0.4,100,GreedyDP,8,2
8,4,0.2,1000,GreedyDP,0,1
8,4,0.2,500,GreedyDP,2,1
8,4,0.2,100,GreedyDP,4,1
8,2,0.2,1000,GreedyDP,2,2
8,2,0.2,500,GreedyDP,1,3
8,2,0.2,100,GreedyDP,5,4
5,2,0.8,1000,GreedyDP,0,0
5,2,0.8,500,GreedyDP,0,0
5,2,0.8,100,GreedyDP,0,1
5,2,0.8,1000,GreedyDP,12,1
5,2,0.8,500,GreedyDP,11,2
5,2,0.8,100,GreedyDP,0,2
5,2,0.6,1000,GreedyDP,10,3
5,2,0.6,500,GreedyDP,3,1
5,2,0.6,100,GreedyDP,4,2
5,2,0.6,1000,GreedyDP,0,0
5,2,0.6,500,GreedyDP,1,0
5,2,0.6,100,GreedyDP,2,1
5,2,0.4,1000,GreedyDP,0,0
5,2,0.4,500,GreedyDP,0,0
5,2,0.4,100,GreedyDP,0,2
5,2,0.4,1000,GreedyDP,2,1
5,2,0.4,500,GreedyDP,0,0
5,2,0.4,100,GreedyDP,2,2
5,2,0.2,1000,GreedyDP,0,0
5,2,0.2,500,GreedyDP,0,1
5,2,0.2,100,GreedyDP,1,2
5,2,0.2,1000,GreedyDP,0,0
5,2,0.2,500,GreedyDP,0,0
5,2,0.2,100,GreedyDP,0,2
20,10,0.8,1000,GreedyDP,178,9
20,10,0.8,500,GreedyDP,192,10
20,10,0.8,100,GreedyDP,143,11
20,2,0.8,1000,GreedyDP,236,15
20,2,0.8,500,GreedyDP,157,16
20,2,0.8,100,GreedyDP,180,13
20,10,0.6,1000,GreedyDP,160,12
20,10,0.6,500,GreedyDP,175,12
20,10,0.6,100,GreedyDP,167,11
20,2,0.6,1000,GreedyDP,163,14
20,2,0.6,500,GreedyDP,148,14
20,2,0.6,100,GreedyDP,107,13
20,10,0.4,1000,GreedyDP,129,11
20,10,0.4,500,GreedyDP,132,10
20,10,0.4,100,GreedyDP,87,12
20,2,0.4,1000,GreedyDP,83,12
20,2,0.4,500,GreedyDP,104,14
20,2,0.4,100,GreedyDP,117,15
20,10,0.2,1000,GreedyDP,46,9
20,10,0.2,500,GreedyDP,62,12
20,10,0.2,100,GreedyDP,38,11
20,2,0.2,1000,GreedyDP,25,6
20,2,0.2,500,GreedyDP,18,9
20,2,0.2,100,GreedyDP,42,13
8,4,0.8,1000,GreedyDP,26,4
8,4,0.8,500,GreedyDP,22,3
8,4,0.8,100,GreedyDP,10,2
8,2,0.8,1000,GreedyDP,13,5
8,2,0.8,500,GreedyDP,31,5
8,2,0.8,100,GreedyDP,16,3
8,4,0.6,1000,GreedyDP,18,5
8,4,0.6,500,GreedyDP,23,2
8,4,0.6,100,GreedyDP,20,3
8,2,0.6,1000,GreedyDP,13,2
8,2,0.6,500,GreedyDP,15,3
8,2,0.6,100,GreedyDP,3,0
8,4,0.4,1000,GreedyDP,1,0
8,4,0.4,500,GreedyDP,12,4
8,4,0.4,100,GreedyDP,6,0
8,2,0.4,1000,GreedyDP,1,3
8,2,0.4,500,GreedyDP,3,4
8,2,0.4,100,GreedyDP,3,4
8,4,0.2,1000,GreedyDP,2,2
8,4,0.2,500,GreedyDP,2,2
8,4,0.2,100,GreedyDP,2,2
8,2,0.2,1000,GreedyDP,1,3
8,2,0.2,500,GreedyDP,3,4
8,2,0.2,100,GreedyDP,1,2
5,2,0.8,1000,GreedyDP,2,0
5,2,0.8,500,GreedyDP,8,1
5,2,0.8,100,GreedyDP,10,2
5,2,0.8,1000,GreedyDP,4,2
5,2,0.8,500,GreedyDP,6,2
5,2,0.8,100,GreedyDP,4,2
5,2,0.6,1000,GreedyDP,0,0
5,2,0.6,500,GreedyDP,5,2
5,2,0.6,100,GreedyDP,5,2
5,2,0.6,1000,GreedyDP,6,1
5,2,0.6,500,GreedyDP,0,0
5,2,0.6,100,GreedyDP,0,2
5,2,0.4,1000,GreedyDP,0,0
5,2,0.4,500,GreedyDP,0,2
5,2,0.4,100,GreedyDP,0,0
5,2,0.4,1000,GreedyDP,0,0
5,2,0.4,500,GreedyDP,2,1
5,2,0.4,100,GreedyDP,0,0
5,2,0.2,1000,GreedyDP,0,0
5,2,0.2,500,GreedyDP,0,0
5,2,0.2,100,GreedyDP,0,0
5,2,0.2,1000,GreedyDP,0,1
5,2,0.2,500,GreedyDP,0,1
5,2,0.2,100,GreedyDP,1,1
20,10,0.8,1000,GreedyDP,180,10
20,10,0.8,500,GreedyDP,150,9
20,10,0.8,100,GreedyDP,182,13
20,2,0.8,1000,GreedyDP,164,14
20,2,0.8,500,GreedyDP,154,14
20,2,0.8,100,GreedyDP,165,14
20,10,0.6,1000,GreedyDP,163,7
20,10,0.6,500,GreedyDP,164,8
20,10,0.6,100,GreedyDP,154,8
20,2,0.6,1000,GreedyDP,188,16
20,2,0.6,500,GreedyDP,133,13
20,2,0.6,100,GreedyDP,154,13
20,10,0.4,1000,GreedyDP,119,11
20,10,0.4,500,GreedyDP,129,9
20,10,0.4,100,GreedyDP,131,11
20,2,0.4,1000,GreedyDP,99,15
20,2,0.4,500,GreedyDP,108,16
20,2,0.4,100,GreedyDP,113,15
20,10,0.2,1000,GreedyDP,36,9
20,10,0.2,500,GreedyDP,51,9
20,10,0.2,100,GreedyDP,47,11
20,2,0.2,1000,GreedyDP,58,12
20,2,0.2,500,GreedyDP,30,10
20,2,0.2,100,GreedyDP,22,10
8,4,0.8,1000,GreedyDP,22,4
8,4,0.8,500,GreedyDP,19,3
8,4,0.8,100,GreedyDP,18,2
8,2,0.8,1000,GreedyDP,27,6
8,2,0.8,500,GreedyDP,15,5
8,2,0.8,100,GreedyDP,18,4
8,4,0.6,1000,GreedyDP,13,3
8,4,0.6,500,GreedyDP,19,3
8,4,0.6,100,GreedyDP,17,2
8,2,0.6,1000,GreedyDP,8,4
8,2,0.6,500,GreedyDP,9,2
8,2,0.6,100,GreedyDP,17,3
8,4,0.4,1000,GreedyDP,9,2
8,4,0.4,500,GreedyDP,12,3
8,4,0.4,100,GreedyDP,9,3
8,2,0.4,1000,GreedyDP,8,3
8,2,0.4,500,GreedyDP,5,3
8,2,0.4,100,GreedyDP,13,1
8,4,0.2,1000,GreedyDP,0,0
8,4,0.2,500,GreedyDP,1,1
8,4,0.2,100,GreedyDP,3,3
8,2,0.2,1000,GreedyDP,1,3
8,2,0.2,500,GreedyDP,0,1
8,2,0.2,100,GreedyDP,1,3
5,2,0.8,1000,GreedyDP,0,0
5,2,0.8,500,GreedyDP,11,3
5,2,0.8,100,GreedyDP,11,2
5,2,0.8,1000,GreedyDP,8,2
5,2,0.8,500,GreedyDP,11,2
5,2,0.8,100,GreedyDP,4,0
5,2,0.6,1000,GreedyDP,5,3
5,2,0.6,500,GreedyDP,4,3
5,2,0.6,100,GreedyDP,8,2
5,2,0.6,1000,GreedyDP,0,0
5,2,0.6,500,GreedyDP,0,0
5,2,0.6,100,GreedyDP,4,0
5,2,0.4,1000,GreedyDP,0,2
5,2,0.4,500,GreedyDP,0,2
5,2,0.4,100,GreedyDP,3,1
5,2,0.4,1000,GreedyDP,1,0
5,2,0.4,500,GreedyDP,0,0
5,2,0.4,100,GreedyDP,0,0
5,2,0.2,1000,GreedyDP,0,0
5,2,0.2,500,GreedyDP,0,0
5,2,0.2,100,GreedyDP,2,0
5,2,0.2,1000,GreedyDP,0,2
5,2,0.2,500,GreedyDP,0,2
5,2,0.2,100,GreedyDP,0,2
20,10,0.8,1000,GreedyDP,156,9
20,10,0.8,500,GreedyDP,167,10
20,10,0.8,100,GreedyDP,182,12
20,2,0.8,1000,GreedyDP,190,16
20,2,0.8,500,GreedyDP,189,17
20,2,0.8,100,GreedyDP,181,15
20,10,0.6,1000,GreedyDP,127,10
20,10,0.6,500,GreedyDP,117,12
20,10,0.6,100,GreedyDP,164,11
20,2,0.6,1000,GreedyDP,205,15
20,2,0.6,500,GreedyDP,166,14
20,2,0.6,100,GreedyDP,130,15
20,10,0.4,1000,GreedyDP,111,9
20,10,0.4,500,GreedyDP,104,12
20,10,0.4,100,GreedyDP,73,12
20,2,0.4,1000,GreedyDP,125,14
20,2,0.4,500,GreedyDP,109,15
20,2,0.4,100,GreedyDP,81,12
20,10,0.2,1000,GreedyDP,54,11
20,10,0.2,500,GreedyDP,69,10
20,10,0.2,100,GreedyDP,35,6
20,2,0.2,1000,GreedyDP,43,13
20,2,0.2,500,GreedyDP,34,11
20,2,0.2,100,GreedyDP,36,10
8,4,0.8,1000,GreedyDP,35,4
8,4,0.8,500,GreedyDP,25,3
8,4,0.8,100,GreedyDP,19,3
8,2,0.8,1000,GreedyDP,19,5
8,2,0.8,500,GreedyDP,27,5
8,2,0.8,100,GreedyDP,16,3
8,4,0.6,1000,GreedyDP,28,4
8,4,0.6,500,GreedyDP,24,4
8,4,0.6,100,GreedyDP,28,4
8,2,0.6,1000,GreedyDP,10,4
8,2,0.6,500,GreedyDP,13,4
8,2,0.6,100,GreedyDP,6,4
8,4,0.4,1000,GreedyDP,18,2
8,4,0.4,500,GreedyDP,11,2
8,4,0.4,100,GreedyDP,11,3
8,2,0.4,1000,GreedyDP,9,5
8,2,0.4,500,GreedyDP,7,3
8,2,0.4,100,GreedyDP,2,2
8,4,0.2,1000,GreedyDP,0,1
8,4,0.2,500,GreedyDP,0,1
8,4,0.2,100,GreedyDP,0,3
8,2,0.2,1000,GreedyDP,0,0
8,2,0.2,500,GreedyDP,0,1
8,2,0.2,100,GreedyDP,3,0
5,2,0.8,1000,GreedyDP,1,2
5,2,0.8,500,GreedyDP,5,1
5,2,0.8,100,GreedyDP,5,2
5,2,0.8,1000,GreedyDP,14,2
5,2,0.8,500,GreedyDP,2,0
5,2,0.8,100,GreedyDP,9,1
5,2,0.6,1000,GreedyDP,5,2
5,2,0.6,500,GreedyDP,6,2
5,2,0.6,100,GreedyDP,9,0
5,2,0.6,1000,GreedyDP,1,1
5,2,0.6,500,GreedyDP,5,2
5,2,0.6,100,GreedyDP,5,1
5,2,0.4,1000,GreedyDP,4,2
5,2,0.4,500,GreedyDP,0,0
5,2,0.4,100,GreedyDP,6,2
5,2,0.4,1000,GreedyDP,9,2
5,2,0.4,500,GreedyDP,8,1
5,2,0.4,100,GreedyDP,7,3
5,2,0.2,1000,GreedyDP,0,1
5,2,0.2,500,GreedyDP,0,2
5,2,0.2,100,GreedyDP,1,1
5,2,0.2,1000,GreedyDP,2,2
5,2,0.2,500,GreedyDP,0,2
5,2,0.2,100,GreedyDP,1,2
20,10,0.8,1000,GreedyDP,155,11
20,10,0.8,500,GreedyDP,199,11
20,10,0.8,100,GreedyDP,182,10
20,2,0.8,1000,GreedyDP,157,15
20,2,0.8,500,GreedyDP,179,13
20,2,0.8,100,GreedyDP,169,13
20,10,0.6,1000,GreedyDP,178,12
20,10,0.6,500,GreedyDP,134,12
20,10,0.6,100,GreedyDP,169,11
20,2,0.6,1000,GreedyDP,126,15
20,2,0.6,500,GreedyDP,143,16
20,2,0.6,100,GreedyDP,169,15
20,10,0.4,1000,GreedyDP,142,12
20,10,0.4,500,GreedyDP,44,9
20,10,0.4,100,GreedyDP,86,11
20,2,0.4,1000,GreedyDP,149,15
20,2,0.4,500,GreedyDP,150,16
20,2,0.4,100,GreedyDP,97,14
20,10,0.2,1000,GreedyDP,48,10
20,10,0.2,500,GreedyDP,60,11
20,10,0.2,100,GreedyDP,37,12
20,2,0.2,1000,GreedyDP,56,13
20,2,0.2,500,GreedyDP,36,8
20,2,0.2,100,GreedyDP,55,10
8,4,0.8,1000,GreedyDP,14,3
8,4,0.8,500,GreedyDP,9,3
8,4,0.8,100,GreedyDP,24,3
8,2,0.8,1000,GreedyDP,13,5
8,2,0.8,500,GreedyDP,19,5
8,2,0.8,100,GreedyDP,15,4
8,4,0.6,1000,GreedyDP,29,5
8,4,0.6,500,GreedyDP,6,4
8,4,0.6,100,GreedyDP,19,4
8,2,0.6,1000,GreedyDP,10,3
8,2,0.6,500,GreedyDP,12,2
8,2,0.6,100,GreedyDP,4,1
8,4,0.4,1000,GreedyDP,10,2
8,4,0.4,500,GreedyDP,5,0
8,4,0.4,100,GreedyDP,6,1
8,2,0.4,1000,GreedyDP,8,3
8,2,0.4,500,GreedyDP,9,5
8,2,0.4,100,GreedyDP,17,3
8,4,0.2,1000,GreedyDP,0,0
8,4,0.2,500,GreedyDP,3,1
8,4,0.2,100,GreedyDP,4,3
8,2,0.2,1000,GreedyDP,5,4
8,2,0.2,500,GreedyDP,3,2
8,2,0.2,100,GreedyDP,5,1
5,2,0.8,1000,GreedyDP,7,3
5,2,0.8,500,GreedyDP,7,2
5,2,0.8,100,GreedyDP,4,2
5,2,0.8,1000,GreedyDP,12,1
5,2,0.8,500,GreedyDP,2,2
5,2,0.8,100,GreedyDP,9,2
5,2,0.6,1000,GreedyDP,6,3
5,2,0.6,500,GreedyDP,6,3
5,2,0.6,100,GreedyDP,6,2
5,2,0.6,1000,GreedyDP,0,0
5,2,0.6,500,GreedyDP,4,2
5,2,0.6,100,GreedyDP,1,0
5,2,0.4,1000,GreedyDP,0,0
5,2,0.4,500,GreedyDP,2,0
5,2,0.4,100,GreedyDP,0,0
5,2,0.4,1000,GreedyDP,0,0
5,2,0.4,500,GreedyDP,0,0
5,2,0.4,100,GreedyDP,6,2
5,2,0.2,1000,GreedyDP,0,0
5,2,0.2,500,GreedyDP,2,2
5,2,0.2,100,GreedyDP,4,2
5,2,0.2,1000,GreedyDP,0,0
5,2,0.2,500,GreedyDP,0,0
5,2,0.2,100,GreedyDP,0,0
20,10,0.8,1000,GreedyDP,182,11
20,10,0.8,500,GreedyDP,161,11
20,10,0.8,100,GreedyDP,156,11
20,2,0.8,1000,GreedyDP,159,15
20,2,0.8,500,GreedyDP,154,15
20,2,0.8,100,GreedyDP,181,14
20,10,0.6,1000,GreedyDP,201,9
20,10,0.6,500,GreedyDP,180,12
20,10,0.6,100,GreedyDP,158,11
20,2,0.6,1000,GreedyDP,161,15
20,2,0.6,500,GreedyDP,184,16
20,2,0.6,100,GreedyDP,134,14
20,10,0.4,1000,GreedyDP,142,9
20,10,0.4,500,GreedyDP,129,10
20,10,0.4,100,GreedyDP,141,11
20,2,0.4,1000,GreedyDP,114,15
20,2,0.4,500,GreedyDP,142,15
20,2,0.4,100,GreedyDP,90,10
20,10,0.2,1000,GreedyDP,68,10
20,10,0.2,500,GreedyDP,16,8
20,10,0.2,100,GreedyDP,60,11
20,2,0.2,1000,GreedyDP,36,10
20,2,0.2,500,GreedyDP,44,13
20,2,0.2,100,GreedyDP,22,7
8,4,0.8,1000,GreedyDP,23,3
8,4,0.8,500,GreedyDP,29,4
8,4,0.8,100,GreedyDP,26,4
8,2,0.8,1000,GreedyDP,28,5
8,2,0.8,500,GreedyDP,14,5
8,2,0.8,100,GreedyDP,25,6
8,4,0.6,1000,GreedyDP,17,4
8,4,0.6,500,GreedyDP,13,3
8,4,0.6,100,GreedyDP,22,4
8,2,0.6,1000,GreedyDP,20,5
8,2,0.6,500,GreedyDP,27,4
8,2,0.6,100,GreedyDP,25,5
8,4,0.4,1000,GreedyDP,22,3
8,4,0.4,500,GreedyDP,15,4
8,4,0.4,100,GreedyDP,22,3
8,2,0.4,1000,GreedyDP,12,4
8,2,0.4,500,GreedyDP,17,3
8,2,0.4,100,GreedyDP,0,0
8,4,0.2,1000,GreedyDP,1,2
8,4,0.2,500,GreedyDP,0,3
8,4,0.2,100,GreedyDP,0,2
8,2,0.2,1000,GreedyDP,4,2
8,2,0.2,500,GreedyDP,5,2
8,2,0.2,100,GreedyDP,1,0
5,2,0.8,1000,GreedyDP,6,0
5,2,0.8,500,GreedyDP,5,0
5,2,0.8,100,GreedyDP,6,0
5,2,0.8,1000,GreedyDP,7,2
5,2,0.8,500,GreedyDP,10,0
5,2,0.8,100,GreedyDP,12,2
5,2,0.6,1000,GreedyDP,0,0
5,2,0.6,500,GreedyDP,4,0
5,2,0.6,100,GreedyDP,0,2
5,2,0.6,1000,GreedyDP,0,2
5,2,0.6,500,GreedyDP,0,2
5,2,0.6,100,GreedyDP,1,2
5,2,0.4,1000,GreedyDP,0,0
5,2,0.4,500,GreedyDP,0,0
5,2,0.4,100,GreedyDP,1,0
5,2,0.4,1000,GreedyDP,7,3
5,2,0.4,500,GreedyDP,7,3
5,2,0.4,100,GreedyDP,7,1
5,2,0.2,1000,GreedyDP,1,0
5,2,0.2,500,GreedyDP,0,0
5,2,0.2,100,GreedyDP,0,0
5,2,0.2,1000,GreedyDP,0,0
5,2,0.2,500,GreedyDP,0,0
5,2,0.2,100,GreedyDP,0,1
20,10,0.8,1000,GreedyDP,216,13
20,10,0.8,500,GreedyDP,145,12
20,10,0.8,100,GreedyDP,154,12
20,2,0.8,1000,GreedyDP,178,16
20,2,0.8,500,GreedyDP,197,15
20,2,0.8,100,GreedyDP,186,16
20,10,0.6,1000,GreedyDP,148,10
20,10,0.6,500,GreedyDP,151,9
20,10,0.6,100,GreedyDP,145,12
20,2,0.6,1000,GreedyDP,168,16
20,2,0.6,500,GreedyDP,183,16
20,2,0.6,100,GreedyDP,136,14
20,10,0.4,1000,GreedyDP,145,8
20,10,0.4,500,GreedyDP,115,12
20,10,0.4,100,GreedyDP,85,12
20,2,0.4,1000,GreedyDP,147,15
20,2,0.4,500,GreedyDP,119,16
20,2,0.4,100,GreedyDP,125,15
20,10,0.2,1000,GreedyDP,26,8
20,10,0.2,500,GreedyDP,38,12
20,10,0.2,100,GreedyDP,30,13
20,2,0.2,1000,GreedyDP,71,12
20,2,0.2,500,GreedyDP,83,15
20,2,0.2,100,GreedyDP,59,11
8,4,0.8,1000,GreedyDP,17,2
8,4,0.8,500,GreedyDP,34,3
8,4,0.8,100,GreedyDP,20,3
8,2,0.8,1000,GreedyDP,19,6
8,2,0.8,500,GreedyDP,14,4
8,2,0.8,100,GreedyDP,23,3
8,4,0.6,1000,GreedyDP,15,4
8,4,0.6,500,GreedyDP,18,5
8,4,0.6,100,GreedyDP,23,4
8,2,0.6,1000,GreedyDP,22,5
8,2,0.6,500,GreedyDP,16,3
8,2,0.6,100,GreedyDP,22,3
8,4,0.4,1000,GreedyDP,9,3
8,4,0.4,500,GreedyDP,7,2
8,4,0.4,100,GreedyDP,8,3
8,2,0.4,1000,GreedyDP,5,3
8,2,0.4,500,GreedyDP,4,2
8,2,0.4,100,GreedyDP,12,4
8,4,0.2,1000,GreedyDP,2,3
8,4,0.2,500,GreedyDP,2,3
8,4,0.2,100,GreedyDP,7,2
8,2,0.2,1000,GreedyDP,1,2
8,2,0.2,500,GreedyDP,0,0
8,2,0.2,100,GreedyDP,4,0
5,2,0.8,1000,GreedyDP,9,2
5,2,0.8,500,GreedyDP,0,0
5,2,0.8,100,GreedyDP,10,1
5,2,0.8,1000,GreedyDP,2,2
5,2,0.8,500,GreedyDP,1,2
5,2,0.8,100,GreedyDP,10,2
5,2,0.6,1000,GreedyDP,8,3
5,2,0.6,500,GreedyDP,1,2
5,2,0.6,100,GreedyDP,9,2
5,2,0.6,1000,GreedyDP,4,2
5,2,0.6,500,GreedyDP,10,2
5,2,0.6,100,GreedyDP,11,0
5,2,0.4,1000,GreedyDP,0,0
5,2,0.4,500,GreedyDP,6,1
5,2,0.4,100,GreedyDP,7,3
5,2,0.4,1000,GreedyDP,4,0
5,2,0.4,500,GreedyDP,5,0
5,2,0.4,100,GreedyDP,2,0
5,2,0.2,1000,GreedyDP,1,0
5,2,0.2,500,GreedyDP,0,0
5,2,0.2,100,GreedyDP,2,2
5,2,0.2,1000,GreedyDP,0,0
5,2,0.2,500,GreedyDP,0,0
5,2,0.2,100,GreedyDP,0,2
20,10,0.8,1000,GreedyDP,150,10
20,10,0.8,500,GreedyDP,175,10
20,10,0.8,100,GreedyDP,174,11
20,2,0.8,1000,GreedyDP,162,16
20,2,0.8,500,GreedyDP,231,15
20,2,0.8,100,GreedyDP,171,14
20,10,0.6,1000,GreedyDP,187,10
20,10,0.6,500,GreedyDP,158,13
20,10,0.6,100,GreedyDP,139,11
20,2,0.6,1000,GreedyDP,192,15
20,2,0.6,500,GreedyDP,158,16
20,2,0.6,100,GreedyDP,160,14
20,10,0.4,1000,GreedyDP,90,11
20,10,0.4,500,GreedyDP,109,11
20,10,0.4,100,GreedyDP,99,12
20,2,0.4,1000,GreedyDP,131,15
20,2,0.4,500,GreedyDP,133,15
20,2,0.4,100,GreedyDP,97,14
20,10,0.2,1000,GreedyDP,55,10
20,10,0.2,500,GreedyDP,56,12
20,10,0.2,100,GreedyDP,42,13
20,2,0.2,1000,GreedyDP,15,4
20,2,0.2,500,GreedyDP,23,7
20,2,0.2,100,GreedyDP,24,7
8,4,0.8,1000,GreedyDP,27,3
8,4,0.8,500,GreedyDP,32,4
8,4,0.8,100,GreedyDP,34,3
8,2,0.8,1000,GreedyDP,30,4
8,2,0.8,500,GreedyDP,26,5
8,2,0.8,100,GreedyDP,7,3
8,4,0.6,1000,GreedyDP,9,3
8,4,0.6,500,GreedyDP,19,4
8,4,0.6,100,GreedyDP,13,3
8,2,0.6,1000,GreedyDP,2,2
8,2,0.6,500,GreedyDP,20,5
8,2,0.6,100,GreedyDP,8,4
8,4,0.4,1000,GreedyDP,16,1
8,4,0.4,500,GreedyDP,18,4
8,4,0.4,100,GreedyDP,6,1
8,2,0.4,1000,GreedyDP,3,2
8,2,0.4,500,GreedyDP,10,1
8,2,0.4,100,GreedyDP,9,3
8,4,0.2,1000,GreedyDP,2,2
8,4,0.2,500,GreedyDP,1,2
8,4,0.2,100,GreedyDP,1,3
8,2,0.2,1000,GreedyDP,0,0
8,2,0.2,500,GreedyDP,0,0
8,2,0.2,100,GreedyDP,0,2
5,2,0.8,1000,GreedyDP,4,2
5,2,0.8,500,GreedyDP,9,1
5,2,0.8,100,GreedyDP,12,2
5,2,0.8,1000,GreedyDP,13,1
5,2,0.8,500,GreedyDP,8,2
5,2,0.8,100,GreedyDP,1,0
5,2,0.6,1000,GreedyDP,0,0
5,2,0.6,500,GreedyDP,5,2
5,2,0.6,100,GreedyDP,6,0
5,2,0.6,1000,GreedyDP,4,2
5,2,0.6,500,GreedyDP,12,3
5,2,0.6,100,GreedyDP,7,1
5,2,0.4,1000,GreedyDP,0,0
5,2,0.4,500,GreedyDP,2,1
5,2,0.4,100,GreedyDP,0,2
5,2,0.4,1000,GreedyDP,0,0
5,2,0.4,500,GreedyDP,2,1
5,2,0.4,100,GreedyDP,3,0
5,2,0.2,1000,GreedyDP,0,0
5,2,0.2,500,GreedyDP,0,0
5,2,0.2,100,GreedyDP,0,0
5,2,0.2,1000,GreedyDP,0,0
5,2,0.2,500,GreedyDP,0,2
5,2,0.2,100,GreedyDP,0,0
20,10,0.8,1000,GreedyDP,180,12
20,10,0.8,500,GreedyDP,164,11
20,10,0.8,100,GreedyDP,133,12
20,2,0.8,1000,GreedyDP,204,16
20,2,0.8,500,GreedyDP,173,15
20,2,0.8,100,GreedyDP,166,15
20,10,0.6,1000,GreedyDP,132,10
20,10,0.6,500,GreedyDP,151,10
20,10,0.6,100,GreedyDP,170,10
20,2,0.6,1000,GreedyDP,140,16
20,2,0.6,500,GreedyDP,169,15
20,2,0.6,100,GreedyDP,156,15
20,10,0.4,1000,GreedyDP,134,11
20,10,0.4,500,GreedyDP,145,11
20,10,0.4,100,GreedyDP,103,11
20,2,0.4,1000,GreedyDP,127,15
20,2,0.4,500,GreedyDP,122,16
20,2,0.4,100,GreedyDP,88,14
20,10,0.2,1000,GreedyDP,51,10
20,10,0.2,500,GreedyDP,61,9
20,10,0.2,100,GreedyDP,63,9
20,2,0.2,1000,GreedyDP,21,6
20,2,0.2,500,GreedyDP,19,5
20,2,0.2,100,GreedyDP,48,11
8,4,0.8,1000,GreedyDP,31,4
8,4,0.8,500,GreedyDP,23,4
8,4,0.8,100,GreedyDP,18,4
8,2,0.8,1000,GreedyDP,18,5
8,2,0.8,500,GreedyDP,3,2
8,2,0.8,100,GreedyDP,18,4
8,4,0.6,1000,GreedyDP,20,3
8,4,0.6,500,GreedyDP,25,4
8,4,0.6,100,GreedyDP,22,4
8,2,0.6,1000,GreedyDP,28,5
8,2,0.6,500,GreedyDP,24,4
8,2,0.6,100,GreedyDP,16,3
8,4,0.4,1000,GreedyDP,0,1
8,4,0.4,500,GreedyDP,0,2
8,4,0.4,100,GreedyDP,3,3
8,2,0.4,1000,GreedyDP,0,0
8,2,0.4,500,GreedyDP,0,0
8,2,0.4,100,GreedyDP,10,2
8,4,0.2,1000,GreedyDP,9,4
8,4,0.2,500,GreedyDP,4,3
8,4,0.2,100,GreedyDP,2,2
8,2,0.2,1000,GreedyDP,3,4
8,2,0.2,500,GreedyDP,0,0
8,2,0.2,100,GreedyDP,3,1
5,2,0.8,1000,GreedyDP,10,2
5,2,0.8,500,GreedyDP,14,2
5,2,0.8,100,GreedyDP,8,2
5,2,0.8,1000,GreedyDP,10,2
5,2,0.8,500,GreedyDP,7,2
5,2,0.8,100,GreedyDP,9,1
5,2,0.6,1000,GreedyDP,2,2
5,2,0.6,500,GreedyDP,9,3
5,2,0.6,100,GreedyDP,13,2
5,2,0.6,1000,GreedyDP,2,0
5,2,0.6,500,GreedyDP,2,0
5,2,0.6,100,GreedyDP,14,2
5,2,0.4,1000,GreedyDP,0,0
5,2,0.4,500,GreedyDP,8,1
5,2,0.4,100,GreedyDP,5,1
5,2,0.4,1000,GreedyDP,0,0
5,2,0.4,500,GreedyDP,2,0
5,2,0.4,100,GreedyDP,3,0
5,2,0.2,1000,GreedyDP,0,1
5,2,0.2,500,GreedyDP,0,1
5,2,0.2,100,GreedyDP,2,2
5,2,0.2,1000,GreedyDP,3,2
5,2,0.2,500,GreedyDP,0,2
5,2,0.2,100,GreedyDP,7,2
20,10,0.8,1000,GreedyColor+turn,183,12
20,10,0.8,500,GreedyColor+turn,160,11
20,10,0.8,100,GreedyColor+turn,186,12
20,2,0.8,1000,GreedyColor+turn,134,15
20,2,0.8,500,GreedyColor+turn,157,16
20,2,0.8,100,GreedyColor+turn,136,14
20,10,0.6,1000,GreedyColor+turn,100,8
20,10,0.6,500,GreedyColor+turn,143,12
20,10,0.6,100,GreedyColor+turn,116,10
20,2,0.6,1000,GreedyColor+turn,117,14
20,2,0.6,500,GreedyColor+turn,120,15
20,2,0.6,100,GreedyColor+turn,131,13
20,10,0.4,1000,GreedyColor+turn,100,10
20,10,0.4,500,GreedyColor+turn,96,9
20,10,0.4,100,GreedyColor+turn,98,12
20,2,0.4,1000,GreedyColor+turn,34,7
20,2,0.4,500,GreedyColor+turn,80,15
20,2,0.4,100,GreedyColor+turn,85,13
20,10,0.2,1000,GreedyColor+turn,33,10
20,10,0.2,500,GreedyColor+turn,33,10
20,10,0.2,100,GreedyColor+turn,38,10
20,2,0.2,1000,GreedyColor+turn,15,4
20,2,0.2,500,GreedyColor+turn,14,4
20,2,0.2,100,GreedyColor+turn,18,2
8,4,0.8,1000,GreedyColor+turn,8,4
8,4,0.8,500,GreedyColor+turn,27,5
8,4,0.8,100,GreedyColor+turn,23,2
8,2,0.8,1000,GreedyColor+turn,12,4
8,2,0.8,500,GreedyColor+turn,17,5
8,2,0.8,100,GreedyColor+turn,14,2
8,4,0.6,1000,GreedyColor+turn,8,4
8,4,0.6,500,GreedyColor+turn,16,4
8,4,0.6,100,GreedyColor+turn,8,2
8,2,0.6,1000,GreedyColor+turn,0,3
8,2,0.6,500,GreedyColor+turn,11,2
8,2,0.6,100,GreedyColor+turn,25,5
8,4,0.4,1000,GreedyColor+turn,8,3
8,4,0.4,500,GreedyColor+turn,4,3
8,4,0.4,100,GreedyColor+turn,7,4
8,2,0.4,1000,GreedyColor+turn,1,0
8,2,0.4,500,GreedyColor+turn,0,0
8,2,0.4,100,GreedyColor+turn,0,2
8,4,0.2,1000,GreedyColor+turn,2,0
8,4,0.2,500,GreedyColor+turn,1,0
8,4,0.2,100,GreedyColor+turn,3,2
8,2,0.2,1000,GreedyColor+turn,2,4
8,2,0.2,500,GreedyColor+turn,2,3
8,2,0.2,100,GreedyColor+turn,0,4
5,2,0.8,1000,GreedyColor+turn,8,2
5,2,0.8,500,GreedyColor+turn,0,0
5,2,0.8,100,GreedyColor+turn,7,1
5,2,0.8,1000,GreedyColor+turn,0,0
5,2,0.8,500,GreedyColor+turn,2,2
5,2,0.8,100,GreedyColor+turn,2,0
5,2,0.6,1000,GreedyColor+turn,0,1
5,2,0.6,500,GreedyColor+turn,0,0
5,2,0.6,100,GreedyColor+turn,0,0
5,2,0.6,1000,GreedyColor+turn,0,0
5,2,0.6,500,GreedyColor+turn,0,0
5,2,0.6,100,GreedyColor+turn,5,1
5,2,0.4,1000,GreedyColor+turn,0,0
5,2,0.4,500,GreedyColor+turn,0,0
5,2,0.4,100,GreedyColor+turn,4,0
5,2,0.4,1000,GreedyColor+turn,0,0
5,2,0.4,500,GreedyColor+turn,0,0
5,2,0.4,100,GreedyColor+turn,0,0
5,2,0.2,1000,GreedyColor+turn,2,0
5,2,0.2,500,GreedyColor+turn,0,0
5,2,0.2,100,GreedyColor+turn,1,0
5,2,0.2,1000,GreedyColor+turn,4,2
5,2,0.2,500,GreedyColor+turn,0,0
5,2,0.2,100,GreedyColor+turn,0,1
20,10,0.8,1000,GreedyColor+turn,116,10
20,10,0.8,500,GreedyColor+turn,165,10
20,10,0.8,100,GreedyColor+turn,190,11
20,2,0.8,1000,GreedyColor+turn,170,16
20,2,0.8,500,GreedyColor+turn,163,16
20,2,0.8,100,GreedyColor+turn,184,11
20,10,0.6,1000,GreedyColor+turn,136,9
20,10,0.6,500,GreedyColor+turn,106,11
20,10,0.6,100,GreedyColor+turn,134,11
20,2,0.6,1000,GreedyColor+turn,87,13
20,2,0.6,500,GreedyColor+turn,34,7
20,2,0.6,100,GreedyColor+turn,149,15
20,10,0.4,1000,GreedyColor+turn,58,11
20,10,0.4,500,GreedyColor+turn,80,8
20,10,0.4,100,GreedyColor+turn,64,12
20,2,0.4,1000,GreedyColor+turn,36,6
20,2,0.4,500,GreedyColor+turn,58,8
20,2,0.4,100,GreedyColor+turn,56,9
20,10,0.2,1000,GreedyColor+turn,20,12
20,10,0.2,500,GreedyColor+turn,30,11
20,10,0.2,100,GreedyColor+turn,25,14
20,2,0.2,1000,GreedyColor+turn,17,9
20,2,0.2,500,GreedyColor+turn,12,4
20,2,0.2,100,GreedyColor+turn,17,4
8,4,0.8,1000,GreedyColor+turn,14,3
8,4,0.8,500,GreedyColor+turn,19,4
8,4,0.8,100,GreedyColor+turn,21,2
8,2,0.8,1000,GreedyColor+turn,23,5
8,2,0.8,500,GreedyColor+turn,18,3
8,2,0.8,100,GreedyColor+turn,16,4
8,4,0.6,1000,GreedyColor+turn,36,4
8,4,0.6,500,GreedyColor+turn,23,1
8,4,0.6,100,GreedyColor+turn,27,3
8,2,0.6,1000,GreedyColor+turn,0,0
8,2,0.6,500,GreedyColor+turn,13,4
8,2,0.6,100,GreedyColor+turn,1,0
8,4,0.4,1000,GreedyColor+turn,4,2
8,4,0.4,500,GreedyColor+turn,9,3
8,4,0.4,100,GreedyColor+turn,20,4
8,2,0.4,1000,GreedyColor+turn,5,2
8,2,0.4,500,GreedyColor+turn,16,5
8,2,0.4,100,GreedyColor+turn,15,4
8,4,0.2,1000,GreedyColor+turn,0,1
8,4,0.2,500,GreedyColor+turn,0,1
8,4,0.2,100,GreedyColor+turn,6,2
8,2,0.2,1000,GreedyColor+turn,0,2
8,2,0.2,500,GreedyColor+turn,0,2
8,2,0.2,100,GreedyColor+turn,2,2
5,2,0.8,1000,GreedyColor+turn,4,3
5,2,0.8,500,GreedyColor+turn,8,2
5,2,0.8,100,GreedyColor+turn,6,1
5,2,0.8,1000,GreedyColor+turn,0,1
5,2,0.8,500,GreedyColor+turn,0,2
5,2,0.8,100,GreedyColor+turn,5,1
5,2,0.6,1000,GreedyColor+turn,0,0
5,2,0.6,500,GreedyColor+turn,2,2
5,2,0.6,100,GreedyColor+turn,5,2
5,2,0.6,1000,GreedyColor+turn,9,2
5,2,0.6,500,GreedyColor+turn,0,2
5,2,0.6,100,GreedyColor+turn,11,2
5,2,0.4,1000,GreedyColor+turn,3,1
5,2,0.4,500,GreedyColor+turn,3,1
5,2,0.4,100,GreedyColor+turn,5,2
5,2,0.4,1000,GreedyColor+turn,0,0
5,2,0.4,500,GreedyColor+turn,5,1
5,2,0.4,100,GreedyColor+turn,2,2
5,2,0.2,1000,GreedyColor+turn,0,0
5,2,0.2,500,GreedyColor+turn,0,0
5,2,0.2,100,GreedyColor+turn,2,2
5,2,0.2,1000,GreedyColor+turn,0,0
5,2,0.2,500,GreedyColor+turn,1,0
5,2,0.2,100,GreedyColor+turn,0,1
20,10,0.8,1000,GreedyColor+turn,169,10
20,10,0.8,500,GreedyColor+turn,134,13
20,10,0.8,100,GreedyColor+turn,131,11
20,2,0.8,1000,GreedyColor+turn,124,14
20,2,0.8,500,GreedyColor+turn,127,14
20,2,0.8,100,GreedyColor+turn,176,16
20,10,0.6,1000,GreedyColor+turn,150,13
20,10,0.6,500,GreedyColor+turn,174,12
20,10,0.6,100,GreedyColor+turn,122,11
20,2,0.6,1000,GreedyColor+turn,173,14
20,2,0.6,500,GreedyColor+turn,158,15
20,2,0.6,100,GreedyColor+turn,133,16
20,10,0.4,1000,GreedyColor+turn,50,9
20,10,0.4,500,GreedyColor+turn,51,8
20,10,0.4,100,GreedyColor+turn,55,11
20,2,0.4,1000,GreedyColor+turn,102,13
20,2,0.4,500,GreedyColor+turn,71,11
20,2,0.4,100,GreedyColor+turn,93,12
20,10,0.2,1000,GreedyColor+turn,14,7
20,10,0.2,500,GreedyColor+turn,16,10
20,10,0.2,100,GreedyColor+turn,21,11
20,2,0.2,1000,GreedyColor+turn,16,11
20,2,0.2,500,GreedyColor+turn,16,5
20,2,0.2,100,GreedyColor+turn,20,10
8,4,0.8,1000,GreedyColor+turn,27,4
8,4,0.8,500,GreedyColor+turn,20,4
8,4,0.8,100,GreedyColor+turn,23,4
8,2,0.8,1000,GreedyColor+turn,3,2
8,2,0.8,500,GreedyColor+turn,33,4
8,2,0.8,100,GreedyColor+turn,23,5
8,4,0.6,1000,GreedyColor+turn,4,3
8,4,0.6,500,GreedyColor+turn,24,4
8,4,0.6,100,GreedyColor+turn,8,3
8,2,0.6,1000,GreedyColor+turn,1,0
8,2,0.6,500,GreedyColor+turn,3,0
8,2,0.6,100,GreedyColor+turn,8,4
8,4,0.4,1000,GreedyColor+turn,6,2
8,4,0.4,500,GreedyColor+turn,4,2
8,4,0.4,100,GreedyColor+turn,3,3
8,2,0.4,1000,GreedyColor+turn,6,2
8,2,0.4,500,GreedyColor+turn,0,0
8,2,0.4,100,GreedyColor+turn,4,2
8,4,0.2,1000,GreedyColor+turn,11,5
8,4,0.2,500,GreedyColor+turn,3,2
8,4,0.2,100,GreedyColor+turn,12,3
8,2,0.2,1000,GreedyColor+turn,7,3
8,2,0.2,500,GreedyColor+turn,0,3
8,2,0.2,100,GreedyColor+turn,7,3
5,2,0.8,1000,GreedyColor+turn,6,3
5,2,0.8,500,GreedyColor+turn,10,2
5,2,0.8,100,GreedyColor+turn,0,1
5,2,0.8,1000,GreedyColor+turn,11,1
5,2,0.8,500,GreedyColor+turn,5,1
5,2,0.8,100,GreedyColor+turn,8,2
5,2,0.6,1000,GreedyColor+turn,1,0
5,2,0.6,500,GreedyColor+turn,2,0
5,2,0.6,100,GreedyColor+turn,1,1
5,2,0.6,1000,GreedyColor+turn,2,2
5,2,0.6,500,GreedyColor+turn,0,0
5,2,0.6,100,GreedyColor+turn,0,2
5,2,0.4,1000,GreedyColor+turn,0,0
5,2,0.4,500,GreedyColor+turn,2,0
5,2,0.4,100,GreedyColor+turn,1,0
5,2,0.4,1000,GreedyColor+turn,0,1
5,2,0.4,500,GreedyColor+turn,2,2
5,2,0.4,100,GreedyColor+turn,2,1
5,2,0.2,1000,GreedyColor+turn,0,0
5,2,0.2,500,GreedyColor+turn,0,0
5,2,0.2,100,GreedyColor+turn,0,0
5,2,0.2,1000,GreedyColor+turn,0,0
5,2,0.2,500,GreedyColor+turn,0,0
5,2,0.2,100,GreedyColor+turn,0,0
20,10,0.8,1000,GreedyColor+turn,179,11
20,10,0.8,500,GreedyColor+turn,180,12
20,10,0.8,100,GreedyColor+turn,181,10
20,2,0.8,1000,GreedyColor+turn,134,15
20,2,0.8,500,GreedyColor+turn,126,15
20,2,0.8,100,GreedyColor+turn,180,15
20,10,0.6,1000,GreedyColor+turn,155,10
20,10,0.6,500,GreedyColor+turn,96,10
20,10,0.6,100,GreedyColor+turn,129,12
20,2,0.6,1000,GreedyColor+turn,110,14
20,2,0.6,500,GreedyColor+turn,146,14
20,2,0.6,100,GreedyColor+turn,171,14
20,10,0.4,1000,GreedyColor+turn,104,10
20,10,0.4,500,GreedyColor+turn,120,10
20,10,0.4,100,GreedyColor+turn,95,11
20,2,0.4,1000,GreedyColor+turn,93,12
20,2,0.4,500,GreedyColor+turn,103,14
20,2,0.4,100,GreedyColor+turn,64,13
20,10,0.2,1000,GreedyColor+turn,39,10
20,10,0.2,500,GreedyColor+turn,42,9
20,10,0.2,100,GreedyColor+turn,55,11
20,2,0.2,1000,GreedyColor+turn,10,8
20,2,0.2,500,GreedyColor+turn,15,6
20,2,0.2,100,GreedyColor+turn,10,3
8,4,0.8,1000,GreedyColor+turn,26,4
8,4,0.8,500,GreedyColor+turn,13,2
8,4,0.8,100,GreedyColor+turn,22,3
8,2,0.8,1000,GreedyColor+turn,0,0
8,2,0.8,500,GreedyColor+turn,35,5
8,2,0.8,100,GreedyColor+turn,11,0
8,4,0.6,1000,GreedyColor+turn,13,4
8,4,0.6,500,GreedyColor+turn,20,3
8,4,0.6,100,GreedyColor+turn,19,4
8,2,0.6,1000,GreedyColor+turn,19,4
8,2,0.6,500,GreedyColor+turn,16,4
8,2,0.6,100,GreedyColor+turn,11,3
8,4,0.4,1000,GreedyColor+turn,11,1
8,4,0.4,500,GreedyColor+turn,4,2
8,4,0.4,100,GreedyColor+turn,9,5
8,2,0.4,1000,GreedyColor+turn,0,0
8,2,0.4,500,GreedyColor+turn,0,0
8,2,0.4,100,GreedyColor+turn,6,2
8,4,0.2,1000,GreedyColor+turn,9,2
8,4,0.2,500,GreedyColor+turn,10,3
8,4,0.2,100,GreedyColor+turn,3,0
8,2,0.2,1000,GreedyColor+turn,0,4
8,2,0.2,500,GreedyColor+turn,1,2
8,2,0.2,100,GreedyColor+turn,0,3
5,2,0.8,1000,GreedyColor+turn,0,2
5,2,0.8,500,GreedyColor+turn,0,2
5,2,0.8,100,GreedyColor+turn,0,2
5,2,0.8,1000,GreedyColor+turn,3,2
5,2,0.8,500,GreedyColor+turn,6,1
5,2,0.8,100,GreedyColor+turn,3,2
5,2,0.6,1000,GreedyColor+turn,0,0
5,2,0.6,500,GreedyColor+turn,0,0
5,2,0.6,100,GreedyColor+turn,1,0
5,2,0.6,1000,GreedyColor+turn,1,2
5,2,0.6,500,GreedyColor+turn,0,2
5,2,0.6,100,GreedyColor+turn,0,2
5,2,0.4,1000,GreedyColor+turn,9,2
5,2,0.4,500,GreedyColor+turn,8,2
5,2,0.4,100,GreedyColor+turn,4,3
5,2,0.4,1000,GreedyColor+turn,0,0
5,2,0.4,500,GreedyColor+turn,0,0
5,2,0.4,100,GreedyColor+turn,1,1
5,2,0.2,1000,GreedyColor+turn,0,0
5,2,0.2,500,GreedyColor+turn,0,0
5,2,0.2,100,GreedyColor+turn,1,1
5,2,0.2,1000,GreedyColor+turn,0,0
5,2,0.2,500,GreedyColor+turn,0,0
5,2,0.2,100,GreedyColor+turn,0,0
20,10,0.8,1000,GreedyColor+turn,176,11
20,10,0.8,500,GreedyColor+turn,191,12
20,10,0.8,100,GreedyColor+turn,112,11
20,2,0.8,1000,GreedyColor+turn,170,16
20,2,0.8,500,GreedyColor+turn,200,15
20,2,0.8,100,GreedyColor+turn,185,15
20,10,0.6,1000,GreedyColor+turn,146,10
20,10,0.6,500,GreedyColor+turn,114,10
20,10,0.6,100,GreedyColor+turn,134,11
20,2,0.6,1000,GreedyColor+turn,111,15
20,2,0.6,500,GreedyColor+turn,152,12
20,2,0.6,100,GreedyColor+turn,156,14
20,10,0.4,1000,GreedyColor+turn,93,10
20,10,0.4,500,GreedyColor+turn,86,10
20,10,0.4,100,GreedyColor+turn,84,12
20,2,0.4,1000,GreedyColor+turn,26,11
20,2,0.4,500,GreedyColor+turn,35,9
20,2,0.4,100,GreedyColor+turn,83,14
20,10,0.2,1000,GreedyColor+turn,12,8
20,10,0.2,500,GreedyColor+turn,13,9
20,10,0.2,100,GreedyColor+turn,23,12
20,2,0.2,1000,GreedyColor+turn,5,5
20,2,0.2,500,GreedyColor+turn,14,4
20,2,0.2,100,GreedyColor+turn,16,8
8,4,0.8,1000,GreedyColor+turn,15,2
8,4,0.8,500,GreedyColor+turn,9,2
8,4,0.8,100,GreedyColor+turn,12,2
8,2,0.8,1000,GreedyColor+turn,22,5
8,2,0.8,500,GreedyColor+turn,14,4
8,2,0.8,100,GreedyColor+turn,21,4
8,4,0.6,1000,GreedyColor+turn,11,3
8,4,0.6,500,GreedyColor+turn,13,4
8,4,0.6,100,GreedyColor+turn,10,4
8,2,0.6,1000,GreedyColor+turn,2,1
8,2,0.6,500,GreedyColor+turn,1,0
8,2,0.6,100,GreedyColor+turn,6,1
8,4,0.4,1000,GreedyColor+turn,7,1
8,4,0.4,500,GreedyColor+turn,0,0
8,4,0.4,100,GreedyColor+turn,8,1
8,2,0.4,1000,GreedyColor+turn,0,3
8,2,0.4,500,GreedyColor+turn,7,4
8,2,0.4,100,GreedyColor+turn,11,2
8,4,0.2,1000,GreedyColor+turn,0,4
8,4,0.2,500,GreedyColor+turn,0,4
8,4,0.2,100,GreedyColor+turn,4,5
8,2,0.2,1000,GreedyColor+turn,6,3
8,2,0.2,500,GreedyColor+turn,6,3
8,2,0.2,100,GreedyColor+turn,3,2
5,2,0.8,1000,GreedyColor+turn,3,0
5,2,0.8,500,GreedyColor+turn,7,2
5,2,0.8,100,GreedyColor+turn,11,2
5,2,0.8,1000,GreedyColor+turn,4,2
5,2,0.8,500,GreedyColor+turn,4,2
5,2,0.8,100,GreedyColor+turn,4,2
5,2,0.6,1000,GreedyColor+turn,8,3
5,2,0.6,500,GreedyColor+turn,0,1
5,2,0.6,100,GreedyColor+turn,4,3
5,2,0.6,1000,GreedyColor+turn,4,2
5,2,0.6,500,GreedyColor+turn,0,0
5,2,0.6,100,GreedyColor+turn,7,2
5,2,0.4,1000,GreedyColor+turn,0,1
5,2,0.4,500,GreedyColor+turn,0,1
5,2,0.4,100,GreedyColor+turn,3,1
5,2,0.4,1000,GreedyColor+turn,0,0
5,2,0.4,500,GreedyColor+turn,0,0
5,2,0.4,100,GreedyColor+turn,1,1
5,2,0.2,1000,GreedyColor+turn,0,0
5,2,0.2,500,GreedyColor+turn,0,0
5,2,0.2,100,GreedyColor+turn,1,0
5,2,0.2,1000,GreedyColor+turn,0,0
5,2,0.2,500,GreedyColor+turn,0,0
5,2,0.2,100,GreedyColor+turn,2,0
20,10,0.8,1000,GreedyColor+turn,132,11
20,10,0.8,500,GreedyColor+turn,164,10
20,10,0.8,100,GreedyColor+turn,150,12
20,2,0.8,1000,GreedyColor+turn,139,16
20,2,0.8,500,GreedyColor+turn,146,15
20,2,0.8,100,GreedyColor+turn,187,15
20,10,0.6,1000,GreedyColor+turn,190,11
20,10,0.6,500,GreedyColor+turn,162,12
20,10,0.6,100,GreedyColor+turn,131,10
20,2,0.6,1000,GreedyColor+turn,107,15
20,2,0.6,500,GreedyColor+turn,131,16
20,2,0.6,100,GreedyColor+turn,132,16
20,10,0.4,1000,GreedyColor+turn,131,10
20,10,0.4,500,GreedyColor+turn,114,10
20,10,0.4,100,GreedyColor+turn,92,11
20,2,0.4,1000,GreedyColor+turn,82,14
20,2,0.4,500,GreedyColor+turn,111,14
20,2,0.4,100,GreedyColor+turn,111,14
20,10,0.2,1000,GreedyColor+turn,42,9
20,10,0.2,500,GreedyColor+turn,38,12
20,10,0.2,100,GreedyColor+turn,19,9
20,2,0.2,1000,GreedyColor+turn,19,6
20,2,0.2,500,GreedyColor+turn,15,6
20,2,0.2,100,GreedyColor+turn,31,12
8,4,0.8,1000,GreedyColor+turn,7,1
8,4,0.8,500,GreedyColor+turn,22,5
8,4,0.8,100,GreedyColor+turn,35,4
8,2,0.8,1000,GreedyColor+turn,17,5
8,2,0.8,500,GreedyColor+turn,17,4
8,2,0.8,100,GreedyColor+turn,23,4
8,4,0.6,1000,GreedyColor+turn,28,2
8,4,0.6,500,GreedyColor+turn,13,4
8,4,0.6,100,GreedyColor+turn,13,2
8,2,0.6,1000,GreedyColor+turn,0,1
8,2,0.6,500,GreedyColor+turn,0,1
8,2,0.6,100,GreedyColor+turn,20,5
8,4,0.4,1000,GreedyColor+turn,6,2
8,4,0.4,500,GreedyColor+turn,6,2
8,4,0.4,100,GreedyColor+turn,8,3
8,2,0.4,1000,GreedyColor+turn,9,3
8,2,0.4,500,GreedyColor+turn,0,0
8,2,0.4,100,GreedyColor+turn,0,3
8,4,0.2,1000,GreedyColor+turn,0,0
8,4,0.2,500,GreedyColor+turn,2,0
8,4,0.2,100,GreedyColor+turn,2,2
8,2,0.2,1000,GreedyColor+turn,8,4
8,2,0.2,500,GreedyColor+turn,8,4
8,2,0.2,100,GreedyColor+turn,11,3
5,2,0.8,1000,GreedyColor+turn,0,0
5,2,0.8,500,GreedyColor+turn,2,2
5,2,0.8,100,GreedyColor+turn,0,0
5,2,0.8,1000,GreedyColor+turn,0,0
5,2,0.8,500,GreedyColor+turn,10,2
5,2,0.8,100,GreedyColor+turn,12,2
5,2,0.6,1000,GreedyColor+turn,10,2
5,2,0.6,500,GreedyColor+turn,9,2
5,2,0.6,100,GreedyColor+turn,1,0
5,2,0.6,1000,GreedyColor+turn,3,2
5,2,0.6,500,GreedyColor+turn,3,2
5,2,0.6,100,GreedyColor+turn,7,1
5,2,0.4,1000,GreedyColor+turn,5,2
5,2,0.4,500,GreedyColor+turn,9,2
5,2,0.4,100,GreedyColor+turn,8,1
5,2,0.4,1000,GreedyColor+turn,0,0
5,2,0.4,500,GreedyColor+turn,0,0
5,2,0.4,100,GreedyColor+turn,0,2
5,2,0.2,1000,GreedyColor+turn,0,1
5,2,0.2,500,GreedyColor+turn,1,1
5,2,0.2,100,GreedyColor+turn,0,1
5,2,0.2,1000,GreedyColor+turn,1,2
5,2,0.2,500,GreedyColor+turn,0,2
5,2,0.2,100,GreedyColor+turn,1,2
20,10,0.8,1000,GreedyColor+turn,192,10
20,10,0.8,500,GreedyColor+turn,187,10
20,10,0.8,100,GreedyColor+turn,134,10
20,2,0.8,1000,GreedyColor+turn,124,15
20,2,0.8,500,GreedyColor+turn,181,14
20,2,0.8,100,GreedyColor+turn,136,13
20,10,0.6,1000,GreedyColor+turn,101,9
20,10,0.6,500,GreedyColor+turn,129,11
20,10,0.6,100,GreedyColor+turn,174,11
20,2,0.6,1000,GreedyColor+turn,128,15
20,2,0.6,500,GreedyColor+turn,153,16
20,2,0.6,100,GreedyColor+turn,149,14
20,10,0.4,1000,GreedyColor+turn,87,13
20,10,0.4,500,GreedyColor+turn,50,8
20,10,0.4,100,GreedyColor+turn,66,13
20,2,0.4,1000,GreedyColor+turn,92,14
20,2,0.4,500,GreedyColor+turn,59,11
20,2,0.4,100,GreedyColor+turn,43,10
20,10,0.2,1000,GreedyColor+turn,24,9
20,10,0.2,500,GreedyColor+turn,24,11
20,10,0.2,100,GreedyColor+turn,22,14
20,2,0.2,1000,GreedyColor+turn,33,9
20,2,0.2,500,GreedyColor+turn,21,10
20,2,0.2,100,GreedyColor+turn,37,12
8,4,0.8,1000,GreedyColor+turn,14,3
8,4,0.8,500,GreedyColor+turn,26,2
8,4,0.8,100,GreedyColor+turn,22,4
8,2,0.8,1000,GreedyColor+turn,11,4
8,2,0.8,500,GreedyColor+turn,22,5
8,2,0.8,100,GreedyColor+turn,15,1
8,4,0.6,1000,GreedyColor+turn,6,4
8,4,0.6,500,GreedyColor+turn,4,3
8,4,0.6,100,GreedyColor+turn,9,3
8,2,0.6,1000,GreedyColor+turn,10,3
8,2,0.6,500,GreedyColor+turn,2,0
8,2,0.6,100,GreedyColor+turn,13,4
8,4,0.4,1000,GreedyColor+turn,2,3
8,4,0.4,500,GreedyColor+turn,13,4
8,4,0.4,100,GreedyColor+turn,9,4
8,2,0.4,1000,GreedyColor+turn,6,3
8,2,0.4,500,GreedyColor+turn,6,5
8,2,0.4,100,GreedyColor+turn,7,3
8,4,0.2,1000,GreedyColor+turn,0,1
8,4,0.2,500,GreedyColor+turn,0,1
8,4,0.2,100,GreedyColor+turn,0,3
8,2,0.2,1000,GreedyColor+turn,0,1
8,2,0.2,500,GreedyColor+turn,0,1
8,2,0.2,100,GreedyColor+turn,6,3
5,2,0.8,1000,GreedyColor+turn,3,2
5,2,0.8,500,GreedyColor+turn,3,2
5,2,0.8,100,GreedyColor+turn,3,2
5,2,0.8,1000,GreedyColor+turn,1,2
5,2,0.8,500,GreedyColor+turn,0,2
5,2,0.8,100,GreedyColor+turn,3,0
5,2,0.6,1000,GreedyColor+turn,0,0
5,2,0.6,500,GreedyColor+turn,0,0
5,2,0.6,100,GreedyColor+turn,0,0
5,2,0.6,1000,GreedyColor+turn,0,2
5,2,0.6,500,GreedyColor+turn,0,2
5,2,0.6,100,GreedyColor+turn,0,2
5,2,0.4,1000,GreedyColor+turn,0,0
5,2,0.4,500,GreedyColor+turn,0,0
5,2,0.4,100,GreedyColor+turn,1,0
5,2,0.4,1000,GreedyColor+turn,0,0
5,2,0.4,500,GreedyColor+turn,2,1
5,2,0.4,100,GreedyColor+turn,0,0
5,2,0.2,1000,GreedyColor+turn,0,0
5,2,0.2,500,GreedyColor+turn,2,2
5,2,0.2,100,GreedyColor+turn,4,2
5,2,0.2,1000,GreedyColor+turn,0,0
5,2,0.2,500,GreedyColor+turn,0,0
5,2,0.2,100,GreedyColor+turn,1,0
20,10,0.8,1000,GreedyColor+turn,159,9
20,10,0.8,500,GreedyColor+turn,110,9
20,10,0.8,100,GreedyColor+turn,209,10
20,2,0.8,1000,GreedyColor+turn,198,15
20,2,0.8,500,GreedyColor+turn,215,16
20,2,0.8,100,GreedyColor+turn,167,14
20,10,0.6,1000,GreedyColor+turn,169,10
20,10,0.6,500,GreedyColor+turn,189,9
20,10,0.6,100,GreedyColor+turn,156,11
20,2,0.6,1000,GreedyColor+turn,140,15
20,2,0.6,500,GreedyColor+turn,160,15
20,2,0.6,100,GreedyColor+turn,142,14
20,10,0.4,1000,GreedyColor+turn,59,10
20,10,0.4,500,GreedyColor+turn,77,10
20,10,0.4,100,GreedyColor+turn,78,12
20,2,0.4,1000,GreedyColor+turn,87,14
20,2,0.4,500,GreedyColor+turn,88,15
20,2,0.4,100,GreedyColor+turn,122,13
20,10,0.2,1000,GreedyColor+turn,14,10
20,10,0.2,500,GreedyColor+turn,16,10
20,10,0.2,100,GreedyColor+turn,29,11
20,2,0.2,1000,GreedyColor+turn,24,11
20,2,0.2,500,GreedyColor+turn,74,14
20,2,0.2,100,GreedyColor+turn,38,8
8,4,0.8,1000,GreedyColor+turn,8,1
8,4,0.8,500,GreedyColor+turn,18,3
8,4,0.8,100,GreedyColor+turn,34,5
8,2,0.8,1000,GreedyColor+turn,0,0
8,2,0.8,500,GreedyColor+turn,0,0
8,2,0.8,100,GreedyColor+turn,14,4
8,4,0.6,1000,GreedyColor+turn,13,4
8,4,0.6,500,GreedyColor+turn,8,3
8,4,0.6,100,GreedyColor+turn,14,2
8,2,0.6,1000,GreedyColor+turn,7,5
8,2,0.6,500,GreedyColor+turn,13,5
8,2,0.6,100,GreedyColor+turn,4,4
8,4,0.4,1000,GreedyColor+turn,5,2
8,4,0.4,500,GreedyColor+turn,4,1
8,4,0.4,100,GreedyColor+turn,7,3
8,2,0.4,1000,GreedyColor+turn,0,0
8,2,0.4,500,GreedyColor+turn,0,0
8,2,0.4,100,GreedyColor+turn,7,0
8,4,0.2,1000,GreedyColor+turn,3,2
8,4,0.2,500,GreedyColor+turn,0,1
8,4,0.2,100,GreedyColor+turn,1,2
8,2,0.2,1000,GreedyColor+turn,0,3
8,2,0.2,500,GreedyColor+turn,1,3
8,2,0.2,100,GreedyColor+turn,6,1
5,2,0.8,1000,GreedyColor+turn,6,2
5,2,0.8,500,GreedyColor+turn,6,2
5,2,0.8,100,GreedyColor+turn,8,2
5,2,0.8,1000,GreedyColor+turn,0,2
5,2,0.8,500,GreedyColor+turn,5,2
5,2,0.8,100,GreedyColor+turn,1,2
5,2,0.6,1000,GreedyColor+turn,4,1
5,2,0.6,500,GreedyColor+turn,0,0
5,2,0.6,100,GreedyColor+turn,0,0
5,2,0.6,1000,GreedyColor+turn,10,2
5,2,0.6,500,GreedyColor+turn,0,2
5,2,0.6,100,GreedyColor+turn,6,2
5,2,0.4,1000,GreedyColor+turn,0,0
5,2,0.4,500,GreedyColor+turn,0,0
5,2,0.4,100,GreedyColor+turn,4,0
5,2,0.4,1000,GreedyColor+turn,0,0
5,2,0.4,500,GreedyColor+turn,0,0
5,2,0.4,100,GreedyColor+turn,1,0
5,2,0.2,1000,GreedyColor+turn,0,0
5,2,0.2,500,GreedyColor+turn,0,0
5,2,0.2,100,GreedyColor+turn,1,0
5,2,0.2,1000,GreedyColor+turn,0,0
5,2,0.2,500,GreedyColor+turn,0,0
5,2,0.2,100,GreedyColor+turn,1,0
20,10,0.8,1000,GreedyColor+turn,187,10
20,10,0.8,500,GreedyColor+turn,150,12
20,10,0.8,100,GreedyColor+turn,123,11
20,2,0.8,1000,GreedyColor+turn,175,16
20,2,0.8,500,GreedyColor+turn,196,16
20,2,0.8,100,GreedyColor+turn,153,14
20,10,0.6,1000,GreedyColor+turn,107,11
20,10,0.6,500,GreedyColor+turn,200,10
20,10,0.6,100,GreedyColor+turn,108,11
20,2,0.6,1000,GreedyColor+turn,138,15
20,2,0.6,500,GreedyColor+turn,186,15
20,2,0.6,100,GreedyColor+turn,83,10
20,10,0.4,1000,GreedyColor+turn,100,11
20,10,0.4,500,GreedyColor+turn,86,12
20,10,0.4,100,GreedyColor+turn,96,12
20,2,0.4,1000,GreedyColor+turn,94,14
20,2,0.4,500,GreedyColor+turn,53,11
20,2,0.4,100,GreedyColor+turn,60,8
20,10,0.2,1000,GreedyColor+turn,20,9
20,10,0.2,500,GreedyColor+turn,21,10
20,10,0.2,100,GreedyColor+turn,43,13
20,2,0.2,1000,GreedyColor+turn,23,11
20,2,0.2,500,GreedyColor+turn,27,12
20,2,0.2,100,GreedyColor+turn,31,6
8,4,0.8,1000,GreedyColor+turn,17,2
8,4,0.8,500,GreedyColor+turn,5,2
8,4,0.8,100,GreedyColor+turn,34,2
8,2,0.8,1000,GreedyColor+turn,22,4
8,2,0.8,500,GreedyColor+turn,7,3
8,2,0.8,100,GreedyColor+turn,14,4
8,4,0.6,1000,GreedyColor+turn,1,1
8,4,0.6,500,GreedyColor+turn,2,0
8,4,0.6,100,GreedyColor+turn,13,3
8,2,0.6,1000,GreedyColor+turn,18,5
8,2,0.6,500,GreedyColor+turn,31,4
8,2,0.6,100,GreedyColor+turn,21,5
8,4,0.4,1000,GreedyColor+turn,11,2
8,4,0.4,500,GreedyColor+turn,10,2
8,4,0.4,100,GreedyColor+turn,9,2
8,2,0.4,1000,GreedyColor+turn,4,2
8,2,0.4,500,GreedyColor+turn,4,3
8,2,0.4,100,GreedyColor+turn,6,2
8,4,0.2,1000,GreedyColor+turn,1,0
8,4,0.2,500,GreedyColor+turn,0,1
8,4,0.2,100,GreedyColor+turn,4,2
8,2,0.2,1000,GreedyColor+turn,0,0
8,2,0.2,500,GreedyColor+turn,0,2
8,2,0.2,100,GreedyColor+turn,2,4
5,2,0.8,1000,GreedyColor+turn,0,1
5,2,0.8,500,GreedyColor+turn,0,0
5,2,0.8,100,GreedyColor+turn,1,1
5,2,0.8,1000,GreedyColor+turn,0,2
5,2,0.8,500,GreedyColor+turn,0,2
5,2,0.8,100,GreedyColor+turn,0,2
5,2,0.6,1000,GreedyColor+turn,3,2
5,2,0.6,500,GreedyColor+turn,4,1
5,2,0.6,100,GreedyColor+turn,5,1
5,2,0.6,1000,GreedyColor+turn,4,0
5,2,0.6,500,GreedyColor+turn,0,0
5,2,0.6,100,GreedyColor+turn,7,1
5,2,0.4,1000,GreedyColor+turn,2,1
5,2,0.4,500,GreedyColor+turn,0,2
5,2,0.4,100,GreedyColor+turn,1,2
5,2,0.4,1000,GreedyColor+turn,2,0
5,2,0.4,500,GreedyColor+turn,0,0
5,2,0.4,100,GreedyColor+turn,1,0
5,2,0.2,1000,GreedyColor+turn,0,0
5,2,0.2,500,GreedyColor+turn,0,0
5,2,0.2,100,GreedyColor+turn,1,0
5,2,0.2,1000,GreedyColor+turn,0,0
5,2,0.2,500,GreedyColor+turn,0,0
5,2,0.2,100,GreedyColor+turn,0,1
20,10,0.8,1000,GreedyColor+turn,122,12
20,10,0.8,500,GreedyColor+turn,157,11
20,10,0.8,100,GreedyColor+turn,127,10
20,2,0.8,1000,GreedyColor+turn,116,15
20,2,0.8,500,GreedyColor+turn,112,15
20,2,0.8,100,GreedyColor+turn,170,14
20,10,0.6,1000,GreedyColor+turn,160,9
20,10,0.6,500,GreedyColor+turn,163,11
20,10,0.6,100,GreedyColor+turn,145,11
20,2,0.6,1000,GreedyColor+turn,118,16
20,2,0.6,500,GreedyColor+turn,119,15
20,2,0.6,100,GreedyColor+turn,152,15
20,10,0.4,1000,GreedyColor+turn,65,9
20,10,0.4,500,GreedyColor+turn,66,10
20,10,0.4,100,GreedyColor+turn,54,12
20,2,0.4,1000,GreedyColor+turn,59,11
20,2,0.4,500,GreedyColor+turn,72,11
20,2,0.4,100,GreedyColor+turn,55,10
20,10,0.2,1000,GreedyColor+turn,15,7
20,10,0.2,500,GreedyColor+turn,38,10
20,10,0.2,100,GreedyColor+turn,39,12
20,2,0.2,1000,GreedyColor+turn,14,7
20,2,0.2,500,GreedyColor+turn,34,13
20,2,0.2,100,GreedyColor+turn,15,10
8,4,0.8,1000,GreedyColor+turn,22,4
8,4,0.8,500,GreedyColor+turn,16,4
8,4,0.8,100,GreedyColor+turn,12,0
8,2,0.8,1000,GreedyColor+turn,13,4
8,2,0.8,500,GreedyColor+turn,19,5
8,2,0.8,100,GreedyColor+turn,27,4
8,4,0.6,1000,GreedyColor+turn,17,4
8,4,0.6,500,GreedyColor+turn,30,4
8,4,0.6,100,GreedyColor+turn,29,3
8,2,0.6,1000,GreedyColor+turn,9,4
8,2,0.6,500,GreedyColor+turn,5,2
8,2,0.6,100,GreedyColor+turn,5,2
8,4,0.4,1000,GreedyColor+turn,2,0
8,4,0.4,500,GreedyColor+turn,15,2
8,4,0.4,100,GreedyColor+turn,19,4
8,2,0.4,1000,GreedyColor+turn,1,0
8,2,0.4,500,GreedyColor+turn,12,4
8,2,0.4,100,GreedyColor+turn,0,1
8,4,0.2,1000,GreedyColor+turn,4,2
8,4,0.2,500,GreedyColor+turn,0,0
8,4,0.2,100,GreedyColor+turn,2,2
8,2,0.2,1000,GreedyColor+turn,2,2
8,2,0.2,500,GreedyColor+turn,1,0
8,2,0.2,100,GreedyColor+turn,4,1
5,2,0.8,1000,GreedyColor+turn,2,2
5,2,0.8,500,GreedyColor+turn,2,1
5,2,0.8,100,GreedyColor+turn,2,2
5,2,0.8,1000,GreedyColor+turn,10,2
5,2,0.8,500,GreedyColor+turn,9,2
5,2,0.8,100,GreedyColor+turn,8,1
5,2,0.6,1000,GreedyColor+turn,0,1
5,2,0.6,500,GreedyColor+turn,6,2
5,2,0.6,100,GreedyColor+turn,6,1
5,2,0.6,1000,GreedyColor+turn,0,0
5,2,0.6,500,GreedyColor+turn,0,0
5,2,0.6,100,GreedyColor+turn,2,0
5,2,0.4,1000,GreedyColor+turn,5,2
5,2,0.4,500,GreedyColor+turn,5,2
5,2,0.4,100,GreedyColor+turn,6,2
5,2,0.4,1000,GreedyColor+turn,1,2
5,2,0.4,500,GreedyColor+turn,2,2
5,2,0.4,100,GreedyColor+turn,3,1
5,2,0.2,1000,GreedyColor+turn,0,0
5,2,0.2,500,GreedyColor+turn,0,0
5,2,0.2,100,GreedyColor+turn,0,0
5,2,0.2,1000,GreedyColor+turn,0,0
5,2,0.2,500,GreedyColor+turn,0,0
5,2,0.2,100,GreedyColor+turn,0,0
20,10,0.8,1000,GreedyColor+turn,179,10
20,10,0.8,500,GreedyColor+turn,164,11
20,10,0.8,100,GreedyColor+turn,166,10
20,2,0.8,1000,GreedyColor+turn,145,16
20,2,0.8,500,GreedyColor+turn,201,15
20,2,0.8,100,GreedyColor+turn,172,14
20,10,0.6,1000,GreedyColor+turn,182,8
20,10,0.6,500,GreedyColor+turn,164,10
20,10,0.6,100,GreedyColor+turn,162,11
20,2,0.6,1000,GreedyColor+turn,122,14
20,2,0.6,500,GreedyColor+turn,87,14
20,2,0.6,100,GreedyColor+turn,148,13
20,10,0.4,1000,GreedyColor+turn,116,11
20,10,0.4,500,GreedyColor+turn,130,10
20,10,0.4,100,GreedyColor+turn,116,10
20,2,0.4,1000,GreedyColor+turn,79,13
20,2,0.4,500,GreedyColor+turn,83,13
20,2,0.4,100,GreedyColor+turn,119,15
20,10,0.2,1000,GreedyColor+turn,47,11
20,10,0.2,500,GreedyColor+turn,34,10
20,10,0.2,100,GreedyColor+turn,15,10
20,2,0.2,1000,GreedyColor+turn,43,12
20,2,0.2,500,GreedyColor+turn,42,9
20,2,0.2,100,GreedyColor+turn,47,7
8,4,0.8,1000,GreedyColor+turn,28,3
8,4,0.8,500,GreedyColor+turn,24,2
8,4,0.8,100,GreedyColor+turn,18,3
8,2,0.8,1000,GreedyColor+turn,5,2
8,2,0.8,500,GreedyColor+turn,5,2
8,2,0.8,100,GreedyColor+turn,13,3
8,4,0.6,1000,GreedyColor+turn,7,2
8,4,0.6,500,GreedyColor+turn,24,4
8,4,0.6,100,GreedyColor+turn,16,4
8,2,0.6,1000,GreedyColor+turn,19,6
8,2,0.6,500,GreedyColor+turn,15,3
8,2,0.6,100,GreedyColor+turn,21,4
8,4,0.4,1000,GreedyColor+turn,11,4
8,4,0.4,500,GreedyColor+turn,11,3
8,4,0.4,100,GreedyColor+turn,23,4
8,2,0.4,1000,GreedyColor+turn,11,5
8,2,0.4,500,GreedyColor+turn,5,3
8,2,0.4,100,GreedyColor+turn,0,1
8,4,0.2,1000,GreedyColor+turn,6,3
8,4,0.2,500,GreedyColor+turn,2,4
8,4,0.2,100,GreedyColor+turn,2,4
8,2,0.2,1000,GreedyColor+turn,3,1
8,2,0.2,500,GreedyColor+turn,3,0
8,2,0.2,100,GreedyColor+turn,2,0
5,2,0.8,1000,GreedyColor+turn,0,1
5,2,0.8,500,GreedyColor+turn,0,0
5,2,0.8,100,GreedyColor+turn,0,0
5,2,0.8,1000,GreedyColor+turn,0,2
5,2,0.8,500,GreedyColor+turn,1,2
5,2,0.8,100,GreedyColor+turn,0,2
5,2,0.6,1000,GreedyColor+turn,6,0
5,2,0.6,500,GreedyColor+turn,7,1
5,2,0.6,100,GreedyColor+turn,4,0
5,2,0.6,1000,GreedyColor+turn,0,0
5,2,0.6,500,GreedyColor+turn,0,0
5,2,0.6,100,GreedyColor+turn,7,2
5,2,0.4,1000,GreedyColor+turn,4,1
5,2,0.4,500,GreedyColor+turn,3,2
5,2,0.4,100,GreedyColor+turn,3,1
5,2,0.4,1000,GreedyColor+turn,0,0
5,2,0.4,500,GreedyColor+turn,0,0
5,2,0.4,100,GreedyColor+turn,0,1
5,2,0.2,1000,GreedyColor+turn,1,0
5,2,0.2,500,GreedyColor+turn,0,0
5,2,0.2,100,GreedyColor+turn,0,2
5,2,0.2,1000,GreedyColor+turn,0,0
5,2,0.2,500,GreedyColor+turn,0,2
5,2,0.2,100,GreedyColor+turn,1,0
20,10,0.8,1000,GreedyColor+turn,185,11
20,10,0.8,500,GreedyColor+turn,180,11
20,10,0.8,100,GreedyColor+turn,161,11
20,2,0.8,1000,GreedyColor+turn,187,16
20,2,0.8,500,GreedyColor+turn,144,13
20,2,0.8,100,GreedyColor+turn,156,15
20,10,0.6,1000,GreedyColor+turn,130,11
20,10,0.6,500,GreedyColor+turn,149,10
20,10,0.6,100,GreedyColor+turn,134,11
20,2,0.6,1000,GreedyColor+turn,66,13
20,2,0.6,500,GreedyColor+turn,155,15
20,2,0.6,100,GreedyColor+turn,143,15
20,10,0.4,1000,GreedyColor+turn,90,11
20,10,0.4,500,GreedyColor+turn,75,10
20,10,0.4,100,GreedyColor+turn,64,12
20,2,0.4,1000,GreedyColor+turn,38,8
20,2,0.4,500,GreedyColor+turn,73,10
20,2,0.4,100,GreedyColor+turn,54,9
20,10,0.2,1000,GreedyColor+turn,15,9
20,10,0.2,500,GreedyColor+turn,5,7
20,10,0.2,100,GreedyColor+turn,9,11
20,2,0.2,1000,GreedyColor+turn,24,9
20,2,0.2,500,GreedyColor+turn,42,12
20,2,0.2,100,GreedyColor+turn,55,13
8,4,0.8,1000,GreedyColor+turn,7,3
8,4,0.8,500,GreedyColor+turn,22,3
8,4,0.8,100,GreedyColor+turn,22,4
8,2,0.8,1000,GreedyColor+turn,8,4
8,2,0.8,500,GreedyColor+turn,5,3
8,2,0.8,100,GreedyColor+turn,3,2
8,4,0.6,1000,GreedyColor+turn,16,5
8,4,0.6,500,GreedyColor+turn,0,0
8,4,0.6,100,GreedyColor+turn,17,4
8,2,0.6,1000,GreedyColor+turn,9,2
8,2,0.6,500,GreedyColor+turn,14,4
8,2,0.6,100,GreedyColor+turn,28,5
8,4,0.4,1000,GreedyColor+turn,6,1
8,4,0.4,500,GreedyColor+turn,0,0
8,4,0.4,100,GreedyColor+turn,6,3
8,2,0.4,1000,GreedyColor+turn,6,3
8,2,0.4,500,GreedyColor+turn,0,0
8,2,0.4,100,GreedyColor+turn,8,1
8,4,0.2,1000,GreedyColor+turn,0,3
8,4,0.2,500,GreedyColor+turn,0,2
8,4,0.2,100,GreedyColor+turn,1,4
8,2,0.2,1000,GreedyColor+turn,0,0
8,2,0.2,500,GreedyColor+turn,0,0
8,2,0.2,100,GreedyColor+turn,4,2
5,2,0.8,1000,GreedyColor+turn,0,0
5,2,0.8,500,GreedyColor+turn,0,0
5,2,0.8,100,GreedyColor+turn,7,1
5,2,0.8,1000,GreedyColor+turn,11,3
5,2,0.8,500,GreedyColor+turn,7,2
5,2,0.8,100,GreedyColor+turn,13,2
5,2,0.6,1000,GreedyColor+turn,0,1
5,2,0.6,500,GreedyColor+turn,0,1
5,2,0.6,100,GreedyColor+turn,2,1
5,2,0.6,1000,GreedyColor+turn,6,2
5,2,0.6,500,GreedyColor+turn,3,2
5,2,0.6,100,GreedyColor+turn,5,3
5,2,0.4,1000,GreedyColor+turn,0,2
5,2,0.4,500,GreedyColor+turn,0,0
5,2,0.4,100,GreedyColor+turn,0,1
5,2,0.4,1000,GreedyColor+turn,0,0
5,2,0.4,500,GreedyColor+turn,0,0
5,2,0.4,100,GreedyColor+turn,0,2
5,2,0.2,1000,GreedyColor+turn,0,0
5,2,0.2,500,GreedyColor+turn,0,0
5,2,0.2,100,GreedyColor+turn,3,1
5,2,0.2,1000,GreedyColor+turn,0,0
5,2,0.2,500,GreedyColor+turn,0,0
5,2,0.2,100,GreedyColor+turn,0,0
20,10,0.8,1000,GreedyColor+turn,171,10
20,10,0.8,500,GreedyColor+turn,205,10
20,10,0.8,100,GreedyColor+turn,141,11
20,2,0.8,1000,GreedyColor+turn,188,16
20,2,0.8,500,GreedyColor+turn,176,15
20,2,0.8,100,GreedyColor+turn,184,15
20,10,0.6,1000,GreedyColor+turn,94,12
20,10,0.6,500,GreedyColor+turn,97,11
20,10,0.6,100,GreedyColor+turn,99,13
20,2,0.6,1000,GreedyColor+turn,156,16
20,2,0.6,500,GreedyColor+turn,104,12
20,2,0.6,100,GreedyColor+turn,151,14
20,10,0.4,1000,GreedyColor+turn,51,11
20,10,0.4,500,GreedyColor+turn,30,9
20,10,0.4,100,GreedyColor+turn,86,11
20,2,0.4,1000,GreedyColor+turn,103,13
20,2,0.4,500,GreedyColor+turn,98,13
20,2,0.4,100,GreedyColor+turn,98,11
20,10,0.2,1000,GreedyColor+turn,42,8
20,10,0.2,500,GreedyColor+turn,38,11
20,10,0.2,100,GreedyColor+turn,51,13
20,2,0.2,1000,GreedyColor+turn,1,2
20,2,0.2,500,GreedyColor+turn,7,4
20,2,0.2,100,GreedyColor+turn,8,10
8,4,0.8,1000,GreedyColor+turn,13,3
8,4,0.8,500,GreedyColor+turn,17,4
8,4,0.8,100,GreedyColor+turn,20,3
8,2,0.8,1000,GreedyColor+turn,16,5
8,2,0.8,500,GreedyColor+turn,21,3
8,2,0.8,100,GreedyColor+turn,23,5
8,4,0.6,1000,GreedyColor+turn,15,4
8,4,0.6,500,GreedyColor+turn,6,1
8,4,0.6,100,GreedyColor+turn,11,1
8,2,0.6,1000,GreedyColor+turn,14,3
8,2,0.6,500,GreedyColor+turn,19,4
8,2,0.6,100,GreedyColor+turn,22,4
8,4,0.4,1000,GreedyColor+turn,0,2
8,4,0.4,500,GreedyColor+turn,0,3
8,4,0.4,100,GreedyColor+turn,2,4
8,2,0.4,1000,GreedyColor+turn,0,0
8,2,0.4,500,GreedyColor+turn,9,2
8,2,0.4,100,GreedyColor+turn,4,2
8,4,0.2,1000,GreedyColor+turn,0,1
8,4,0.2,500,GreedyColor+turn,8,3
8,4,0.2,100,GreedyColor+turn,4,4
8,2,0.2,1000,GreedyColor+turn,20,3
8,2,0.2,500,GreedyColor+turn,5,4
8,2,0.2,100,GreedyColor+turn,2,2
5,2,0.8,1000,GreedyColor+turn,0,2
5,2,0.8,500,GreedyColor+turn,0,2
5,2,0.8,100,GreedyColor+turn,9,3
5,2,0.8,1000,GreedyColor+turn,0,0
5,2,0.8,500,GreedyColor+turn,0,0
5,2,0.8,100,GreedyColor+turn,11,2
5,2,0.6,1000,GreedyColor+turn,0,2
5,2,0.6,500,GreedyColor+turn,2,1
5,2,0.6,100,GreedyColor+turn,3,2
5,2,0.6,1000,GreedyColor+turn,0,0
5,2,0.6,500,GreedyColor+turn,2,3
5,2,0.6,100,GreedyColor+turn,0,0
5,2,0.4,1000,GreedyColor+turn,0,2
5,2,0.4,500,GreedyColor+turn,0,2
5,2,0.4,100,GreedyColor+turn,1,2
5,2,0.4,1000,GreedyColor+turn,0,0
5,2,0.4,500,GreedyColor+turn,0,0
5,2,0.4,100,GreedyColor+turn,0,1
5,2,0.2,1000,GreedyColor+turn,0,0
5,2,0.2,500,GreedyColor+turn,0,0
5,2,0.2,100,GreedyColor+turn,0,0
5,2,0.2,1000,GreedyColor+turn,2,0
5,2,0.2,500,GreedyColor+turn,0,0
5,2,0.2,100,GreedyColor+turn,0,0
20,10,0.8,1000,GreedyColor+turn,188,10
20,10,0.8,500,GreedyColor+turn,171,10
20,10,0.8,100,GreedyColor+turn,123,12
20,2,0.8,1000,GreedyColor+turn,165,15
20,2,0.8,500,GreedyColor+turn,187,16
20,2,0.8,100,GreedyColor+turn,144,15
20,10,0.6,1000,GreedyColor+turn,94,9
20,10,0.6,500,GreedyColor+turn,116,11
20,10,0.6,100,GreedyColor+turn,73,8
20,2,0.6,1000,GreedyColor+turn,121,16
20,2,0.6,500,GreedyColor+turn,146,16
20,2,0.6,100,GreedyColor+turn,145,14
20,10,0.4,1000,GreedyColor+turn,84,11
20,10,0.4,500,GreedyColor+turn,84,11
20,10,0.4,100,GreedyColor+turn,66,12
20,2,0.4,1000,GreedyColor+turn,83,13
20,2,0.4,500,GreedyColor+turn,98,11
20,2,0.4,100,GreedyColor+turn,130,14
20,10,0.2,1000,GreedyColor+turn,8,10
20,10,0.2,500,GreedyColor+turn,4,9
20,10,0.2,100,GreedyColor+turn,21,12
20,2,0.2,1000,GreedyColor+turn,16,5
20,2,0.2,500,GreedyColor+turn,14,8
20,2,0.2,100,GreedyColor+turn,23,5
8,4,0.8,1000,GreedyColor+turn,0,4
8,4,0.8,500,GreedyColor+turn,9,3
8,4,0.8,100,GreedyColor+turn,20,4
8,2,0.8,1000,GreedyColor+turn,11,1
8,2,0.8,500,GreedyColor+turn,31,4
8,2,0.8,100,GreedyColor+turn,14,4
8,4,0.6,1000,GreedyColor+turn,6,4
8,4,0.6,500,GreedyColor+turn,15,3
8,4,0.6,100,GreedyColor+turn,11,4
8,2,0.6,1000,GreedyColor+turn,14,4
8,2,0.6,500,GreedyColor+turn,13,4
8,2,0.6,100,GreedyColor+turn,20,4
8,4,0.4,1000,GreedyColor+turn,4,2
8,4,0.4,500,GreedyColor+turn,4,2
8,4,0.4,100,GreedyColor+turn,8,2
8,2,0.4,1000,GreedyColor+turn,2,2
8,2,0.4,500,GreedyColor+turn,1,0
8,2,0.4,100,GreedyColor+turn,3,2
8,4,0.2,1000,GreedyColor+turn,1,4
8,4,0.2,500,GreedyColor+turn,0,4
8,4,0.2,100,GreedyColor+turn,2,4
8,2,0.2,1000,GreedyColor+turn,0,0
8,2,0.2,500,GreedyColor+turn,0,0
8,2,0.2,100,GreedyColor+turn,7,2
5,2,0.8,1000,GreedyColor+turn,9,2
5,2,0.8,500,GreedyColor+turn,0,0
5,2,0.8,100,GreedyColor+turn,12,2
5,2,0.8,1000,GreedyColor+turn,6,2
5,2,0.8,500,GreedyColor+turn,0,0
5,2,0.8,100,GreedyColor+turn,11,2
5,2,0.6,1000,GreedyColor+turn,0,0
5,2,0.6,500,GreedyColor+turn,0,0
5,2,0.6,100,GreedyColor+turn,4,0
5,2,0.6,1000,GreedyColor+turn,2,2
5,2,0.6,500,GreedyColor+turn,0,0
5,2,0.6,100,GreedyColor+turn,0,0
5,2,0.4,1000,GreedyColor+turn,4,2
5,2,0.4,500,GreedyColor+turn,2,2
5,2,0.4,100,GreedyColor+turn,0,0
5,2,0.4,1000,GreedyColor+turn,0,0
5,2,0.4,500,GreedyColor+turn,0,1
5,2,0.4,100,GreedyColor+turn,1,2
5,2,0.2,1000,GreedyColor+turn,0,0
5,2,0.2,500,GreedyColor+turn,2,1
5,2,0.2,100,GreedyColor+turn,2,1
5,2,0.2,1000,GreedyColor+turn,0,0
5,2,0.2,500,GreedyColor+turn,0,0
5,2,0.2,100,GreedyColor+turn,0,0
20,10,0.8,1000,GreedyColor+turn,180,13
20,10,0.8,500,GreedyColor+turn,205,11
20,10,0.8,100,GreedyColor+turn,104,11
20,2,0.8,1000,GreedyColor+turn,134,16
20,2,0.8,500,GreedyColor+turn,131,16
20,2,0.8,100,GreedyColor+turn,158,13
20,10,0.6,1000,GreedyColor+turn,153,11
20,10,0.6,500,GreedyColor+turn,192,11
20,10,0.6,100,GreedyColor+turn,151,9
20,2,0.6,1000,GreedyColor+turn,133,16
20,2,0.6,500,GreedyColor+turn,128,16
20,2,0.6,100,GreedyColor+turn,162,16
20,10,0.4,1000,GreedyColor+turn,49,8
20,10,0.4,500,GreedyColor+turn,74,11
20,10,0.4,100,GreedyColor+turn,35,9
20,2,0.4,1000,GreedyColor+turn,85,12
20,2,0.4,500,GreedyColor+turn,53,11
20,2,0.4,100,GreedyColor+turn,41,9
20,10,0.2,1000,GreedyColor+turn,33,11
20,10,0.2,500,GreedyColor+turn,22,11
20,10,0.2,100,GreedyColor+turn,23,14
20,2,0.2,1000,GreedyColor+turn,7,11
20,2,0.2,500,GreedyColor+turn,7,8
20,2,0.2,100,GreedyColor+turn,30,6
8,4,0.8,1000,GreedyColor+turn,12,3
8,4,0.8,500,GreedyColor+turn,15,4
8,4,0.8,100,GreedyColor+turn,16,4
8,2,0.8,1000,GreedyColor+turn,26,4
8,2,0.8,500,GreedyColor+turn,26,4
8,2,0.8,100,GreedyColor+turn,33,5
8,4,0.6,1000,GreedyColor+turn,4,2
8,4,0.6,500,GreedyColor+turn,9,3
8,4,0.6,100,GreedyColor+turn,4,3
8,2,0.6,1000,GreedyColor+turn,3,2
8,2,0.6,500,GreedyColor+turn,12,2
8,2,0.6,100,GreedyColor+turn,15,2
8,4,0.4,1000,GreedyColor+turn,12,3
8,4,0.4,500,GreedyColor+turn,12,3
8,4,0.4,100,GreedyColor+turn,11,3
8,2,0.4,1000,GreedyColor+turn,0,0
8,2,0.4,500,GreedyColor+turn,0,0
8,2,0.4,100,GreedyColor+turn,9,2
8,4,0.2,1000,GreedyColor+turn,0,1
8,4,0.2,500,GreedyColor+turn,0,1
8,4,0.2,100,GreedyColor+turn,2,2
8,2,0.2,1000,GreedyColor+turn,0,1
8,2,0.2,500,GreedyColor+turn,2,3
8,2,0.2,100,GreedyColor+turn,6,1
5,2,0.8,1000,GreedyColor+turn,2,2
5,2,0.8,500,GreedyColor+turn,12,2
5,2,0.8,100,GreedyColor+turn,5,2
5,2,0.8,1000,GreedyColor+turn,0,2
5,2,0.8,500,GreedyColor+turn,0,1
5,2,0.8,100,GreedyColor+turn,7,1
5,2,0.6,1000,GreedyColor+turn,1,1
5,2,0.6,500,GreedyColor+turn,4,1
5,2,0.6,100,GreedyColor+turn,9,1
5,2,0.6,1000,GreedyColor+turn,0,0
5,2,0.6,500,GreedyColor+turn,0,0
5,2,0.6,100,GreedyColor+turn,1,0
5,2,0.4,1000,GreedyColor+turn,0,1
5,2,0.4,500,GreedyColor+turn,0,0
5,2,0.4,100,GreedyColor+turn,0,0
5,2,0.4,1000,GreedyColor+turn,0,0
5,2,0.4,500,GreedyColor+turn,0,0
5,2,0.4,100,GreedyColor+turn,2,2
5,2,0.2,1000,GreedyColor+turn,0,0
5,2,0.2,500,GreedyColor+turn,1,0
5,2,0.2,100,GreedyColor+turn,1,2
5,2,0.2,1000,GreedyColor+turn,0,0
5,2,0.2,500,GreedyColor+turn,0,0
5,2,0.2,100,GreedyColor+turn,0,0
20,10,0.8,1000,GreedyColor+turn,114,10
20,10,0.8,500,GreedyColor+turn,142,11
20,10,0.8,100,GreedyColor+turn,145,9
20,2,0.8,1000,GreedyColor+turn,168,16
20,2,0.8,500,GreedyColor+turn,217,16
20,2,0.8,100,GreedyColor+turn,176,15
20,10,0.6,1000,GreedyColor+turn,72,11
20,10,0.6,500,GreedyColor+turn,160,12
20,10,0.6,100,GreedyColor+turn,145,11
20,2,0.6,1000,GreedyColor+turn,142,14
20,2,0.6,500,GreedyColor+turn,129,14
20,2,0.6,100,GreedyColor+turn,149,14
20,10,0.4,1000,GreedyColor+turn,90,10
20,10,0.4,500,GreedyColor+turn,59,11
20,10,0.4,100,GreedyColor+turn,104,14
20,2,0.4,1000,GreedyColor+turn,39,7
20,2,0.4,500,GreedyColor+turn,129,14
20,2,0.4,100,GreedyColor+turn,124,14
20,10,0.2,1000,GreedyColor+turn,25,11
20,10,0.2,500,GreedyColor+turn,23,10
20,10,0.2,100,GreedyColor+turn,56,11
20,2,0.2,1000,GreedyColor+turn,22,10
20,2,0.2,500,GreedyColor+turn,6,4
20,2,0.2,100,GreedyColor+turn,42,10
8,4,0.8,1000,GreedyColor+turn,13,4
8,4,0.8,500,GreedyColor+turn,7,4
8,4,0.8,100,GreedyColor+turn,14,4
8,2,0.8,1000,GreedyColor+turn,8,4
8,2,0.8,500,GreedyColor+turn,9,3
8,2,0.8,100,GreedyColor+turn,14,3
8,4,0.6,1000,GreedyColor+turn,12,2
8,4,0.6,500,GreedyColor+turn,8,3
8,4,0.6,100,GreedyColor+turn,5,4
8,2,0.6,1000,GreedyColor+turn,4,4
8,2,0.6,500,GreedyColor+turn,6,4
8,2,0.6,100,GreedyColor+turn,13,3
8,4,0.4,1000,GreedyColor+turn,0,1
8,4,0.4,500,GreedyColor+turn,0,2
8,4,0.4,100,GreedyColor+turn,7,2
8,2,0.4,1000,GreedyColor+turn,1,2
8,2,0.4,500,GreedyColor+turn,3,3
8,2,0.4,100,GreedyColor+turn,0,0
8,4,0.2,1000,GreedyColor+turn,0,0
8,4,0.2,500,GreedyColor+turn,1,0
8,4,0.2,100,GreedyColor+turn,0,0
8,2,0.2,1000,GreedyColor+turn,0,0
8,2,0.2,500,GreedyColor+turn,0,0
8,2,0.2,100,GreedyColor+turn,1,0
5,2,0.8,1000,GreedyColor+turn,3,2
5,2,0.8,500,GreedyColor+turn,10,1
5,2,0.8,100,GreedyColor+turn,0,2
5,2,0.8,1000,GreedyColor+turn,0,0
5,2,0.8,500,GreedyColor+turn,4,0
5,2,0.8,100,GreedyColor+turn,10,1
5,2,0.6,1000,GreedyColor+turn,0,0
5,2,0.6,500,GreedyColor+turn,4,0
5,2,0.6,100,GreedyColor+turn,2,1
5,2,0.6,1000,GreedyColor+turn,0,0
5,2,0.6,500,GreedyColor+turn,0,0
5,2,0.6,100,GreedyColor+turn,1,2
5,2,0.4,1000,GreedyColor+turn,0,0
5,2,0.4,500,GreedyColor+turn,7,1
5,2,0.4,100,GreedyColor+turn,7,2
5,2,0.4,1000,GreedyColor+turn,0,0
5,2,0.4,500,GreedyColor+turn,0,0
5,2,0.4,100,GreedyColor+turn,2,2
5,2,0.2,1000,GreedyColor+turn,0,2
5,2,0.2,500,GreedyColor+turn,0,0
5,2,0.2,100,GreedyColor+turn,2,1
5,2,0.2,1000,GreedyColor+turn,0,0
5,2,0.2,500,GreedyColor+turn,0,0
5,2,0.2,100,GreedyColor+turn,1,2
20,10,0.8,1000,GreedyColor+turn,117,10
20,10,0.8,500,GreedyColor+turn,169,12
20,10,0.8,100,GreedyColor+turn,182,10
20,2,0.8,1000,GreedyColor+turn,135,16
20,2,0.8,500,GreedyColor+turn,186,16
20,2,0.8,100,GreedyColor+turn,158,16
20,10,0.6,1000,GreedyColor+turn,87,11
20,10,0.6,500,GreedyColor+turn,96,12
20,10,0.6,100,GreedyColor+turn,80,13
20,2,0.6,1000,GreedyColor+turn,169,16
20,2,0.6,500,GreedyColor+turn,132,15
20,2,0.6,100,GreedyColor+turn,138,15
20,10,0.4,1000,GreedyColor+turn,146,11
20,10,0.4,500,GreedyColor+turn,116,12
20,10,0.4,100,GreedyColor+turn,76,11
20,2,0.4,1000,GreedyColor+turn,93,15
20,2,0.4,500,GreedyColor+turn,74,11
20,2,0.4,100,GreedyColor+turn,63,13
20,10,0.2,1000,GreedyColor+turn,27,10
20,10,0.2,500,GreedyColor+turn,27,12
20,10,0.2,100,GreedyColor+turn,37,13
20,2,0.2,1000,GreedyColor+turn,20,11
20,2,0.2,500,GreedyColor+turn,14,8
20,2,0.2,100,GreedyColor+turn,21,11
8,4,0.8,1000,GreedyColor+turn,23,3
8,4,0.8,500,GreedyColor+turn,23,3
8,4,0.8,100,GreedyColor+turn,26,2
8,2,0.8,1000,GreedyColor+turn,19,4
8,2,0.8,500,GreedyColor+turn,3,2
8,2,0.8,100,GreedyColor+turn,19,3
8,4,0.6,1000,GreedyColor+turn,18,3
8,4,0.6,500,GreedyColor+turn,5,1
8,4,0.6,100,GreedyColor+turn,15,3
8,2,0.6,1000,GreedyColor+turn,7,2
8,2,0.6,500,GreedyColor+turn,10,2
8,2,0.6,100,GreedyColor+turn,12,3
8,4,0.4,1000,GreedyColor+turn,0,3
8,4,0.4,500,GreedyColor+turn,5,1
8,4,0.4,100,GreedyColor+turn,8,2
8,2,0.4,1000,GreedyColor+turn,4,2
8,2,0.4,500,GreedyColor+turn,8,3
8,2,0.4,100,GreedyColor+turn,3,4
8,4,0.2,1000,GreedyColor+turn,0,0
8,4,0.2,500,GreedyColor+turn,3,2
8,4,0.2,100,GreedyColor+turn,7,3
8,2,0.2,1000,GreedyColor+turn,0,0
8,2,0.2,500,GreedyColor+turn,0,3
8,2,0.2,100,GreedyColor+turn,5,0
5,2,0.8,1000,GreedyColor+turn,5,2
5,2,0.8,500,GreedyColor+turn,1,0
5,2,0.8,100,GreedyColor+turn,5,2
5,2,0.8,1000,GreedyColor+turn,0,0
5,2,0.8,500,GreedyColor+turn,0,0
5,2,0.8,100,GreedyColor+turn,0,0
5,2,0.6,1000,GreedyColor+turn,0,0
5,2,0.6,500,GreedyColor+turn,0,0
5,2,0.6,100,GreedyColor+turn,1,1
5,2,0.6,1000,GreedyColor+turn,0,0
5,2,0.6,500,GreedyColor+turn,0,0
5,2,0.6,100,GreedyColor+turn,1,0
5,2,0.4,1000,GreedyColor+turn,0,1
5,2,0.4,500,GreedyColor+turn,2,3
5,2,0.4,100,GreedyColor+turn,2,1
5,2,0.4,1000,GreedyColor+turn,0,0
5,2,0.4,500,GreedyColor+turn,4,1
5,2,0.4,100,GreedyColor+turn,6,2
5,2,0.2,1000,GreedyColor+turn,0,0
5,2,0.2,500,GreedyColor+turn,1,0
5,2,0.2,100,GreedyColor+turn,1,2
5,2,0.2,1000,GreedyColor+turn,0,0
5,2,0.2,500,GreedyColor+turn,1,0
5,2,0.2,100,GreedyColor+turn,0,2
20,10,0.8,1000,GreedyColor+turn,188,11
20,10,0.8,500,GreedyColor+turn,185,10
20,10,0.8,100,GreedyColor+turn,140,12
20,2,0.8,1000,GreedyColor+turn,183,15
20,2,0.8,500,GreedyColor+turn,175,15
20,2,0.8,100,GreedyColor+turn,181,15
20,10,0.6,1000,GreedyColor+turn,90,10
20,10,0.6,500,GreedyColor+turn,122,11
20,10,0.6,100,GreedyColor+turn,156,11
20,2,0.6,1000,GreedyColor+turn,154,15
20,2,0.6,500,GreedyColor+turn,165,15
20,2,0.6,100,GreedyColor+turn,117,12
20,10,0.4,1000,GreedyColor+turn,84,11
20,10,0.4,500,GreedyColor+turn,73,12
20,10,0.4,100,GreedyColor+turn,56,16
20,2,0.4,1000,GreedyColor+turn,83,14
20,2,0.4,500,GreedyColor+turn,136,16
20,2,0.4,100,GreedyColor+turn,94,13
20,10,0.2,1000,GreedyColor+turn,7,8
20,10,0.2,500,GreedyColor+turn,7,10
20,10,0.2,100,GreedyColor+turn,47,13
20,2,0.2,1000,GreedyColor+turn,27,8
20,2,0.2,500,GreedyColor+turn,17,8
20,2,0.2,100,GreedyColor+turn,51,10
8,4,0.8,1000,GreedyColor+turn,12,2
8,4,0.8,500,GreedyColor+turn,30,2
8,4,0.8,100,GreedyColor+turn,29,4
8,2,0.8,1000,GreedyColor+turn,27,4
8,2,0.8,500,GreedyColor+turn,29,5
8,2,0.8,100,GreedyColor+turn,30,5
8,4,0.6,1000,GreedyColor+turn,9,3
8,4,0.6,500,GreedyColor+turn,16,3
8,4,0.6,100,GreedyColor+turn,11,2
8,2,0.6,1000,GreedyColor+turn,11,3
8,2,0.6,500,GreedyColor+turn,8,5
8,2,0.6,100,GreedyColor+turn,11,3
8,4,0.4,1000,GreedyColor+turn,3,1
8,4,0.4,500,GreedyColor+turn,3,1
8,4,0.4,100,GreedyColor+turn,11,2
8,2,0.4,1000,GreedyColor+turn,8,5
8,2,0.4,500,GreedyColor+turn,15,5
8,2,0.4,100,GreedyColor+turn,15,3
8,4,0.2,1000,GreedyColor+turn,4,2
8,4,0.2,500,GreedyColor+turn,6,2
8,4,0.2,100,GreedyColor+turn,1,2
8,2,0.2,1000,GreedyColor+turn,2,2
8,2,0.2,500,GreedyColor+turn,0,0
8,2,0.2,100,GreedyColor+turn,6,2
5,2,0.8,1000,GreedyColor+turn,13,1
5,2,0.8,500,GreedyColor+turn,4,1
5,2,0.8,100,GreedyColor+turn,0,0
5,2,0.8,1000,GreedyColor+turn,0,0
5,2,0.8,500,GreedyColor+turn,0,0
5,2,0.8,100,GreedyColor+turn,7,2
5,2,0.6,1000,GreedyColor+turn,0,1
5,2,0.6,500,GreedyColor+turn,1,1
5,2,0.6,100,GreedyColor+turn,0,1
5,2,0.6,1000,GreedyColor+turn,4,1
5,2,0.6,500,GreedyColor+turn,0,0
5,2,0.6,100,GreedyColor+turn,2,0
5,2,0.4,1000,GreedyColor+turn,6,2
5,2,0.4,500,GreedyColor+turn,4,2
5,2,0.4,100,GreedyColor+turn,4,2
5,2,0.4,1000,GreedyColor+turn,0,0
5,2,0.4,500,GreedyColor+turn,0,0
5,2,0.4,100,GreedyColor+turn,1,0
5,2,0.2,1000,GreedyColor+turn,0,0
5,2,0.2,500,GreedyColor+turn,0,0
5,2,0.2,100,GreedyColor+turn,2,0
5,2,0.2,1000,GreedyColor+turn,0,0
5,2,0.2,500,GreedyColor+turn,0,2
5,2,0.2,100,GreedyColor+turn,1,2
20,10,0.8,1000,GreedyColor+turn,171,10
20,10,0.8,500,GreedyColor+turn,173,10
20,10,0.8,100,GreedyColor+turn,167,12
20,2,0.8,1000,GreedyColor+turn,165,14
20,2,0.8,500,GreedyColor+turn,197,15
20,2,0.8,100,GreedyColor+turn,94,6
20,10,0.6,1000,GreedyColor+turn,88,11
20,10,0.6,500,GreedyColor+turn,64,7
20,10,0.6,100,GreedyColor+turn,117,10
20,2,0.6,1000,GreedyColor+turn,155,15
20,2,0.6,500,GreedyColor+turn,122,13
20,2,0.6,100,GreedyColor+turn,92,12
20,10,0.4,1000,GreedyColor+turn,88,13
20,10,0.4,500,GreedyColor+turn,78,13
20,10,0.4,100,GreedyColor+turn,106,12
20,2,0.4,1000,GreedyColor+turn,104,14
20,2,0.4,500,GreedyColor+turn,54,8
20,2,0.4,100,GreedyColor+turn,61,10
20,10,0.2,1000,GreedyColor+turn,27,11
20,10,0.2,500,GreedyColor+turn,18,12
20,10,0.2,100,GreedyColor+turn,23,12
20,2,0.2,1000,GreedyColor+turn,30,7
20,2,0.2,500,GreedyColor+turn,5,3
20,2,0.2,100,GreedyColor+turn,28,4
8,4,0.8,1000,GreedyColor+turn,21,4
8,4,0.8,500,GreedyColor+turn,31,4
8,4,0.8,100,GreedyColor+turn,24,3
8,2,0.8,1000,GreedyColor+turn,29,5
8,2,0.8,500,GreedyColor+turn,23,4
8,2,0.8,100,GreedyColor+turn,16,2
8,4,0.6,1000,GreedyColor+turn,15,2
8,4,0.6,500,GreedyColor+turn,13,2
8,4,0.6,100,GreedyColor+turn,17,4
8,2,0.6,1000,GreedyColor+turn,10,4
8,2,0.6,500,GreedyColor+turn,10,4
8,2,0.6,100,GreedyColor+turn,19,4
8,4,0.4,1000,GreedyColor+turn,14,4
8,4,0.4,500,GreedyColor+turn,14,4
8,4,0.4,100,GreedyColor+turn,17,3
8,2,0.4,1000,GreedyColor+turn,6,2
8,2,0.4,500,GreedyColor+turn,5,0
8,2,0.4,100,GreedyColor+turn,7,2
8,4,0.2,1000,GreedyColor+turn,2,2
8,4,0.2,500,GreedyColor+turn,0,3
8,4,0.2,100,GreedyColor+turn,0,3
8,2,0.2,1000,GreedyColor+turn,0,0
8,2,0.2,500,GreedyColor+turn,2,2
8,2,0.2,100,GreedyColor+turn,2,2
5,2,0.8,1000,GreedyColor+turn,6,1
5,2,0.8,500,GreedyColor+turn,8,2
5,2,0.8,100,GreedyColor+turn,6,2
5,2,0.8,1000,GreedyColor+turn,0,0
5,2,0.8,500,GreedyColor+turn,0,0
5,2,0.8,100,GreedyColor+turn,3,2
5,2,0.6,1000,GreedyColor+turn,3,0
5,2,0.6,500,GreedyColor+turn,0,0
5,2,0.6,100,GreedyColor+turn,4,1
5,2,0.6,1000,GreedyColor+turn,4,2
5,2,0.6,500,GreedyColor+turn,9,3
5,2,0.6,100,GreedyColor+turn,4,2
5,2,0.4,1000,GreedyColor+turn,0,0
5,2,0.4,500,GreedyColor+turn,8,2
5,2,0.4,100,GreedyColor+turn,5,0
5,2,0.4,1000,GreedyColor+turn,0,2
5,2,0.4,500,GreedyColor+turn,0,2
5,2,0.4,100,GreedyColor+turn,3,2
5,2,0.2,1000,GreedyColor+turn,0,0
5,2,0.2,500,GreedyColor+turn,1,0
5,2,0.2,100,GreedyColor+turn,1,0
5,2,0.2,1000,GreedyColor+turn,2,0
5,2,0.2,500,GreedyColor+turn,2,0
5,2,0.2,100,GreedyColor+turn,2,0
20,10,0.8,1000,GreedyColor+turn,235,11
20,10,0.8,500,GreedyColor+turn,202,10
20,10,0.8,100,GreedyColor+turn,174,9
20,2,0.8,1000,GreedyColor+turn,145,16
20,2,0.8,500,GreedyColor+turn,192,16
20,2,0.8,100,GreedyColor+turn,180,16
20,10,0.6,1000,GreedyColor+turn,131,10
20,10,0.6,500,GreedyColor+turn,127,11
20,10,0.6,100,GreedyColor+turn,162,11
20,2,0.6,1000,GreedyColor+turn,133,15
20,2,0.6,500,GreedyColor+turn,156,15
20,2,0.6,100,GreedyColor+turn,154,13
20,10,0.4,1000,GreedyColor+turn,101,12
20,10,0.4,500,GreedyColor+turn,72,11
20,10,0.4,100,GreedyColor+turn,70,10
20,2,0.4,1000,GreedyColor+turn,60,12
20,2,0.4,500,GreedyColor+turn,133,15
20,2,0.4,100,GreedyColor+turn,100,13
20,10,0.2,1000,GreedyColor+turn,38,10
20,10,0.2,500,GreedyColor+turn,37,10
20,10,0.2,100,GreedyColor+turn,42,12
20,2,0.2,1000,GreedyColor+turn,1,7
20,2,0.2,500,GreedyColor+turn,2,4
20,2,0.2,100,GreedyColor+turn,13,10
8,4,0.8,1000,GreedyColor+turn,17,4
8,4,0.8,500,GreedyColor+turn,9,3
8,4,0.8,100,GreedyColor+turn,29,3
8,2,0.8,1000,GreedyColor+turn,8,4
8,2,0.8,500,GreedyColor+turn,13,5
8,2,0.8,100,GreedyColor+turn,16,4
8,4,0.6,1000,GreedyColor+turn,3,3
8,4,0.6,500,GreedyColor+turn,2,3
8,4,0.6,100,GreedyColor+turn,9,4
8,2,0.6,1000,GreedyColor+turn,12,3
8,2,0.6,500,GreedyColor+turn,12,3
8,2,0.6,100,GreedyColor+turn,8,1
8,4,0.4,1000,GreedyColor+turn,6,2
8,4,0.4,500,GreedyColor+turn,18,3
8,4,0.4,100,GreedyColor+turn,22,3
8,2,0.4,1000,GreedyColor+turn,0,0
8,2,0.4,500,GreedyColor+turn,4,1
8,2,0.4,100,GreedyColor+turn,10,2
8,4,0.2,1000,GreedyColor+turn,0,2
8,4,0.2,500,GreedyColor+turn,2,2
8,4,0.2,100,GreedyColor+turn,3,2
8,2,0.2,1000,GreedyColor+turn,7,4
8,2,0.2,500,GreedyColor+turn,0,0
8,2,0.2,100,GreedyColor+turn,3,3
5,2,0.8,1000,GreedyColor+turn,6,2
5,2,0.8,500,GreedyColor+turn,0,1
5,2,0.8,100,GreedyColor+turn,5,2
5,2,0.8,1000,GreedyColor+turn,7,2
5,2,0.8,500,GreedyColor+turn,8,2
5,2,0.8,100,GreedyColor+turn,0,0
5,2,0.6,1000,GreedyColor+turn,2,0
5,2,0.6,500,GreedyColor+turn,4,2
5,2,0.6,100,GreedyColor+turn,5,0
5,2,0.6,1000,GreedyColor+turn,0,0
5,2,0.6,500,GreedyColor+turn,0,0
5,2,0.6,100,GreedyColor+turn,7,0
5,2,0.4,1000,GreedyColor+turn,3,2
5,2,0.4,500,GreedyColor+turn,3,2
5,2,0.4,100,GreedyColor+turn,5,2
5,2,0.4,1000,GreedyColor+turn,0,0
5,2,0.4,500,GreedyColor+turn,3,0
5,2,0.4,100,GreedyColor+turn,0,0
5,2,0.2,1000,GreedyColor+turn,0,0
5,2,0.2,500,GreedyColor+turn,0,0
5,2,0.2,100,GreedyColor+turn,1,0
5,2,0.2,1000,GreedyColor+turn,2,2
5,2,0.2,500,GreedyColor+turn,2,2
5,2,0.2,100,GreedyColor+turn,0,0
20,10,0.8,1000,GreedyColor+turn,92,11
20,10,0.8,500,GreedyColor+turn,169,10
20,10,0.8,100,GreedyColor+turn,195,11
20,2,0.8,1000,GreedyColor+turn,97,12
20,2,0.8,500,GreedyColor+turn,196,15
20,2,0.8,100,GreedyColor+turn,170,15
20,10,0.6,1000,GreedyColor+turn,153,10
20,10,0.6,500,GreedyColor+turn,110,10
20,10,0.6,100,GreedyColor+turn,167,10
20,2,0.6,1000,GreedyColor+turn,142,15
20,2,0.6,500,GreedyColor+turn,127,14
20,2,0.6,100,GreedyColor+turn,147,16
20,10,0.4,1000,GreedyColor+turn,108,11
20,10,0.4,500,GreedyColor+turn,101,11
20,10,0.4,100,GreedyColor+turn,78,11
20,2,0.4,1000,GreedyColor+turn,62,11
20,2,0.4,500,GreedyColor+turn,127,14
20,2,0.4,100,GreedyColor+turn,26,5
20,10,0.2,1000,GreedyColor+turn,40,11
20,10,0.2,500,GreedyColor+turn,41,10
20,10,0.2,100,GreedyColor+turn,53,12
20,2,0.2,1000,GreedyColor+turn,8,2
20,2,0.2,500,GreedyColor+turn,23,4
20,2,0.2,100,GreedyColor+turn,19,7
8,4,0.8,1000,GreedyColor+turn,7,0
8,4,0.8,500,GreedyColor+turn,8,3
8,4,0.8,100,GreedyColor+turn,28,4
8,2,0.8,1000,GreedyColor+turn,15,4
8,2,0.8,500,GreedyColor+turn,26,4
8,2,0.8,100,GreedyColor+turn,19,4
8,4,0.6,1000,GreedyColor+turn,0,3
8,4,0.6,500,GreedyColor+turn,7,3
8,4,0.6,100,GreedyColor+turn,1,4
8,2,0.6,1000,GreedyColor+turn,0,1
8,2,0.6,500,GreedyColor+turn,4,3
8,2,0.6,100,GreedyColor+turn,2,0
8,4,0.4,1000,GreedyColor+turn,12,4
8,4,0.4,500,GreedyColor+turn,12,3
8,4,0.4,100,GreedyColor+turn,18,4
8,2,0.4,1000,GreedyColor+turn,10,3
8,2,0.4,500,GreedyColor+turn,5,2
8,2,0.4,100,GreedyColor+turn,1,2
8,4,0.2,1000,GreedyColor+turn,1,1
8,4,0.2,500,GreedyColor+turn,3,2
8,4,0.2,100,GreedyColor+turn,5,2
8,2,0.2,1000,GreedyColor+turn,5,2
8,2,0.2,500,GreedyColor+turn,1,0
8,2,0.2,100,GreedyColor+turn,5,3
5,2,0.8,1000,GreedyColor+turn,9,2
5,2,0.8,500,GreedyColor+turn,0,0
5,2,0.8,100,GreedyColor+turn,7,2
5,2,0.8,1000,GreedyColor+turn,9,2
5,2,0.8,500,GreedyColor+turn,2,2
5,2,0.8,100,GreedyColor+turn,5,1
5,2,0.6,1000,GreedyColor+turn,6,1
5,2,0.6,500,GreedyColor+turn,9,3
5,2,0.6,100,GreedyColor+turn,3,2
5,2,0.6,1000,GreedyColor+turn,0,2
5,2,0.6,500,GreedyColor+turn,0,1
5,2,0.6,100,GreedyColor+turn,2,2
5,2,0.4,1000,GreedyColor+turn,0,0
5,2,0.4,500,GreedyColor+turn,0,0
5,2,0.4,100,GreedyColor+turn,1,0
5,2,0.4,1000,GreedyColor+turn,2,0
5,2,0.4,500,GreedyColor+turn,0,0
5,2,0.4,100,GreedyColor+turn,3,1
5,2,0.2,1000,GreedyColor+turn,0,2
5,2,0.2,500,GreedyColor+turn,0,2
5,2,0.2,100,GreedyColor+turn,3,2
5,2,0.2,1000,GreedyColor+turn,0,0
5,2,0.2,500,GreedyColor+turn,1,0
5,2,0.2,100,GreedyColor+turn,5,2
20,10,0.8,1000,GreedyColor+turn,141,11
20,10,0.8,500,GreedyColor+turn,155,11
20,10,0.8,100,GreedyColor+turn,151,9
20,2,0.8,1000,GreedyColor+turn,187,15
20,2,0.8,500,GreedyColor+turn,194,16
20,2,0.8,100,GreedyColor+turn,121,14
20,10,0.6,1000,GreedyColor+turn,183,10
20,10,0.6,500,GreedyColor+turn,168,8
20,10,0.6,100,GreedyColor+turn,129,11
20,2,0.6,1000,GreedyColor+turn,108,16
20,2,0.6,500,GreedyColor+turn,167,15
20,2,0.6,100,GreedyColor+turn,169,15
20,10,0.4,1000,GreedyColor+turn,76,9
20,10,0.4,500,GreedyColor+turn,59,10
20,10,0.4,100,GreedyColor+turn,113,12
20,2,0.4,1000,GreedyColor+turn,75,14
20,2,0.4,500,GreedyColor+turn,44,11
20,2,0.4,100,GreedyColor+turn,80,14
20,10,0.2,1000,GreedyColor+turn,25,6
20,10,0.2,500,GreedyColor+turn,23,8
20,10,0.2,100,GreedyColor+turn,31,10
20,2,0.2,1000,GreedyColor+turn,4,2
20,2,0.2,500,GreedyColor+turn,5,5
20,2,0.2,100,GreedyColor+turn,21,7
8,4,0.8,1000,GreedyColor+turn,18,4
8,4,0.8,500,GreedyColor+turn,25,4
8,4,0.8,100,GreedyColor+turn,31,3
8,2,0.8,1000,GreedyColor+turn,20,3
8,2,0.8,500,GreedyColor+turn,24,5
8,2,0.8,100,GreedyColor+turn,19,4
8,4,0.6,1000,GreedyColor+turn,9,3
8,4,0.6,500,GreedyColor+turn,7,3
8,4,0.6,100,GreedyColor+turn,20,2
8,2,0.6,1000,GreedyColor+turn,22,4
8,2,0.6,500,GreedyColor+turn,12,5
8,2,0.6,100,GreedyColor+turn,18,5
8,4,0.4,1000,GreedyColor+turn,1,0
8,4,0.4,500,GreedyColor+turn,2,1
8,4,0.4,100,GreedyColor+turn,3,2
8,2,0.4,1000,GreedyColor+turn,6,3
8,2,0.4,500,GreedyColor+turn,7,4
8,2,0.4,100,GreedyColor+turn,7,2
8,4,0.2,1000,GreedyColor+turn,0,0
8,4,0.2,500,GreedyColor+turn,4,2
8,4,0.2,100,GreedyColor+turn,6,2
8,2,0.2,1000,GreedyColor+turn,0,2
8,2,0.2,500,GreedyColor+turn,3,0
8,2,0.2,100,GreedyColor+turn,0,1
5,2,0.8,1000,GreedyColor+turn,11,2
5,2,0.8,500,GreedyColor+turn,10,1
5,2,0.8,100,GreedyColor+turn,11,2
5,2,0.8,1000,GreedyColor+turn,8,2
5,2,0.8,500,GreedyColor+turn,8,2
5,2,0.8,100,GreedyColor+turn,8,2
5,2,0.6,1000,GreedyColor+turn,0,0
5,2,0.6,500,GreedyColor+turn,8,2
5,2,0.6,100,GreedyColor+turn,9,2
5,2,0.6,1000,GreedyColor+turn,0,0
5,2,0.6,500,GreedyColor+turn,0,0
5,2,0.6,100,GreedyColor+turn,2,0
5,2,0.4,1000,GreedyColor+turn,0,0
5,2,0.4,500,GreedyColor+turn,0,0
5,2,0.4,100,GreedyColor+turn,1,2
5,2,0.4,1000,GreedyColor+turn,0,0
5,2,0.4,500,GreedyColor+turn,0,0
5,2,0.4,100,GreedyColor+turn,0,2
5,2,0.2,1000,GreedyColor+turn,0,0
5,2,0.2,500,GreedyColor+turn,0,1
5,2,0.2,100,GreedyColor+turn,0,1
5,2,0.2,1000,GreedyColor+turn,0,0
5,2,0.2,500,GreedyColor+turn,1,2
5,2,0.2,100,GreedyColor+turn,2,2
20,10,0.8,1000,GreedyColor+turn,124,11
20,10,0.8,500,GreedyColor+turn,162,11
20,10,0.8,100,GreedyColor+turn,160,11
20,2,0.8,1000,GreedyColor+turn,166,14
20,2,0.8,500,GreedyColor+turn,170,16
20,2,0.8,100,GreedyColor+turn,167,15
20,10,0.6,1000,GreedyColor+turn,132,11
20,10,0.6,500,GreedyColor+turn,166,10
20,10,0.6,100,GreedyColor+turn,148,10
20,2,0.6,1000,GreedyColor+turn,156,15
20,2,0.6,500,GreedyColor+turn,150,15
20,2,0.6,100,GreedyColor+turn,158,15
20,10,0.4,1000,GreedyColor+turn,152,9
20,10,0.4,500,GreedyColor+turn,129,9
20,10,0.4,100,GreedyColor+turn,138,9
20,2,0.4,1000,GreedyColor+turn,29,8
20,2,0.4,500,GreedyColor+turn,93,15
20,2,0.4,100,GreedyColor+turn,102,15
20,10,0.2,1000,GreedyColor+turn,40,9
20,10,0.2,500,GreedyColor+turn,36,10
20,10,0.2,100,GreedyColor+turn,39,13
20,2,0.2,1000,GreedyColor+turn,44,13
20,2,0.2,500,GreedyColor+turn,35,13
20,2,0.2,100,GreedyColor+turn,43,11
8,4,0.8,1000,GreedyColor+turn,7,0
8,4,0.8,500,GreedyColor+turn,10,3
8,4,0.8,100,GreedyColor+turn,21,3
8,2,0.8,1000,GreedyColor+turn,29,6
8,2,0.8,500,GreedyColor+turn,13,5
8,2,0.8,100,GreedyColor+turn,10,2
8,4,0.6,1000,GreedyColor+turn,2,2
8,4,0.6,500,GreedyColor+turn,12,2
8,4,0.6,100,GreedyColor+turn,11,4
8,2,0.6,1000,GreedyColor+turn,2,3
8,2,0.6,500,GreedyColor+turn,4,3
8,2,0.6,100,GreedyColor+turn,6,4
8,4,0.4,1000,GreedyColor+turn,15,3
8,4,0.4,500,GreedyColor+turn,17,4
8,4,0.4,100,GreedyColor+turn,10,4
8,2,0.4,1000,GreedyColor+turn,0,0
8,2,0.4,500,GreedyColor+turn,0,1
8,2,0.4,100,GreedyColor+turn,0,0
8,4,0.2,1000,GreedyColor+turn,2,4
8,4,0.2,500,GreedyColor+turn,3,5
8,4,0.2,100,GreedyColor+turn,1,5
8,2,0.2,1000,GreedyColor+turn,0,3
8,2,0.2,500,GreedyColor+turn,0,3
8,2,0.2,100,GreedyColor+turn,1,3
5,2,0.8,1000,GreedyColor+turn,1,0
5,2,0.8,500,GreedyColor+turn,0,0
5,2,0.8,100,GreedyColor+turn,6,2
5,2,0.8,1000,GreedyColor+turn,0,0
5,2,0.8,500,GreedyColor+turn,4,1
5,2,0.8,100,GreedyColor+turn,4,1
5,2,0.6,1000,GreedyColor+turn,0,0
5,2,0.6,500,GreedyColor+turn,0,0
5,2,0.6,100,GreedyColor+turn,0,0
5,2,0.6,1000,GreedyColor+turn,0,0
5,2,0.6,500,GreedyColor+turn,6,0
5,2,0.6,100,GreedyColor+turn,0,0
5,2,0.4,1000,GreedyColor+turn,8,2
5,2,0.4,500,GreedyColor+turn,7,2
5,2,0.4,100,GreedyColor+turn,0,0
5,2,0.4,1000,GreedyColor+turn,9,1
5,2,0.4,500,GreedyColor+turn,3,0
5,2,0.4,100,GreedyColor+turn,1,0
5,2,0.2,1000,GreedyColor+turn,0,0
5,2,0.2,500,GreedyColor+turn,0,0
5,2,0.2,100,GreedyColor+turn,1,0
5,2,0.2,1000,GreedyColor+turn,0,0
5,2,0.2,500,GreedyColor+turn,0,0
5,2,0.2,100,GreedyColor+turn,0,2
20,10,0.8,1000,GreedyColor+turn,157,10
20,10,0.8,500,GreedyColor+turn,117,10
20,10,0.8,100,GreedyColor+turn,186,9
20,2,0.8,1000,GreedyColor+turn,182,16
20,2,0.8,500,GreedyColor+turn,90,13
20,2,0.8,100,GreedyColor+turn,130,13
20,10,0.6,1000,GreedyColor+turn,152,11
20,10,0.6,500,GreedyColor+turn,148,10
20,10,0.6,100,GreedyColor+turn,119,11
20,2,0.6,1000,GreedyColor+turn,114,14
20,2,0.6,500,GreedyColor+turn,144,14
20,2,0.6,100,GreedyColor+turn,109,14
20,10,0.4,1000,GreedyColor+turn,102,10
20,10,0.4,500,GreedyColor+turn,104,11
20,10,0.4,100,GreedyColor+turn,61,12
20,2,0.4,1000,GreedyColor+turn,31,9
20,2,0.4,500,GreedyColor+turn,49,8
20,2,0.4,100,GreedyColor+turn,51,10
20,10,0.2,1000,GreedyColor+turn,13,9
20,10,0.2,500,GreedyColor+turn,14,11
20,10,0.2,100,GreedyColor+turn,14,13
20,2,0.2,1000,GreedyColor+turn,16,7
20,2,0.2,500,GreedyColor+turn,8,2
20,2,0.2,100,GreedyColor+turn,36,9
8,4,0.8,1000,GreedyColor+turn,10,3
8,4,0.8,500,GreedyColor+turn,9,3
8,4,0.8,100,GreedyColor+turn,16,4
8,2,0.8,1000,GreedyColor+turn,11,4
8,2,0.8,500,GreedyColor+turn,28,3
8,2,0.8,100,GreedyColor+turn,8,3
8,4,0.6,1000,GreedyColor+turn,10,3
8,4,0.6,500,GreedyColor+turn,8,4
8,4,0.6,100,GreedyColor+turn,10,3
8,2,0.6,1000,GreedyColor+turn,9,2
8,2,0.6,500,GreedyColor+turn,10,3
8,2,0.6,100,GreedyColor+turn,11,0
8,4,0.4,1000,GreedyColor+turn,4,3
8,4,0.4,500,GreedyColor+turn,0,2
8,4,0.4,100,GreedyColor+turn,6,5
8,2,0.4,1000,GreedyColor+turn,0,0
8,2,0.4,500,GreedyColor+turn,2,2
8,2,0.4,100,GreedyColor+turn,0,0
8,4,0.2,1000,GreedyColor+turn,2,2
8,4,0.2,500,GreedyColor+turn,0,2
8,4,0.2,100,GreedyColor+turn,2,4
8,2,0.2,1000,GreedyColor+turn,0,2
8,2,0.2,500,GreedyColor+turn,10,2
8,2,0.2,100,GreedyColor+turn,11,2
5,2,0.8,1000,GreedyColor+turn,0,0
5,2,0.8,500,GreedyColor+turn,0,0
5,2,0.8,100,GreedyColor+turn,5,2
5,2,0.8,1000,GreedyColor+turn,2,0
5,2,0.8,500,GreedyColor+turn,9,2
5,2,0.8,100,GreedyColor+turn,2,2
5,2,0.6,1000,GreedyColor+turn,5,2
5,2,0.6,500,GreedyColor+turn,5,2
5,2,0.6,100,GreedyColor+turn,3,1
5,2,0.6,1000,GreedyColor+turn,0,0
5,2,0.6,500,GreedyColor+turn,1,0
5,2,0.6,100,GreedyColor+turn,7,1
5,2,0.4,1000,GreedyColor+turn,2,2
5,2,0.4,500,GreedyColor+turn,3,2
5,2,0.4,100,GreedyColor+turn,4,1
5,2,0.4,1000,GreedyColor+turn,0,2
5,2,0.4,500,GreedyColor+turn,0,2
5,2,0.4,100,GreedyColor+turn,1,2
5,2,0.2,1000,GreedyColor+turn,0,0
5,2,0.2,500,GreedyColor+turn,0,0
5,2,0.2,100,GreedyColor+turn,0,2
5,2,0.2,1000,GreedyColor+turn,0,0
5,2,0.2,500,GreedyColor+turn,0,0
5,2,0.2,100,GreedyColor+turn,3,2
20,10,0.8,1000,GreedyColor+turn,179,10
20,10,0.8,500,GreedyColor+turn,133,10
20,10,0.8,100,GreedyColor+turn,169,11
20,2,0.8,1000,GreedyColor+turn,179,15
20,2,0.8,500,GreedyColor+turn,211,16
20,2,0.8,100,GreedyColor+turn,166,14
20,10,0.6,1000,GreedyColor+turn,183,8
20,10,0.6,500,GreedyColor+turn,118,11
20,10,0.6,100,GreedyColor+turn,124,13
20,2,0.6,1000,GreedyColor+turn,84,12
20,2,0.6,500,GreedyColor+turn,109,14
20,2,0.6,100,GreedyColor+turn,147,15
20,10,0.4,1000,GreedyColor+turn,103,12
20,10,0.4,500,GreedyColor+turn,68,11
20,10,0.4,100,GreedyColor+turn,46,10
20,2,0.4,1000,GreedyColor+turn,75,9
20,2,0.4,500,GreedyColor+turn,91,13
20,2,0.4,100,GreedyColor+turn,70,7
20,10,0.2,1000,GreedyColor+turn,42,9
20,10,0.2,500,GreedyColor+turn,36,12
20,10,0.2,100,GreedyColor+turn,32,12
20,2,0.2,1000,GreedyColor+turn,13,5
20,2,0.2,500,GreedyColor+turn,25,4
20,2,0.2,100,GreedyColor+turn,23,7
8,4,0.8,1000,GreedyColor+turn,19,4
8,4,0.8,500,GreedyColor+turn,5,4
8,4,0.8,100,GreedyColor+turn,23,3
8,2,0.8,1000,GreedyColor+turn,16,4
8,2,0.8,500,GreedyColor+turn,15,4
8,2,0.8,100,GreedyColor+turn,22,5
8,4,0.6,1000,GreedyColor+turn,8,3
8,4,0.6,500,GreedyColor+turn,10,3
8,4,0.6,100,GreedyColor+turn,14,3
8,2,0.6,1000,GreedyColor+turn,14,4
8,2,0.6,500,GreedyColor+turn,15,2
8,2,0.6,100,GreedyColor+turn,1,2
8,4,0.4,1000,GreedyColor+turn,0,3
8,4,0.4,500,GreedyColor+turn,1,3
8,4,0.4,100,GreedyColor+turn,3,3
8,2,0.4,1000,GreedyColor+turn,3,1
8,2,0.4,500,GreedyColor+turn,0,0
8,2,0.4,100,GreedyColor+turn,7,0
8,4,0.2,1000,GreedyColor+turn,0,2
8,4,0.2,500,GreedyColor+turn,3,3
8,4,0.2,100,GreedyColor+turn,3,2
8,2,0.2,1000,GreedyColor+turn,0,0
8,2,0.2,500,GreedyColor+turn,0,0
8,2,0.2,100,GreedyColor+turn,1,3
5,2,0.8,1000,GreedyColor+turn,3,1
5,2,0.8,500,GreedyColor+turn,0,0
5,2,0.8,100,GreedyColor+turn,6,1
5,2,0.8,1000,GreedyColor+turn,6,2
5,2,0.8,500,GreedyColor+turn,3,2
5,2,0.8,100,GreedyColor+turn,4,2
5,2,0.6,1000,GreedyColor+turn,0,0
5,2,0.6,500,GreedyColor+turn,4,1
5,2,0.6,100,GreedyColor+turn,5,1
5,2,0.6,1000,GreedyColor+turn,0,0
5,2,0.6,500,GreedyColor+turn,2,1
5,2,0.6,100,GreedyColor+turn,6,3
5,2,0.4,1000,GreedyColor+turn,0,0
5,2,0.4,500,GreedyColor+turn,0,0
5,2,0.4,100,GreedyColor+turn,1,0
5,2,0.4,1000,GreedyColor+turn,1,2
5,2,0.4,500,GreedyColor+turn,5,1
5,2,0.4,100,GreedyColor+turn,5,2
5,2,0.2,1000,GreedyColor+turn,0,0
5,2,0.2,500,GreedyColor+turn,1,0
5,2,0.2,100,GreedyColor+turn,0,0
5,2,0.2,1000,GreedyColor+turn,0,0
5,2,0.2,500,GreedyColor+turn,0,0
5,2,0.2,100,GreedyColor+turn,1,1
20,10,0.8,1000,GreedyColor+turn,237,11
20,10,0.8,500,GreedyColor+turn,197,13
20,10,0.8,100,GreedyColor+turn,169,12
20,2,0.8,1000,GreedyColor+turn,195,16
20,2,0.8,500,GreedyColor+turn,216,15
20,2,0.8,100,GreedyColor+turn,185,14
20,10,0.6,1000,GreedyColor+turn,78,11
20,10,0.6,500,GreedyColor+turn,82,11
20,10,0.6,100,GreedyColor+turn,106,10
20,2,0.6,1000,GreedyColor+turn,104,13
20,2,0.6,500,GreedyColor+turn,97,14
20,2,0.6,100,GreedyColor+turn,157,16
20,10,0.4,1000,GreedyColor+turn,65,10
20,10,0.4,500,GreedyColor+turn,59,11
20,10,0.4,100,GreedyColor+turn,87,11
20,2,0.4,1000,GreedyColor+turn,96,14
20,2,0.4,500,GreedyColor+turn,81,14
20,2,0.4,100,GreedyColor+turn,85,13
20,10,0.2,1000,GreedyColor+turn,15,6
20,10,0.2,500,GreedyColor+turn,27,9
20,10,0.2,100,GreedyColor+turn,40,11
20,2,0.2,1000,GreedyColor+turn,11,4
20,2,0.2,500,GreedyColor+turn,4,2
20,2,0.2,100,GreedyColor+turn,9,7
8,4,0.8,1000,GreedyColor+turn,19,4
8,4,0.8,500,GreedyColor+turn,9,2
8,4,0.8,100,GreedyColor+turn,18,4
8,2,0.8,1000,GreedyColor+turn,16,4
8,2,0.8,500,GreedyColor+turn,19,4
8,2,0.8,100,GreedyColor+turn,20,4
8,4,0.6,1000,GreedyColor+turn,6,3
8,4,0.6,500,GreedyColor+turn,6,4
8,4,0.6,100,GreedyColor+turn,5,2
8,2,0.6,1000,GreedyColor+turn,19,4
8,2,0.6,500,GreedyColor+turn,13,5
8,2,0.6,100,GreedyColor+turn,11,2
8,4,0.4,1000,GreedyColor+turn,18,4
8,4,0.4,500,GreedyColor+turn,16,4
8,4,0.4,100,GreedyColor+turn,9,2
8,2,0.4,1000,GreedyColor+turn,11,3
8,2,0.4,500,GreedyColor+turn,3,2
8,2,0.4,100,GreedyColor+turn,7,4
8,4,0.2,1000,GreedyColor+turn,2,2
8,4,0.2,500,GreedyColor+turn,3,1
8,4,0.2,100,GreedyColor+turn,8,2
8,2,0.2,1000,GreedyColor+turn,1,0
8,2,0.2,500,GreedyColor+turn,2,0
8,2,0.2,100,GreedyColor+turn,5,0
5,2,0.8,1000,GreedyColor+turn,9,2
5,2,0.8,500,GreedyColor+turn,13,2
5,2,0.8,100,GreedyColor+turn,12,2
5,2,0.8,1000,GreedyColor+turn,5,1
5,2,0.8,500,GreedyColor+turn,7,2
5,2,0.8,100,GreedyColor+turn,4,2
5,2,0.6,1000,GreedyColor+turn,4,1
5,2,0.6,500,GreedyColor+turn,0,0
5,2,0.6,100,GreedyColor+turn,0,1
5,2,0.6,1000,GreedyColor+turn,4,0
5,2,0.6,500,GreedyColor+turn,5,0
5,2,0.6,100,GreedyColor+turn,3,0
5,2,0.4,1000,GreedyColor+turn,0,0
5,2,0.4,500,GreedyColor+turn,2,1
5,2,0.4,100,GreedyColor+turn,3,1
5,2,0.4,1000,GreedyColor+turn,6,1
5,2,0.4,500,GreedyColor+turn,5,1
5,2,0.4,100,GreedyColor+turn,6,0
5,2,0.2,1000,GreedyColor+turn,0,0
5,2,0.2,500,GreedyColor+turn,0,0
5,2,0.2,100,GreedyColor+turn,2,0
5,2,0.2,1000,GreedyColor+turn,2,2
5,2,0.2,500,GreedyColor+turn,1,0
5,2,0.2,100,GreedyColor+turn,0,0
20,10,0.8,1000,GreedyColor+turn,103,9
20,10,0.8,500,GreedyColor+turn,188,11
20,10,0.8,100,GreedyColor+turn,177,11
20,2,0.8,1000,GreedyColor+turn,163,16
20,2,0.8,500,GreedyColor+turn,152,15
20,2,0.8,100,GreedyColor+turn,157,13
20,10,0.6,1000,GreedyColor+turn,141,9
20,10,0.6,500,GreedyColor+turn,111,11
20,10,0.6,100,GreedyColor+turn,88,11
20,2,0.6,1000,GreedyColor+turn,118,15
20,2,0.6,500,GreedyColor+turn,145,16
20,2,0.6,100,GreedyColor+turn,102,14
20,10,0.4,1000,GreedyColor+turn,66,10
20,10,0.4,500,GreedyColor+turn,57,12
20,10,0.4,100,GreedyColor+turn,79,12
20,2,0.4,1000,GreedyColor+turn,93,14
20,2,0.4,500,GreedyColor+turn,70,13
20,2,0.4,100,GreedyColor+turn,62,13
20,10,0.2,1000,GreedyColor+turn,0,13
20,10,0.2,500,GreedyColor+turn,2,13
20,10,0.2,100,GreedyColor+turn,13,14
20,2,0.2,1000,GreedyColor+turn,14,8
20,2,0.2,500,GreedyColor+turn,13,9
20,2,0.2,100,GreedyColor+turn,14,9
8,4,0.8,1000,GreedyColor+turn,21,4
8,4,0.8,500,GreedyColor+turn,13,4
8,4,0.8,100,GreedyColor+turn,22,4
8,2,0.8,1000,GreedyColor+turn,7,2
8,2,0.8,500,GreedyColor+turn,0,1
8,2,0.8,100,GreedyColor+turn,4,0
8,4,0.6,1000,GreedyColor+turn,4,1
8,4,0.6,500,GreedyColor+turn,0,1
8,4,0.6,100,GreedyColor+turn,9,1
8,2,0.6,1000,GreedyColor+turn,11,4
8,2,0.6,500,GreedyColor+turn,7,4
8,2,0.6,100,GreedyColor+turn,11,4
8,4,0.4,1000,GreedyColor+turn,12,2
8,4,0.4,500,GreedyColor+turn,8,3
8,4,0.4,100,GreedyColor+turn,16,3
8,2,0.4,1000,GreedyColor+turn,0,3
8,2,0.4,500,GreedyColor+turn,1,2
8,2,0.4,100,GreedyColor+turn,10,3
8,4,0.2,1000,GreedyColor+turn,6,2
8,4,0.2,500,GreedyColor+turn,3,3
8,4,0.2,100,GreedyColor+turn,8,3
8,2,0.2,1000,GreedyColor+turn,0,0
8,2,0.2,500,GreedyColor+turn,2,1
8,2,0.2,100,GreedyColor+turn,2,3
5,2,0.8,1000,GreedyColor+turn,14,3
5,2,0.8,500,GreedyColor+turn,10,3
5,2,0.8,100,GreedyColor+turn,9,2
5,2,0.8,1000,GreedyColor+turn,0,0
5,2,0.8,500,GreedyColor+turn,2,1
5,2,0.8,100,GreedyColor+turn,3,2
5,2,0.6,1000,GreedyColor+turn,0,0
5,2,0.6,500,GreedyColor+turn,0,0
5,2,0.6,100,GreedyColor+turn,0,1
5,2,0.6,1000,GreedyColor+turn,0,2
5,2,0.6,500,GreedyColor+turn,1,2
5,2,0.6,100,GreedyColor+turn,2,2
5,2,0.4,1000,GreedyColor+turn,0,0
5,2,0.4,500,GreedyColor+turn,0,0
5,2,0.4,100,GreedyColor+turn,0,0
5,2,0.4,1000,GreedyColor+turn,0,0
5,2,0.4,500,GreedyColor+turn,3,0
5,2,0.4,100,GreedyColor+turn,0,1
5,2,0.2,1000,GreedyColor+turn,0,0
5,2,0.2,500,GreedyColor+turn,0,0
5,2,0.2,100,GreedyColor+turn,0,1
5,2,0.2,1000,GreedyColor+turn,1,0
5,2,0.2,500,GreedyColor+turn,1,0
5,2,0.2,100,GreedyColor+turn,0,1
20,10,0.8,1000,GreedyColor+turn,83,10
20,10,0.8,500,GreedyColor+turn,141,10
20,10,0.8,100,GreedyColor+turn,149,9
20,2,0.8,1000,GreedyColor+turn,161,15
20,2,0.8,500,GreedyColor+turn,180,15
20,2,0.8,100,GreedyColor+turn,168,15
20,10,0.6,1000,GreedyColor+turn,119,11
20,10,0.6,500,GreedyColor+turn,124,11
20,10,0.6,100,GreedyColor+turn,137,10
20,2,0.6,1000,GreedyColor+turn,93,15
20,2,0.6,500,GreedyColor+turn,85,15
20,2,0.6,100,GreedyColor+turn,131,14
20,10,0.4,1000,GreedyColor+turn,47,9
20,10,0.4,500,GreedyColor+turn,86,10
20,10,0.4,100,GreedyColor+turn,94,10
20,2,0.4,1000,GreedyColor+turn,49,8
20,2,0.4,500,GreedyColor+turn,42,10
20,2,0.4,100,GreedyColor+turn,23,8
20,10,0.2,1000,GreedyColor+turn,12,10
20,10,0.2,500,GreedyColor+turn,6,9
20,10,0.2,100,GreedyColor+turn,32,8
20,2,0.2,1000,GreedyColor+turn,54,12
20,2,0.2,500,GreedyColor+turn,33,8
20,2,0.2,100,GreedyColor+turn,49,13
8,4,0.8,1000,GreedyColor+turn,8,4
8,4,0.8,500,GreedyColor+turn,11,4
8,4,0.8,100,GreedyColor+turn,26,3
8,2,0.8,1000,GreedyColor+turn,12,5
8,2,0.8,500,GreedyColor+turn,18,4
8,2,0.8,100,GreedyColor+turn,18,3
8,4,0.6,1000,GreedyColor+turn,25,1
8,4,0.6,500,GreedyColor+turn,7,1
8,4,0.6,100,GreedyColor+turn,6,3
8,2,0.6,1000,GreedyColor+turn,15,2
8,2,0.6,500,GreedyColor+turn,0,2
8,2,0.6,100,GreedyColor+turn,5,3
8,4,0.4,1000,GreedyColor+turn,1,0
8,4,0.4,500,GreedyColor+turn,1,0
8,4,0.4,100,GreedyColor+turn,8,1
8,2,0.4,1000,GreedyColor+turn,0,0
8,2,0.4,500,GreedyColor+turn,0,0
8,2,0.4,100,GreedyColor+turn,2,4
8,4,0.2,1000,GreedyColor+turn,0,1
8,4,0.2,500,GreedyColor+turn,0,1
8,4,0.2,100,GreedyColor+turn,3,1
8,2,0.2,1000,GreedyColor+turn,0,0
8,2,0.2,500,GreedyColor+turn,0,0
8,2,0.2,100,GreedyColor+turn,3,2
5,2,0.8,1000,GreedyColor+turn,0,0
5,2,0.8,500,GreedyColor+turn,0,0
5,2,0.8,100,GreedyColor+turn,4,0
5,2,0.8,1000,GreedyColor+turn,0,0
5,2,0.8,500,GreedyColor+turn,0,1
5,2,0.8,100,GreedyColor+turn,1,0
5,2,0.6,1000,GreedyColor+turn,0,2
5,2,0.6,500,GreedyColor+turn,0,2
5,2,0.6,100,GreedyColor+turn,1,2
5,2,0.6,1000,GreedyColor+turn,0,0
5,2,0.6,500,GreedyColor+turn,0,0
5,2,0.6,100,GreedyColor+turn,1,0
5,2,0.4,1000,GreedyColor+turn,2,2
5,2,0.4,500,GreedyColor+turn,0,0
5,2,0.4,100,GreedyColor+turn,2,1
5,2,0.4,1000,GreedyColor+turn,0,0
5,2,0.4,500,GreedyColor+turn,0,0
5,2,0.4,100,GreedyColor+turn,0,0
5,2,0.2,1000,GreedyColor+turn,0,0
5,2,0.2,500,GreedyColor+turn,0,0
5,2,0.2,100,GreedyColor+turn,1,1
5,2,0.2,1000,GreedyColor+turn,0,0
5,2,0.2,500,GreedyColor+turn,0,0
5,2,0.2,100,GreedyColor+turn,0,0
20,10,0.8,1000,GreedyColor+turn,157,11
20,10,0.8,500,GreedyColor+turn,162,12
20,10,0.8,100,GreedyColor+turn,184,11
20,2,0.8,1000,GreedyColor+turn,133,15
20,2,0.8,500,GreedyColor+turn,197,16
20,2,0.8,100,GreedyColor+turn,157,15
20,10,0.6,1000,GreedyColor+turn,180,10
20,10,0.6,500,GreedyColor+turn,89,12
20,10,0.6,100,GreedyColor+turn,136,9
20,2,0.6,1000,GreedyColor+turn,59,12
20,2,0.6,500,GreedyColor+turn,62,9
20,2,0.6,100,GreedyColor+turn,142,14
20,10,0.4,1000,GreedyColor+turn,115,12
20,10,0.4,500,GreedyColor+turn,79,10
20,10,0.4,100,GreedyColor+turn,64,12
20,2,0.4,1000,GreedyColor+turn,34,9
20,2,0.4,500,GreedyColor+turn,37,11
20,2,0.4,100,GreedyColor+turn,66,9
20,10,0.2,1000,GreedyColor+turn,21,10
20,10,0.2,500,GreedyColor+turn,23,10
20,10,0.2,100,GreedyColor+turn,31,13
20,2,0.2,1000,GreedyColor+turn,22,10
20,2,0.2,500,GreedyColor+turn,24,8
20,2,0.2,100,GreedyColor+turn,30,13
8,4,0.8,1000,GreedyColor+turn,32,4
8,4,0.8,500,GreedyColor+turn,32,3
8,4,0.8,100,GreedyColor+turn,29,4
8,2,0.8,1000,GreedyColor+turn,11,4
8,2,0.8,500,GreedyColor+turn,29,4
8,2,0.8,100,GreedyColor+turn,25,3
8,4,0.6,1000,GreedyColor+turn,24,3
8,4,0.6,500,GreedyColor+turn,21,4
8,4,0.6,100,GreedyColor+turn,6,1
8,2,0.6,1000,GreedyColor+turn,11,3
8,2,0.6,500,GreedyColor+turn,0,0
8,2,0.6,100,GreedyColor+turn,8,0
8,4,0.4,1000,GreedyColor+turn,10,4
8,4,0.4,500,GreedyColor+turn,17,4
8,4,0.4,100,GreedyColor+turn,11,3
8,2,0.4,1000,GreedyColor+turn,1,2
8,2,0.4,500,GreedyColor+turn,0,2
8,2,0.4,100,GreedyColor+turn,8,4
8,4,0.2,1000,GreedyColor+turn,6,4
8,4,0.2,500,GreedyColor+turn,0,2
8,4,0.2,100,GreedyColor+turn,1,2
8,2,0.2,1000,GreedyColor+turn,0,0
8,2,0.2,500,GreedyColor+turn,0,0
8,2,0.2,100,GreedyColor+turn,2,0
5,2,0.8,1000,GreedyColor+turn,6,1
5,2,0.8,500,GreedyColor+turn,9,2
5,2,0.8,100,GreedyColor+turn,3,2
5,2,0.8,1000,GreedyColor+turn,6,2
5,2,0.8,500,GreedyColor+turn,6,2
5,2,0.8,100,GreedyColor+turn,4,1
5,2,0.6,1000,GreedyColor+turn,0,0
5,2,0.6,500,GreedyColor+turn,0,0
5,2,0.6,100,GreedyColor+turn,0,1
5,2,0.6,1000,GreedyColor+turn,0,0
5,2,0.6,500,GreedyColor+turn,0,0
5,2,0.6,100,GreedyColor+turn,2,0
5,2,0.4,1000,GreedyColor+turn,0,0
5,2,0.4,500,GreedyColor+turn,0,2
5,2,0.4,100,GreedyColor+turn,1,2
5,2,0.4,1000,GreedyColor+turn,4,1
5,2,0.4,500,GreedyColor+turn,4,1
5,2,0.4,100,GreedyColor+turn,6,2
5,2,0.2,1000,GreedyColor+turn,0,1
5,2,0.2,500,GreedyColor+turn,2,2
5,2,0.2,100,GreedyColor+turn,2,2
5,2,0.2,1000,GreedyColor+turn,0,0
5,2,0.2,500,GreedyColor+turn,0,0
5,2,0.2,100,GreedyColor+turn,0,0
20,10,0.8,1000,GreedyColor+turn,131,12
20,10,0.8,500,GreedyColor+turn,190,13
20,10,0.8,100,GreedyColor+turn,156,11
20,2,0.8,1000,GreedyColor+turn,201,14
20,2,0.8,500,GreedyColor+turn,136,14
20,2,0.8,100,GreedyColor+turn,147,15
20,10,0.6,1000,GreedyColor+turn,139,11
20,10,0.6,500,GreedyColor+turn,50,9
20,10,0.6,100,GreedyColor+turn,131,12
20,2,0.6,1000,GreedyColor+turn,143,15
20,2,0.6,500,GreedyColor+turn,161,15
20,2,0.6,100,GreedyColor+turn,148,15
20,10,0.4,1000,GreedyColor+turn,66,11
20,10,0.4,500,GreedyColor+turn,49,10
20,10,0.4,100,GreedyColor+turn,65,12
20,2,0.4,1000,GreedyColor+turn,103,15
20,2,0.4,500,GreedyColor+turn,103,13
20,2,0.4,100,GreedyColor+turn,104,15
20,10,0.2,1000,GreedyColor+turn,18,9
20,10,0.2,500,GreedyColor+turn,15,10
20,10,0.2,100,GreedyColor+turn,21,12
20,2,0.2,1000,GreedyColor+turn,16,11
20,2,0.2,500,GreedyColor+turn,18,7
20,2,0.2,100,GreedyColor+turn,39,12
8,4,0.8,1000,GreedyColor+turn,6,1
8,4,0.8,500,GreedyColor+turn,22,2
8,4,0.8,100,GreedyColor+turn,14,3
8,2,0.8,1000,GreedyColor+turn,19,5
8,2,0.8,500,GreedyColor+turn,13,4
8,2,0.8,100,GreedyColor+turn,23,4
8,4,0.6,1000,GreedyColor+turn,21,3
8,4,0.6,500,GreedyColor+turn,24,2
8,4,0.6,100,GreedyColor+turn,23,4
8,2,0.6,1000,GreedyColor+turn,10,4
8,2,0.6,500,GreedyColor+turn,9,3
8,2,0.6,100,GreedyColor+turn,17,3
8,4,0.4,1000,GreedyColor+turn,0,3
8,4,0.4,500,GreedyColor+turn,0,2
8,4,0.4,100,GreedyColor+turn,1,4
8,2,0.4,1000,GreedyColor+turn,8,3
8,2,0.4,500,GreedyColor+turn,4,1
8,2,0.4,100,GreedyColor+turn,8,2
8,4,0.2,1000,GreedyColor+turn,0,0
8,4,0.2,500,GreedyColor+turn,1,0
8,4,0.2,100,GreedyColor+turn,1,4
8,2,0.2,1000,GreedyColor+turn,5,2
8,2,0.2,500,GreedyColor+turn,4,2
8,2,0.2,100,GreedyColor+turn,16,4
5,2,0.8,1000,GreedyColor+turn,0,2
5,2,0.8,500,GreedyColor+turn,0,2
5,2,0.8,100,GreedyColor+turn,12,2
5,2,0.8,1000,GreedyColor+turn,12,1
5,2,0.8,500,GreedyColor+turn,0,1
5,2,0.8,100,GreedyColor+turn,1,0
5,2,0.6,1000,GreedyColor+turn,6,1
5,2,0.6,500,GreedyColor+turn,3,0
5,2,0.6,100,GreedyColor+turn,10,1
5,2,0.6,1000,GreedyColor+turn,0,1
5,2,0.6,500,GreedyColor+turn,1,1
5,2,0.6,100,GreedyColor+turn,3,1
5,2,0.4,1000,GreedyColor+turn,10,3
5,2,0.4,500,GreedyColor+turn,7,1
5,2,0.4,100,GreedyColor+turn,8,2
5,2,0.4,1000,GreedyColor+turn,0,0
5,2,0.4,500,GreedyColor+turn,0,0
5,2,0.4,100,GreedyColor+turn,1,0
5,2,0.2,1000,GreedyColor+turn,0,0
5,2,0.2,500,GreedyColor+turn,0,0
5,2,0.2,100,GreedyColor+turn,0,2
5,2,0.2,1000,GreedyColor+turn,0,0
5,2,0.2,500,GreedyColor+turn,1,0
5,2,0.2,100,GreedyColor+turn,1,0
20,10,0.8,1000,GreedyColor+turn,199,11
20,10,0.8,500,GreedyColor+turn,161,12
20,10,0.8,100,GreedyColor+turn,139,12
20,2,0.8,1000,GreedyColor+turn,181,14
20,2,0.8,500,GreedyColor+turn,174,17
20,2,0.8,100,GreedyColor+turn,154,15
20,10,0.6,1000,GreedyColor+turn,85,9
20,10,0.6,500,GreedyColor+turn,103,11
20,10,0.6,100,GreedyColor+turn,84,11
20,2,0.6,1000,GreedyColor+turn,164,16
20,2,0.6,500,GreedyColor+turn,116,13
20,2,0.6,100,GreedyColor+turn,140,13
20,10,0.4,1000,GreedyColor+turn,106,10
20,10,0.4,500,GreedyColor+turn,78,10
20,10,0.4,100,GreedyColor+turn,85,11
20,2,0.4,1000,GreedyColor+turn,60,10
20,2,0.4,500,GreedyColor+turn,63,12
20,2,0.4,100,GreedyColor+turn,55,9
20,10,0.2,1000,GreedyColor+turn,7,11
20,10,0.2,500,GreedyColor+turn,9,11
20,10,0.2,100,GreedyColor+turn,16,13
20,2,0.2,1000,GreedyColor+turn,27,5
20,2,0.2,500,GreedyColor+turn,25,4
20,2,0.2,100,GreedyColor+turn,44,8
8,4,0.8,1000,GreedyColor+turn,18,3
8,4,0.8,500,GreedyColor+turn,12,3
8,4,0.8,100,GreedyColor+turn,9,4
8,2,0.8,1000,GreedyColor+turn,7,2
8,2,0.8,500,GreedyColor+turn,16,5
8,2,0.8,100,GreedyColor+turn,11,2
8,4,0.6,1000,GreedyColor+turn,2,4
8,4,0.6,500,GreedyColor+turn,7,4
8,4,0.6,100,GreedyColor+turn,22,4
8,2,0.6,1000,GreedyColor+turn,0,0
8,2,0.6,500,GreedyColor+turn,0,0
8,2,0.6,100,GreedyColor+turn,2,1
8,4,0.4,1000,GreedyColor+turn,0,1
8,4,0.4,500,GreedyColor+turn,0,0
8,4,0.4,100,GreedyColor+turn,1,1
8,2,0.4,1000,GreedyColor+turn,3,4
8,2,0.4,500,GreedyColor+turn,4,3
8,2,0.4,100,GreedyColor+turn,7,3
8,4,0.2,1000,GreedyColor+turn,1,2
8,4,0.2,500,GreedyColor+turn,2,1
8,4,0.2,100,GreedyColor+turn,2,4
8,2,0.2,1000,GreedyColor+turn,0,0
8,2,0.2,500,GreedyColor+turn,0,0
8,2,0.2,100,GreedyColor+turn,1,0
5,2,0.8,1000,GreedyColor+turn,2,0
5,2,0.8,500,GreedyColor+turn,2,0
5,2,0.8,100,GreedyColor+turn,1,0
5,2,0.8,1000,GreedyColor+turn,0,0
5,2,0.8,500,GreedyColor+turn,10,2
5,2,0.8,100,GreedyColor+turn,7,2
5,2,0.6,1000,GreedyColor+turn,2,0
5,2,0.6,500,GreedyColor+turn,1,0
5,2,0.6,100,GreedyColor+turn,8,2
5,2,0.6,1000,GreedyColor+turn,2,1
5,2,0.6,500,GreedyColor+turn,0,2
5,2,0.6,100,GreedyColor+turn,2,2
5,2,0.4,1000,GreedyColor+turn,0,0
5,2,0.4,500,GreedyColor+turn,0,0
5,2,0.4,100,GreedyColor+turn,1,0
5,2,0.4,1000,GreedyColor+turn,0,0
5,2,0.4,500,GreedyColor+turn,0,0
5,2,0.4,100,GreedyColor+turn,4,2
5,2,0.2,1000,GreedyColor+turn,0,0
5,2,0.2,500,GreedyColor+turn,0,0
5,2,0.2,100,GreedyColor+turn,0,0
5,2,0.2,1000,GreedyColor+turn,0,0
5,2,0.2,500,GreedyColor+turn,1,0
5,2,0.2,100,GreedyColor+turn,0,1
20,10,0.8,1000,GreedyColor+turn,112,11
20,10,0.8,500,GreedyColor+turn,179,11
20,10,0.8,100,GreedyColor+turn,189,11
20,2,0.8,1000,GreedyColor+turn,181,16
20,2,0.8,500,GreedyColor+turn,125,14
20,2,0.8,100,GreedyColor+turn,181,12
20,10,0.6,1000,GreedyColor+turn,186,9
20,10,0.6,500,GreedyColor+turn,97,10
20,10,0.6,100,GreedyColor+turn,133,11
20,2,0.6,1000,GreedyColor+turn,156,15
20,2,0.6,500,GreedyColor+turn,150,14
20,2,0.6,100,GreedyColor+turn,176,14
20,10,0.4,1000,GreedyColor+turn,72,12
20,10,0.4,500,GreedyColor+turn,83,10
20,10,0.4,100,GreedyColor+turn,86,11
20,2,0.4,1000,GreedyColor+turn,115,14
20,2,0.4,500,GreedyColor+turn,74,14
20,2,0.4,100,GreedyColor+turn,81,13
20,10,0.2,1000,GreedyColor+turn,23,11
20,10,0.2,500,GreedyColor+turn,27,11
20,10,0.2,100,GreedyColor+turn,52,13
20,2,0.2,1000,GreedyColor+turn,15,11
20,2,0.2,500,GreedyColor+turn,24,8
20,2,0.2,100,GreedyColor+turn,31,7
8,4,0.8,1000,GreedyColor+turn,7,3
8,4,0.8,500,GreedyColor+turn,11,3
8,4,0.8,100,GreedyColor+turn,21,3
8,2,0.8,1000,GreedyColor+turn,28,4
8,2,0.8,500,GreedyColor+turn,19,4
8,2,0.8,100,GreedyColor+turn,19,5
8,4,0.6,1000,GreedyColor+turn,26,3
8,4,0.6,500,GreedyColor+turn,19,5
8,4,0.6,100,GreedyColor+turn,19,2
8,2,0.6,1000,GreedyColor+turn,0,3
8,2,0.6,500,GreedyColor+turn,4,3
8,2,0.6,100,GreedyColor+turn,0,3
8,4,0.4,1000,GreedyColor+turn,0,0
8,4,0.4,500,GreedyColor+turn,0,2
8,4,0.4,100,GreedyColor+turn,4,4
8,2,0.4,1000,GreedyColor+turn,5,3
8,2,0.4,500,GreedyColor+turn,10,4
8,2,0.4,100,GreedyColor+turn,8,2
8,4,0.2,1000,GreedyColor+turn,0,1
8,4,0.2,500,GreedyColor+turn,2,1
8,4,0.2,100,GreedyColor+turn,0,1
8,2,0.2,1000,GreedyColor+turn,2,2
8,2,0.2,500,GreedyColor+turn,5,3
8,2,0.2,100,GreedyColor+turn,5,4
5,2,0.8,1000,GreedyColor+turn,0,0
5,2,0.8,500,GreedyColor+turn,0,0
5,2,0.8,100,GreedyColor+turn,5,2
5,2,0.8,1000,GreedyColor+turn,12,2
5,2,0.8,500,GreedyColor+turn,11,2
5,2,0.8,100,GreedyColor+turn,12,2
5,2,0.6,1000,GreedyColor+turn,8,2
5,2,0.6,500,GreedyColor+turn,13,2
5,2,0.6,100,GreedyColor+turn,8,1
5,2,0.6,1000,GreedyColor+turn,6,3
5,2,0.6,500,GreedyColor+turn,6,3
5,2,0.6,100,GreedyColor+turn,3,2
5,2,0.4,1000,GreedyColor+turn,0,0
5,2,0.4,500,GreedyColor+turn,0,0
5,2,0.4,100,GreedyColor+turn,0,2
5,2,0.4,1000,GreedyColor+turn,2,1
5,2,0.4,500,GreedyColor+turn,0,0
5,2,0.4,100,GreedyColor+turn,2,2
5,2,0.2,1000,GreedyColor+turn,0,0
5,2,0.2,500,GreedyColor+turn,0,1
5,2,0.2,100,GreedyColor+turn,1,2
5,2,0.2,1000,GreedyColor+turn,0,0
5,2,0.2,500,GreedyColor+turn,0,0
5,2,0.2,100,GreedyColor+turn,0,2
20,10,0.8,1000,GreedyColor+turn,98,11
20,10,0.8,500,GreedyColor+turn,178,9
20,10,0.8,100,GreedyColor+turn,185,10
20,2,0.8,1000,GreedyColor+turn,183,15
20,2,0.8,500,GreedyColor+turn,143,16
20,2,0.8,100,GreedyColor+turn,180,14
20,10,0.6,1000,GreedyColor+turn,155,11
20,10,0.6,500,GreedyColor+turn,86,8
20,10,0.6,100,GreedyColor+turn,163,11
20,2,0.6,1000,GreedyColor+turn,165,16
20,2,0.6,500,GreedyColor+turn,102,14
20,2,0.6,100,GreedyColor+turn,98,8
20,10,0.4,1000,GreedyColor+turn,97,10
20,10,0.4,500,GreedyColor+turn,60,10
20,10,0.4,100,GreedyColor+turn,96,12
20,2,0.4,1000,GreedyColor+turn,123,16
20,2,0.4,500,GreedyColor+turn,130,15
20,2,0.4,100,GreedyColor+turn,116,15
20,10,0.2,1000,GreedyColor+turn,9,8
20,10,0.2,500,GreedyColor+turn,29,11
20,10,0.2,100,GreedyColor+turn,28,11
20,2,0.2,1000,GreedyColor+turn,17,5
20,2,0.2,500,GreedyColor+turn,20,10
20,2,0.2,100,GreedyColor+turn,25,10
8,4,0.8,1000,GreedyColor+turn,17,3
8,4,0.8,500,GreedyColor+turn,13,2
8,4,0.8,100,GreedyColor+turn,14,4
8,2,0.8,1000,GreedyColor+turn,13,5
8,2,0.8,500,GreedyColor+turn,16,5
8,2,0.8,100,GreedyColor+turn,19,4
8,4,0.6,1000,GreedyColor+turn,16,4
8,4,0.6,500,GreedyColor+turn,15,3
8,4,0.6,100,GreedyColor+turn,20,3
8,2,0.6,1000,GreedyColor+turn,9,5
8,2,0.6,500,GreedyColor+turn,13,4
8,2,0.6,100,GreedyColor+turn,1,0
8,4,0.4,1000,GreedyColor+turn,1,0
8,4,0.4,500,GreedyColor+turn,0,0
8,4,0.4,100,GreedyColor+turn,6,0
8,2,0.4,1000,GreedyColor+turn,1,3
8,2,0.4,500,GreedyColor+turn,3,4
8,2,0.4,100,GreedyColor+turn,3,4
8,4,0.2,1000,GreedyColor+turn,2,2
8,4,0.2,500,GreedyColor+turn,2,2
8,4,0.2,100,GreedyColor+turn,4,3
8,2,0.2,1000,GreedyColor+turn,1,3
8,2,0.2,500,GreedyColor+turn,4,4
8,2,0.2,100,GreedyColor+turn,1,2
5,2,0.8,1000,GreedyColor+turn,0,0
5,2,0.8,500,GreedyColor+turn,6,1
5,2,0.8,100,GreedyColor+turn,12,2
5,2,0.8,1000,GreedyColor+turn,2,2
5,2,0.8,500,GreedyColor+turn,2,0
5,2,0.8,100,GreedyColor+turn,3,0
5,2,0.6,1000,GreedyColor+turn,0,0
5,2,0.6,500,GreedyColor+turn,2,0
5,2,0.6,100,GreedyColor+turn,0,0
5,2,0.6,1000,GreedyColor+turn,0,0
5,2,0.6,500,GreedyColor+turn,0,0
5,2,0.6,100,GreedyColor+turn,0,2
5,2,0.4,1000,GreedyColor+turn,0,0
5,2,0.4,500,GreedyColor+turn,0,2
5,2,0.4,100,GreedyColor+turn,0,0
5,2,0.4,1000,GreedyColor+turn,0,0
5,2,0.4,500,GreedyColor+turn,0,0
5,2,0.4,100,GreedyColor+turn,0,0
5,2,0.2,1000,GreedyColor+turn,0,0
5,2,0.2,500,GreedyColor+turn,0,0
5,2,0.2,100,GreedyColor+turn,0,0
5,2,0.2,1000,GreedyColor+turn,0,1
5,2,0.2,500,GreedyColor+turn,0,1
5,2,0.2,100,GreedyColor+turn,1,1
20,10,0.8,1000,GreedyColor+turn,139,10
20,10,0.8,500,GreedyColor+turn,119,12
20,10,0.8,100,GreedyColor+turn,173,10
20,2,0.8,1000,GreedyColor+turn,106,15
20,2,0.8,500,GreedyColor+turn,140,15
20,2,0.8,100,GreedyColor+turn,217,15
20,10,0.6,1000,GreedyColor+turn,94,12
20,10,0.6,500,GreedyColor+turn,156,10
20,10,0.6,100,GreedyColor+turn,142,10
20,2,0.6,1000,GreedyColor+turn,146,15
20,2,0.6,500,GreedyColor+turn,138,14
20,2,0.6,100,GreedyColor+turn,172,13
20,10,0.4,1000,GreedyColor+turn,101,9
20,10,0.4,500,GreedyColor+turn,130,10
20,10,0.4,100,GreedyColor+turn,94,12
20,2,0.4,1000,GreedyColor+turn,90,15
20,2,0.4,500,GreedyColor+turn,87,15
20,2,0.4,100,GreedyColor+turn,117,15
20,10,0.2,1000,GreedyColor+turn,41,8
20,10,0.2,500,GreedyColor+turn,26,9
20,10,0.2,100,GreedyColor+turn,39,12
20,2,0.2,1000,GreedyColor+turn,4,4
20,2,0.2,500,GreedyColor+turn,7,2
20,2,0.2,100,GreedyColor+turn,12,4
8,4,0.8,1000,GreedyColor+turn,16,3
8,4,0.8,500,GreedyColor+turn,20,3
8,4,0.8,100,GreedyColor+turn,26,4
8,2,0.8,1000,GreedyColor+turn,15,3
8,2,0.8,500,GreedyColor+turn,14,5
8,2,0.8,100,GreedyColor+turn,18,4
8,4,0.6,1000,GreedyColor+turn,13,3
8,4,0.6,500,GreedyColor+turn,15,2
8,4,0.6,100,GreedyColor+turn,18,3
8,2,0.6,1000,GreedyColor+turn,2,2
8,2,0.6,500,GreedyColor+turn,7,2
8,2,0.6,100,GreedyColor+turn,11,3
8,4,0.4,1000,GreedyColor+turn,9,2
8,4,0.4,500,GreedyColor+turn,6,2
8,4,0.4,100,GreedyColor+turn,5,5
8,2,0.4,1000,GreedyColor+turn,8,3
8,2,0.4,500,GreedyColor+turn,5,3
8,2,0.4,100,GreedyColor+turn,6,2
8,4,0.2,1000,GreedyColor+turn,2,2
8,4,0.2,500,GreedyColor+turn,1,1
8,4,0.2,100,GreedyColor+turn,3,3
8,2,0.2,1000,GreedyColor+turn,0,3
8,2,0.2,500,GreedyColor+turn,0,1
8,2,0.2,100,GreedyColor+turn,1,3
5,2,0.8,1000,GreedyColor+turn,10,2
5,2,0.8,500,GreedyColor+turn,11,2
5,2,0.8,100,GreedyColor+turn,11,2
5,2,0.8,1000,GreedyColor+turn,8,2
5,2,0.8,500,GreedyColor+turn,4,2
5,2,0.8,100,GreedyColor+turn,0,0
5,2,0.6,1000,GreedyColor+turn,1,2
5,2,0.6,500,GreedyColor+turn,1,2
5,2,0.6,100,GreedyColor+turn,0,0
5,2,0.6,1000,GreedyColor+turn,0,0
5,2,0.6,500,GreedyColor+turn,0,0
5,2,0.6,100,GreedyColor+turn,4,0
5,2,0.4,1000,GreedyColor+turn,0,2
5,2,0.4,500,GreedyColor+turn,0,2
5,2,0.4,100,GreedyColor+turn,1,2
5,2,0.4,1000,GreedyColor+turn,1,0
5,2,0.4,500,GreedyColor+turn,0,0
5,2,0.4,100,GreedyColor+turn,0,0
5,2,0.2,1000,GreedyColor+turn,0,0
5,2,0.2,500,GreedyColor+turn,0,0
5,2,0.2,100,GreedyColor+turn,2,0
5,2,0.2,1000,GreedyColor+turn,0,2
5,2,0.2,500,GreedyColor+turn,0,2
5,2,0.2,100,GreedyColor+turn,0,2
20,10,0.8,1000,GreedyColor+turn,155,11
20,10,0.8,500,GreedyColor+turn,193,10
20,10,0.8,100,GreedyColor+turn,180,9
20,2,0.8,1000,GreedyColor+turn,136,16
20,2,0.8,500,GreedyColor+turn,200,16
20,2,0.8,100,GreedyColor+turn,177,14
20,10,0.6,1000,GreedyColor+turn,98,10
20,10,0.6,500,GreedyColor+turn,140,11
20,10,0.6,100,GreedyColor+turn,141,7
20,2,0.6,1000,GreedyColor+turn,167,16
20,2,0.6,500,GreedyColor+turn,80,13
20,2,0.6,100,GreedyColor+turn,142,15
20,10,0.4,1000,GreedyColor+turn,72,10
20,10,0.4,500,GreedyColor+turn,61,12
20,10,0.4,100,GreedyColor+turn,50,14
20,2,0.4,1000,GreedyColor+turn,55,13
20,2,0.4,500,GreedyColor+turn,82,13
20,2,0.4,100,GreedyColor+turn,130,15
20,10,0.2,1000,GreedyColor+turn,22,9
20,10,0.2,500,GreedyColor+turn,12,9
20,10,0.2,100,GreedyColor+turn,31,12
20,2,0.2,1000,GreedyColor+turn,14,8
20,2,0.2,500,GreedyColor+turn,26,8
20,2,0.2,100,GreedyColor+turn,14,8
8,4,0.8,1000,GreedyColor+turn,31,4
8,4,0.8,500,GreedyColor+turn,24,2
8,4,0.8,100,GreedyColor+turn,19,2
8,2,0.8,1000,GreedyColor+turn,18,3
8,2,0.8,500,GreedyColor+turn,13,4
8,2,0.8,100,GreedyColor+turn,22,5
8,4,0.6,1000,GreedyColor+turn,12,4
8,4,0.6,500,GreedyColor+turn,11,4
8,4,0.6,100,GreedyColor+turn,25,4
8,2,0.6,1000,GreedyColor+turn,0,3
8,2,0.6,500,GreedyColor+turn,0,3
8,2,0.6,100,GreedyColor+turn,6,4
8,4,0.4,1000,GreedyColor+turn,12,2
8,4,0.4,500,GreedyColor+turn,11,2
8,4,0.4,100,GreedyColor+turn,9,2
8,2,0.4,1000,GreedyColor+turn,0,0
8,2,0.4,500,GreedyColor+turn,4,1
8,2,0.4,100,GreedyColor+turn,2,2
8,4,0.2,1000,GreedyColor+turn,0,1
8,4,0.2,500,GreedyColor+turn,0,1
8,4,0.2,100,GreedyColor+turn,0,3
8,2,0.2,1000,GreedyColor+turn,0,0
8,2,0.2,500,GreedyColor+turn,0,1
8,2,0.2,100,GreedyColor+turn,3,0
5,2,0.8,1000,GreedyColor+turn,0,0
5,2,0.8,500,GreedyColor+turn,0,2
5,2,0.8,100,GreedyColor+turn,0,0
5,2,0.8,1000,GreedyColor+turn,0,1
5,2,0.8,500,GreedyColor+turn,2,2
5,2,0.8,100,GreedyColor+turn,1,1
5,2,0.6,1000,GreedyColor+turn,0,0
5,2,0.6,500,GreedyColor+turn,6,2
5,2,0.6,100,GreedyColor+turn,0,2
5,2,0.6,1000,GreedyColor+turn,1,1
5,2,0.6,500,GreedyColor+turn,5,2
5,2,0.6,100,GreedyColor+turn,5,1
5,2,0.4,1000,GreedyColor+turn,0,0
5,2,0.4,500,GreedyColor+turn,0,0
5,2,0.4,100,GreedyColor+turn,6,2
5,2,0.4,1000,GreedyColor+turn,10,3
5,2,0.4,500,GreedyColor+turn,10,2
5,2,0.4,100,GreedyColor+turn,7,3
5,2,0.2,1000,GreedyColor+turn,0,1
5,2,0.2,500,GreedyColor+turn,0,2
5,2,0.2,100,GreedyColor+turn,1,1
5,2,0.2,1000,GreedyColor+turn,2,2
5,2,0.2,500,GreedyColor+turn,0,2
5,2,0.2,100,GreedyColor+turn,1,2
20,10,0.8,1000,GreedyColor+turn,167,11
20,10,0.8,500,GreedyColor+turn,101,11
20,10,0.8,100,GreedyColor+turn,150,11
20,2,0.8,1000,GreedyColor+turn,108,12
20,2,0.8,500,GreedyColor+turn,147,16
20,2,0.8,100,GreedyColor+turn,179,14
20,10,0.6,1000,GreedyColor+turn,140,11
20,10,0.6,500,GreedyColor+turn,127,7
20,10,0.6,100,GreedyColor+turn,155,13
20,2,0.6,1000,GreedyColor+turn,162,14
20,2,0.6,500,GreedyColor+turn,99,14
20,2,0.6,100,GreedyColor+turn,147,14
20,10,0.4,1000,GreedyColor+turn,139,11
20,10,0.4,500,GreedyColor+turn,128,11
20,10,0.4,100,GreedyColor+turn,137,12
20,2,0.4,1000,GreedyColor+turn,95,14
20,2,0.4,500,GreedyColor+turn,46,7
20,2,0.4,100,GreedyColor+turn,53,14
20,10,0.2,1000,GreedyColor+turn,20,11
20,10,0.2,500,GreedyColor+turn,27,11
20,10,0.2,100,GreedyColor+turn,25,11
20,2,0.2,1000,GreedyColor+turn,10,5
20,2,0.2,500,GreedyColor+turn,28,8
20,2,0.2,100,GreedyColor+turn,22,1
8,4,0.8,1000,GreedyColor+turn,11,4
8,4,0.8,500,GreedyColor+turn,23,3
8,4,0.8,100,GreedyColor+turn,28,3
8,2,0.8,1000,GreedyColor+turn,26,5
8,2,0.8,500,GreedyColor+turn,12,3
8,2,0.8,100,GreedyColor+turn,21,2
8,4,0.6,1000,GreedyColor+turn,7,4
8,4,0.6,500,GreedyColor+turn,5,3
8,4,0.6,100,GreedyColor+turn,0,2
8,2,0.6,1000,GreedyColor+turn,15,4
8,2,0.6,500,GreedyColor+turn,11,3
8,2,0.6,100,GreedyColor+turn,11,4
8,4,0.4,1000,GreedyColor+turn,15,3
8,4,0.4,500,GreedyColor+turn,3,2
8,4,0.4,100,GreedyColor+turn,5,4
8,2,0.4,1000,GreedyColor+turn,17,4
8,2,0.4,500,GreedyColor+turn,14,4
8,2,0.4,100,GreedyColor+turn,0,0
8,4,0.2,1000,GreedyColor+turn,1,2
8,4,0.2,500,GreedyColor+turn,0,3
8,4,0.2,100,GreedyColor+turn,0,2
8,2,0.2,1000,GreedyColor+turn,0,0
8,2,0.2,500,GreedyColor+turn,6,3
8,2,0.2,100,GreedyColor+turn,6,4
5,2,0.8,1000,GreedyColor+turn,0,0
5,2,0.8,500,GreedyColor+turn,5,0
5,2,0.8,100,GreedyColor+turn,4,0
5,2,0.8,1000,GreedyColor+turn,0,0
5,2,0.8,500,GreedyColor+turn,11,2
5,2,0.8,100,GreedyColor+turn,9,1
5,2,0.6,1000,GreedyColor+turn,0,0
5,2,0.6,500,GreedyColor+turn,4,0
5,2,0.6,100,GreedyColor+turn,4,1
5,2,0.6,1000,GreedyColor+turn,0,2
5,2,0.6,500,GreedyColor+turn,0,2
5,2,0.6,100,GreedyColor+turn,1,2
5,2,0.4,1000,GreedyColor+turn,0,0
5,2,0.4,500,GreedyColor+turn,0,0
5,2,0.4,100,GreedyColor+turn,1,0
5,2,0.4,1000,GreedyColor+turn,4,1
5,2,0.4,500,GreedyColor+turn,4,1
5,2,0.4,100,GreedyColor+turn,7,1
5,2,0.2,1000,GreedyColor+turn,1,0
5,2,0.2,500,GreedyColor+turn,0,0
5,2,0.2,100,GreedyColor+turn,0,0
5,2,0.2,1000,GreedyColor+turn,0,0
5,2,0.2,500,GreedyColor+turn,0,0
5,2,0.2,100,GreedyColor+turn,0,1
20,10,0.8,1000,GreedyColor+turn,163,13
20,10,0.8,500,GreedyColor+turn,157,13
20,10,0.8,100,GreedyColor+turn,144,12
20,2,0.8,1000,GreedyColor+turn,178,17
20,2,0.8,500,GreedyColor+turn,142,16
20,2,0.8,100,GreedyColor+turn,171,15
20,10,0.6,1000,GreedyColor+turn,154,11
20,10,0.6,500,GreedyColor+turn,162,9
20,10,0.6,100,GreedyColor+turn,137,10
20,2,0.6,1000,GreedyColor+turn,165,16
20,2,0.6,500,GreedyColor+turn,183,16
20,2,0.6,100,GreedyColor+turn,141,15
20,10,0.4,1000,GreedyColor+turn,52,6
20,10,0.4,500,GreedyColor+turn,104,10
20,10,0.4,100,GreedyColor+turn,82,11
20,2,0.4,1000,GreedyColor+turn,78,14
20,2,0.4,500,GreedyColor+turn,106,14
20,2,0.4,100,GreedyColor+turn,126,15
20,10,0.2,1000,GreedyColor+turn,5,7
20,10,0.2,500,GreedyColor+turn,9,8
20,10,0.2,100,GreedyColor+turn,22,11
20,2,0.2,1000,GreedyColor+turn,11,6
20,2,0.2,500,GreedyColor+turn,1,4
20,2,0.2,100,GreedyColor+turn,26,7
8,4,0.8,1000,GreedyColor+turn,9,5
8,4,0.8,500,GreedyColor+turn,12,4
8,4,0.8,100,GreedyColor+turn,11,4
8,2,0.8,1000,GreedyColor+turn,4,2
8,2,0.8,500,GreedyColor+turn,3,0
8,2,0.8,100,GreedyColor+turn,13,5
8,4,0.6,1000,GreedyColor+turn,0,3
8,4,0.6,500,GreedyColor+turn,1,5
8,4,0.6,100,GreedyColor+turn,1,4
8,2,0.6,1000,GreedyColor+turn,8,3
8,2,0.6,500,GreedyColor+turn,8,3
8,2,0.6,100,GreedyColor+turn,18,5
8,4,0.4,1000,GreedyColor+turn,3,3
8,4,0.4,500,GreedyColor+turn,13,3
8,4,0.4,100,GreedyColor+turn,7,3
8,2,0.4,1000,GreedyColor+turn,5,3
8,2,0.4,500,GreedyColor+turn,4,2
8,2,0.4,100,GreedyColor+turn,0,1
8,4,0.2,1000,GreedyColor+turn,2,3
8,4,0.2,500,GreedyColor+turn,2,3
8,4,0.2,100,GreedyColor+turn,5,3
8,2,0.2,1000,GreedyColor+turn,0,0
8,2,0.2,500,GreedyColor+turn,0,0
8,2,0.2,100,GreedyColor+turn,4,0
5,2,0.8,1000,GreedyColor+turn,9,2
5,2,0.8,500,GreedyColor+turn,0,0
5,2,0.8,100,GreedyColor+turn,13,1
5,2,0.8,1000,GreedyColor+turn,2,2
5,2,0.8,500,GreedyColor+turn,3,2
5,2,0.8,100,GreedyColor+turn,4,1
5,2,0.6,1000,GreedyColor+turn,0,0
5,2,0.6,500,GreedyColor+turn,0,1
5,2,0.6,100,GreedyColor+turn,0,2
5,2,0.6,1000,GreedyColor+turn,0,0
5,2,0.6,500,GreedyColor+turn,2,1
5,2,0.6,100,GreedyColor+turn,11,0
5,2,0.4,1000,GreedyColor+turn,0,0
5,2,0.4,500,GreedyColor+turn,0,0
5,2,0.4,100,GreedyColor+turn,3,2
5,2,0.4,1000,GreedyColor+turn,4,0
5,2,0.4,500,GreedyColor+turn,5,0
5,2,0.4,100,GreedyColor+turn,0,0
5,2,0.2,1000,GreedyColor+turn,1,0
5,2,0.2,500,GreedyColor+turn,0,0
5,2,0.2,100,GreedyColor+turn,2,2
5,2,0.2,1000,GreedyColor+turn,0,0
5,2,0.2,500,GreedyColor+turn,0,0
5,2,0.2,100,GreedyColor+turn,0,2
20,10,0.8,1000,GreedyColor+turn,128,11
20,10,0.8,500,GreedyColor+turn,171,10
20,10,0.8,100,GreedyColor+turn,177,11
20,2,0.8,1000,GreedyColor+turn,187,16
20,2,0.8,500,GreedyColor+turn,183,15
20,2,0.8,100,GreedyColor+turn,180,15
20,10,0.6,1000,GreedyColor+turn,165,12
20,10,0.6,500,GreedyColor+turn,130,12
20,10,0.6,100,GreedyColor+turn,168,11
20,2,0.6,1000,GreedyColor+turn,152,14
20,2,0.6,500,GreedyColor+turn,161,15
20,2,0.6,100,GreedyColor+turn,162,13
20,10,0.4,1000,GreedyColor+turn,47,11
20,10,0.4,500,GreedyColor+turn,49,11
20,10,0.4,100,GreedyColor+turn,80,12
20,2,0.4,1000,GreedyColor+turn,123,14
20,2,0.4,500,GreedyColor+turn,152,16
20,2,0.4,100,GreedyColor+turn,102,12
20,10,0.2,1000,GreedyColor+turn,35,11
20,10,0.2,500,GreedyColor+turn,40,10
20,10,0.2,100,GreedyColor+turn,23,11
20,2,0.2,1000,GreedyColor+turn,34,10
20,2,0.2,500,GreedyColor+turn,44,12
20,2,0.2,100,GreedyColor+turn,73,13
8,4,0.8,1000,GreedyColor+turn,14,3
8,4,0.8,500,GreedyColor+turn,10,2
8,4,0.8,100,GreedyColor+turn,19,4
8,2,0.8,1000,GreedyColor+turn,9,3
8,2,0.8,500,GreedyColor+turn,12,3
8,2,0.8,100,GreedyColor+turn,14,4
8,4,0.6,1000,GreedyColor+turn,0,3
8,4,0.6,500,GreedyColor+turn,7,4
8,4,0.6,100,GreedyColor+turn,26,4
8,2,0.6,1000,GreedyColor+turn,5,4
8,2,0.6,500,GreedyColor+turn,9,4
8,2,0.6,100,GreedyColor+turn,0,0
8,4,0.4,1000,GreedyColor+turn,9,2
8,4,0.4,500,GreedyColor+turn,5,0
8,4,0.4,100,GreedyColor+turn,15,3
8,2,0.4,1000,GreedyColor+turn,3,0
8,2,0.4,500,GreedyColor+turn,5,3
8,2,0.4,100,GreedyColor+turn,11,4
8,4,0.2,1000,GreedyColor+turn,0,0
8,4,0.2,500,GreedyColor+turn,3,1
8,4,0.2,100,GreedyColor+turn,4,3
8,2,0.2,1000,GreedyColor+turn,0,0
8,2,0.2,500,GreedyColor+turn,5,2
8,2,0.2,100,GreedyColor+turn,3,0
5,2,0.8,1000,GreedyColor+turn,2,2
5,2,0.8,500,GreedyColor+turn,2,2
5,2,0.8,100,GreedyColor+turn,9,2
5,2,0.8,1000,GreedyColor+turn,13,3
5,2,0.8,500,GreedyColor+turn,2,2
5,2,0.8,100,GreedyColor+turn,8,2
5,2,0.6,1000,GreedyColor+turn,0,0
5,2,0.6,500,GreedyColor+turn,3,2
5,2,0.6,100,GreedyColor+turn,7,2
5,2,0.6,1000,GreedyColor+turn,0,0
5,2,0.6,500,GreedyColor+turn,0,0
5,2,0.6,100,GreedyColor+turn,1,0
5,2,0.4,1000,GreedyColor+turn,0,0
5,2,0.4,500,GreedyColor+turn,2,0
5,2,0.4,100,GreedyColor+turn,0,0
5,2,0.4,1000,GreedyColor+turn,0,0
5,2,0.4,500,GreedyColor+turn,1,2
5,2,0.4,100,GreedyColor+turn,6,2
5,2,0.2,1000,GreedyColor+turn,1,1
5,2,0.2,500,GreedyColor+turn,3,2
5,2,0.2,100,GreedyColor+turn,4,2
5,2,0.2,1000,GreedyColor+turn,0,0
5,2,0.2,500,GreedyColor+turn,0,0
5,2,0.2,100,GreedyColor+turn,0,0
20,10,0.8,1000,GreedyColor+turn,161,11
20,10,0.8,500,GreedyColor+turn,151,9
20,10,0.8,100,GreedyColor+turn,176,9
20,2,0.8,1000,GreedyColor+turn,110,14
20,2,0.8,500,GreedyColor+turn,212,15
20,2,0.8,100,GreedyColor+turn,181,15
20,10,0.6,1000,GreedyColor+turn,185,10
20,10,0.6,500,GreedyColor+turn,101,10
20,10,0.6,100,GreedyColor+turn,132,10
20,2,0.6,1000,GreedyColor+turn,192,16
20,2,0.6,500,GreedyColor+turn,158,16
20,2,0.6,100,GreedyColor+turn,167,16
20,10,0.4,1000,GreedyColor+turn,83,11
20,10,0.4,500,GreedyColor+turn,60,8
20,10,0.4,100,GreedyColor+turn,47,12
20,2,0.4,1000,GreedyColor+turn,80,15
20,2,0.4,500,GreedyColor+turn,53,11
20,2,0.4,100,GreedyColor+turn,96,13
20,10,0.2,1000,GreedyColor+turn,14,9
20,10,0.2,500,GreedyColor+turn,12,9
20,10,0.2,100,GreedyColor+turn,26,13
20,2,0.2,1000,GreedyColor+turn,45,9
20,2,0.2,500,GreedyColor+turn,10,4
20,2,0.2,100,GreedyColor+turn,41,10
8,4,0.8,1000,GreedyColor+turn,9,4
8,4,0.8,500,GreedyColor+turn,21,3
8,4,0.8,100,GreedyColor+turn,27,4
8,2,0.8,1000,GreedyColor+turn,14,5
8,2,0.8,500,GreedyColor+turn,16,3
8,2,0.8,100,GreedyColor+turn,5,3
8,4,0.6,1000,GreedyColor+turn,8,5
8,4,0.6,500,GreedyColor+turn,14,4
8,4,0.6,100,GreedyColor+turn,18,3
8,2,0.6,1000,GreedyColor+turn,2,2
8,2,0.6,500,GreedyColor+turn,10,4
8,2,0.6,100,GreedyColor+turn,10,3
8,4,0.4,1000,GreedyColor+turn,0,0
8,4,0.4,500,GreedyColor+turn,15,1
8,4,0.4,100,GreedyColor+turn,6,1
8,2,0.4,1000,GreedyColor+turn,0,0
8,2,0.4,500,GreedyColor+turn,1,0
8,2,0.4,100,GreedyColor+turn,4,0
8,4,0.2,1000,GreedyColor+turn,6,2
8,4,0.2,500,GreedyColor+turn,1,2
8,4,0.2,100,GreedyColor+turn,1,4
8,2,0.2,1000,GreedyColor+turn,0,0
8,2,0.2,500,GreedyColor+turn,0,0
8,2,0.2,100,GreedyColor+turn,0,2
5,2,0.8,1000,GreedyColor+turn,3,2
5,2,0.8,500,GreedyColor+turn,1,1
5,2,0.8,100,GreedyColor+turn,5,2
5,2,0.8,1000,GreedyColor+turn,1,1
5,2,0.8,500,GreedyColor+turn,3,1
5,2,0.8,100,GreedyColor+turn,3,0
5,2,0.6,1000,GreedyColor+turn,0,2
5,2,0.6,500,GreedyColor+turn,5,2
5,2,0.6,100,GreedyColor+turn,6,0
5,2,0.6,1000,GreedyColor+turn,4,1
5,2,0.6,500,GreedyColor+turn,5,1
5,2,0.6,100,GreedyColor+turn,0,2
5,2,0.4,1000,GreedyColor+turn,0,0
5,2,0.4,500,GreedyColor+turn,2,1
5,2,0.4,100,GreedyColor+turn,0,2
5,2,0.4,1000,GreedyColor+turn,0,0
5,2,0.4,500,GreedyColor+turn,2,1
5,2,0.4,100,GreedyColor+turn,3,0
5,2,0.2,1000,GreedyColor+turn,0,0
5,2,0.2,500,GreedyColor+turn,0,0
5,2,0.2,100,GreedyColor+turn,0,0
5,2,0.2,1000,GreedyColor+turn,0,0
5,2,0.2,500,GreedyColor+turn,0,2
5,2,0.2,100,GreedyColor+turn,0,0
20,10,0.8,1000,GreedyColor+turn,179,12
20,10,0.8,500,GreedyColor+turn,161,12
20,10,0.8,100,GreedyColor+turn,139,10
20,2,0.8,1000,GreedyColor+turn,161,16
20,2,0.8,500,GreedyColor+turn,173,16
20,2,0.8,100,GreedyColor+turn,192,15
20,10,0.6,1000,GreedyColor+turn,118,9
20,10,0.6,500,GreedyColor+turn,82,11
20,10,0.6,100,GreedyColor+turn,160,12
20,2,0.6,1000,GreedyColor+turn,90,14
20,2,0.6,500,GreedyColor+turn,108,15
20,2,0.6,100,GreedyColor+turn,126,9
20,10,0.4,1000,GreedyColor+turn,144,10
20,10,0.4,500,GreedyColor+turn,115,11
20,10,0.4,100,GreedyColor+turn,137,11
20,2,0.4,1000,GreedyColor+turn,75,13
20,2,0.4,500,GreedyColor+turn,51,14
20,2,0.4,100,GreedyColor+turn,92,15
20,10,0.2,1000,GreedyColor+turn,73,12
20,10,0.2,500,GreedyColor+turn,53,11
20,10,0.2,100,GreedyColor+turn,49,11
20,2,0.2,1000,GreedyColor+turn,13,6
20,2,0.2,500,GreedyColor+turn,17,7
20,2,0.2,100,GreedyColor+turn,44,10
8,4,0.8,1000,GreedyColor+turn,35,3
8,4,0.8,500,GreedyColor+turn,25,3
8,4,0.8,100,GreedyColor+turn,28,4
8,2,0.8,1000,GreedyColor+turn,16,5
8,2,0.8,500,GreedyColor+turn,16,5
8,2,0.8,100,GreedyColor+turn,17,4
8,4,0.6,1000,GreedyColor+turn,14,5
8,4,0.6,500,GreedyColor+turn,14,4
8,4,0.6,100,GreedyColor+turn,14,2
8,2,0.6,1000,GreedyColor+turn,2,2
8,2,0.6,500,GreedyColor+turn,17,4
8,2,0.6,100,GreedyColor+turn,17,4
8,4,0.4,1000,GreedyColor+turn,2,3
8,4,0.4,500,GreedyColor+turn,0,2
8,4,0.4,100,GreedyColor+turn,3,3
8,2,0.4,1000,GreedyColor+turn,11,5
8,2,0.4,500,GreedyColor+turn,5,3
8,2,0.4,100,GreedyColor+turn,6,2
8,4,0.2,1000,GreedyColor+turn,2,2
8,4,0.2,500,GreedyColor+turn,0,0
8,4,0.2,100,GreedyColor+turn,2,2
8,2,0.2,1000,GreedyColor+turn,0,0
8,2,0.2,500,GreedyColor+turn,0,0
8,2,0.2,100,GreedyColor+turn,3,1
5,2,0.8,1000,GreedyColor+turn,4,0
5,2,0.8,500,GreedyColor+turn,3,1
5,2,0.8,100,GreedyColor+turn,8,2
5,2,0.8,1000,GreedyColor+turn,8,2
5,2,0.8,500,GreedyColor+turn,7,2
5,2,0.8,100,GreedyColor+turn,9,1
5,2,0.6,1000,GreedyColor+turn,0,2
5,2,0.6,500,GreedyColor+turn,2,2
5,2,0.6,100,GreedyColor+turn,7,1
5,2,0.6,1000,GreedyColor+turn,0,0
5,2,0.6,500,GreedyColor+turn,4,0
5,2,0.6,100,GreedyColor+turn,3,0
5,2,0.4,1000,GreedyColor+turn,0,0
5,2,0.4,500,GreedyColor+turn,0,0
5,2,0.4,100,GreedyColor+turn,2,0
5,2,0.4,1000,GreedyColor+turn,0,0
5,2,0.4,500,GreedyColor+turn,2,0
5,2,0.4,100,GreedyColor+turn,3,0
5,2,0.2,1000,GreedyColor+turn,0,1
5,2,0.2,500,GreedyColor+turn,0,1
5,2,0.2,100,GreedyColor+turn,2,2
5,2,0.2,1000,GreedyColor+turn,3,2
5,2,0.2,500,GreedyColor+turn,0,2
5,2,0.2,100,GreedyColor+turn,7,2
